date,time,players
09-20,01:00:00,60235
09-20,02:00:00,71150
09-20,03:00:00,75594
09-20,04:00:00,85153
09-20,05:00:00,98545
09-20,06:00:00,109230
09-20,07:00:00,115868
09-20,08:00:00,116039
09-20,09:00:00,113434
09-20,10:00:00,104254
09-20,11:00:00,128172
09-20,12:00:00,169697
09-20,13:00:00,195947
09-20,14:00:00,198218
09-20,15:00:00,190528
09-20,16:00:00,154682
09-20,17:00:00,120420
09-20,18:00:00,99317
09-20,19:00:00,83753
09-20,20:00:00,73401
09-20,21:00:00,65007
09-20,22:00:00,57594
09-20,23:00:00,51778
09-21,00:00:00,53214
09-21,01:00:00,62457
09-21,02:00:00,74234
09-21,03:00:00,80099
09-21,04:00:00,91721
09-21,05:00:00,109514
09-21,06:00:00,123501
09-21,07:00:00,129023
09-21,08:00:00,129823
09-21,09:00:00,125550
09-21,10:00:00,110773
09-21,11:00:00,140790
09-21,12:00:00,178108
09-21,13:00:00,200111
09-21,14:00:00,199935
09-21,15:00:00,172821
09-21,16:00:00,124485
09-21,17:00:00,96165
09-21,18:00:00,83678
09-21,19:00:00,75546
09-21,20:00:00,67876
09-21,21:00:00,55128
09-21,22:00:00,48373
09-21,23:00:00,43209
09-22,00:00:00,44286
09-22,01:00:00,47383
09-22,02:00:00,50739
09-22,03:00:00,50739
09-22,04:00:00,54378
09-22,05:00:00,54576
09-22,06:00:00,57280
09-22,07:00:00,62916
09-22,08:00:00,69064
09-22,09:00:00,69213
09-22,10:00:00,81347
09-22,11:00:00,115902
09-22,12:00:00,160733
09-22,13:00:00,187790
09-22,14:00:00,188047
09-22,15:00:00,168692
09-22,16:00:00,125006
09-22,17:00:00,95169
09-22,18:00:00,78717
09-22,19:00:00,69142
09-22,20:00:00,60417
09-22,21:00:00,52142
09-22,22:00:00,45627
09-22,23:00:00,43369
09-23,00:00:00,47324
09-23,01:00:00,53356
09-23,02:00:00,58394
09-23,03:00:00,60166
09-23,04:00:00,66782
09-23,05:00:00,70736
09-23,06:00:00,73300
09-23,07:00:00,77454
09-23,08:00:00,80868
09-23,09:00:00,80637
09-23,10:00:00,86376
09-23,11:00:00,121171
09-23,12:00:00,162622
09-23,13:00:00,183620
09-23,14:00:00,182953
09-23,15:00:00,156878
09-23,16:00:00,112326
09-23,17:00:00,86241
09-23,18:00:00,74699
09-23,19:00:00,66671
09-23,20:00:00,59594
09-23,21:00:00,51750
09-23,22:00:00,45132
09-23,23:00:00,37423
09-24,00:00:00,41050
09-24,01:00:00,46118
09-24,02:00:00,51073
09-24,03:00:00,51594
09-24,04:00:00,55745
09-24,05:00:00,60165
09-24,06:00:00,64831
09-24,07:00:00,71379
09-24,08:00:00,76513
09-24,09:00:00,76614
09-24,10:00:00,78339
09-24,11:00:00,111604
09-24,12:00:00,155783
09-24,13:00:00,179672
09-24,14:00:00,179457
09-24,15:00:00,154621
09-24,16:00:00,110135
09-24,17:00:00,83406
09-24,18:00:00,71784
09-24,19:00:00,64251
09-24,20:00:00,57328
09-24,21:00:00,50526
09-24,22:00:00,44311
09-24,23:00:00,40443
09-25,00:00:00,42721
09-25,01:00:00,46582
09-25,02:00:00,50202
09-25,03:00:00,50352
09-25,04:00:00,52395
09-25,05:00:00,53466
09-25,06:00:00,54989
09-25,07:00:00,59805
09-25,08:00:00,64301
09-25,09:00:00,64618
09-25,10:00:00,73485
09-25,11:00:00,100162
09-25,12:00:00,141761
09-25,13:00:00,165621
09-25,14:00:00,165810
09-25,15:00:00,147644
09-25,16:00:00,106216
09-25,17:00:00,79790
09-25,18:00:00,66326
09-25,19:00:00,59882
09-25,20:00:00,54370
09-25,21:00:00,47961
09-25,22:00:00,42205
09-25,23:00:00,39368
09-26,00:00:00,41725
09-26,01:00:00,45620
09-26,02:00:00,49124
09-26,03:00:00,49597
09-26,04:00:00,52595
09-26,05:00:00,53297
09-26,06:00:00,55137
09-26,07:00:00,59412
09-26,08:00:00,64216
09-26,09:00:00,64524
09-26,10:00:00,72881
09-26,11:00:00,102391
09-26,12:00:00,144015
09-26,13:00:00,174085
09-26,14:00:00,177478
09-26,15:00:00,169574
09-26,16:00:00,136740
09-26,17:00:00,106299
09-26,18:00:00,87254
09-26,19:00:00,73336
09-26,20:00:00,65384
09-26,21:00:00,58519
09-26,22:00:00,51841
09-26,23:00:00,46183
09-27,00:00:00,48231
09-27,01:00:00,56701
09-27,02:00:00,66697
09-27,03:00:00,71407
09-27,04:00:00,79261
09-27,05:00:00,90703
09-27,06:00:00,101129
09-27,07:00:00,107633
09-27,08:00:00,107990
09-27,09:00:00,105627
09-27,10:00:00,94498
09-27,11:00:00,120854
09-27,12:00:00,160016
09-27,13:00:00,185939
09-27,14:00:00,186134
09-27,15:00:00,173567
09-27,16:00:00,136758
09-27,17:00:00,108796
09-27,18:00:00,91463
09-27,19:00:00,79247
09-27,20:00:00,70331
09-27,21:00:00,63463
09-27,22:00:00,56224
09-27,23:00:00,50276
09-28,00:00:00,48933
09-28,01:00:00,55884
09-28,02:00:00,63712
09-28,03:00:00,67517
09-28,04:00:00,76208
09-28,05:00:00,82821
09-28,06:00:00,89706
09-28,07:00:00,94394
09-28,08:00:00,96169
09-28,09:00:00,95570
09-28,10:00:00,94926
09-28,11:00:00,125827
09-28,12:00:00,164080
09-28,13:00:00,182531
09-28,14:00:00,182165
09-28,15:00:00,161350
09-28,16:00:00,119732
09-28,17:00:00,93689
09-28,18:00:00,80741
09-28,19:00:00,73423
09-28,20:00:00,66439
09-28,21:00:00,58710
09-28,22:00:00,51043
09-28,23:00:00,45043
09-29,00:00:00,45095
09-29,01:00:00,48603
09-29,02:00:00,51107
09-29,03:00:00,51207
09-29,04:00:00,53471
09-29,05:00:00,54438
09-29,06:00:00,57677
09-29,07:00:00,61823
09-29,08:00:00,65741
09-29,09:00:00,65844
09-29,10:00:00,71864
09-29,11:00:00,101143
09-29,12:00:00,138912
09-29,13:00:00,159638
09-29,14:00:00,159426
09-29,15:00:00,141300
09-29,16:00:00,104231
09-29,17:00:00,80176
09-29,18:00:00,69297
09-29,19:00:00,58428
09-29,20:00:00,52707
09-29,21:00:00,44889
09-29,22:00:00,38387
09-29,23:00:00,34986
09-30,00:00:00,38318
09-30,01:00:00,42345
09-30,02:00:00,46210
09-30,03:00:00,46281
09-30,04:00:00,47842
09-30,05:00:00,49352
09-30,06:00:00,51268
09-30,07:00:00,55274
09-30,08:00:00,58544
09-30,09:00:00,58349
09-30,10:00:00,65633
09-30,11:00:00,93149
09-30,12:00:00,128547
09-30,13:00:00,148246
09-30,14:00:00,148464
09-30,15:00:00,138019
09-30,16:00:00,109851
09-30,17:00:00,86744
09-30,18:00:00,73897
09-30,19:00:00,63210
09-30,20:00:00,54346
09-30,21:00:00,46019
09-30,22:00:00,39503
09-30,23:00:00,36145
10-01,00:00:00,40768
10-01,01:00:00,47694
10-01,02:00:00,53035
10-01,03:00:00,53137
10-01,04:00:00,55368
10-01,05:00:00,63369
10-01,06:00:00,71269
10-01,07:00:00,75128
10-01,08:00:00,75270
10-01,09:00:00,73546
10-01,10:00:00,70701
10-01,11:00:00,95136
10-01,12:00:00,126297
10-01,13:00:00,142471
10-01,14:00:00,142443
10-01,15:00:00,131106
10-01,16:00:00,104395
10-01,17:00:00,82202
10-01,18:00:00,68943
10-01,19:00:00,59579
10-01,20:00:00,51438
10-01,21:00:00,44017
10-01,22:00:00,38050
10-01,23:00:00,34756
10-02,00:00:00,37999
10-02,01:00:00,43637
10-02,02:00:00,48490
10-02,03:00:00,48830
10-02,04:00:00,51006
10-02,05:00:00,58136
10-02,06:00:00,64910
10-02,07:00:00,69919
10-02,08:00:00,70674
10-02,09:00:00,69054
10-02,10:00:00,68261
10-02,11:00:00,91280
10-02,12:00:00,120982
10-02,13:00:00,137403
10-02,14:00:00,137350
10-02,15:00:00,127115
10-02,16:00:00,102371
10-02,17:00:00,81436
10-02,18:00:00,69023
10-02,19:00:00,60536
10-02,20:00:00,53795
10-02,21:00:00,45759
10-02,22:00:00,39343
10-02,23:00:00,35301
10-03,00:00:00,36947
10-03,01:00:00,42595
10-03,02:00:00,46952
10-03,03:00:00,47159
10-03,04:00:00,50176
10-03,05:00:00,57365
10-03,06:00:00,64276
10-03,07:00:00,69338
10-03,08:00:00,70479
10-03,09:00:00,69030
10-03,10:00:00,69367
10-03,11:00:00,91731
10-03,12:00:00,122129
10-03,13:00:00,142045
10-03,14:00:00,143506
10-03,15:00:00,138246
10-03,16:00:00,116819
10-03,17:00:00,96032
10-03,18:00:00,79521
10-03,19:00:00,67402
10-03,20:00:00,59289
10-03,21:00:00,52849
10-03,22:00:00,46379
10-03,23:00:00,41577
10-04,00:00:00,43911
10-04,01:00:00,52558
10-04,02:00:00,60665
10-04,03:00:00,63685
10-04,04:00:00,69509
10-04,05:00:00,80332
10-04,06:00:00,89924
10-04,07:00:00,94982
10-04,08:00:00,94973
10-04,09:00:00,91768
10-04,10:00:00,85836
10-04,11:00:00,106035
10-04,12:00:00,134035
10-04,13:00:00,154062
10-04,14:00:00,156680
10-04,15:00:00,152886
10-04,16:00:00,132377
10-04,17:00:00,109419
10-04,18:00:00,91109
10-04,19:00:00,78968
10-04,20:00:00,70430
10-04,21:00:00,63292
10-04,22:00:00,55578
10-04,23:00:00,48610
10-05,00:00:00,47488
10-05,01:00:00,54253
10-05,02:00:00,62414
10-05,03:00:00,65559
10-05,04:00:00,72871
10-05,05:00:00,82507
10-05,06:00:00,93606
10-05,07:00:00,98611
10-05,08:00:00,98949
10-05,09:00:00,96412
10-05,10:00:00,87861
10-05,11:00:00,106883
10-05,12:00:00,133891
10-05,13:00:00,149336
10-05,14:00:00,149420
10-05,15:00:00,142204
10-05,16:00:00,117318
10-05,17:00:00,96916
10-05,18:00:00,84847
10-05,19:00:00,76388
10-05,20:00:00,68406
10-05,21:00:00,59228
10-05,22:00:00,51008
10-05,23:00:00,44741
10-06,00:00:00,44615
10-06,01:00:00,49208
10-06,02:00:00,52817
10-06,03:00:00,53063
10-06,04:00:00,55190
10-06,05:00:00,64666
10-06,06:00:00,74221
10-06,07:00:00,80905
10-06,08:00:00,81084
10-06,09:00:00,78607
10-06,10:00:00,72354
10-06,11:00:00,94729
10-06,12:00:00,125234
10-06,13:00:00,142598
10-06,14:00:00,142764
10-06,15:00:00,133981
10-06,16:00:00,108734
10-06,17:00:00,88002
10-06,18:00:00,75510
10-06,19:00:00,66339
10-06,20:00:00,58558
10-06,21:00:00,50480
10-06,22:00:00,43658
10-06,23:00:00,39566
10-07,00:00:00,41800
10-07,01:00:00,43376
10-07,02:00:00,46481
10-07,03:00:00,47052
10-07,04:00:00,49951
10-07,05:00:00,55452
10-07,06:00:00,59809
10-07,07:00:00,71934
10-07,08:00:00,74465
10-07,09:00:00,74148
10-07,10:00:00,73011
10-07,11:00:00,98337
10-07,12:00:00,131352
10-07,13:00:00,150622
10-07,14:00:00,150672
10-07,15:00:00,138823
10-07,16:00:00,111393
10-07,17:00:00,72570
10-07,18:00:00,70007
10-07,19:00:00,64357
10-07,20:00:00,57393
10-07,21:00:00,49544
10-07,22:00:00,42624
10-07,23:00:00,35914
10-08,00:00:00,39762
10-08,01:00:00,45606
10-08,02:00:00,50883
10-08,03:00:00,51587
10-08,04:00:00,55695
10-08,05:00:00,64498
10-08,06:00:00,73636
10-08,07:00:00,79829
10-08,08:00:00,81036
10-08,09:00:00,79970
10-08,10:00:00,80098
10-08,11:00:00,108551
10-08,12:00:00,142513
10-08,13:00:00,158472
10-08,14:00:00,157590
10-08,15:00:00,135704
10-08,16:00:00,99479
10-08,17:00:00,78443
10-08,18:00:00,68902
10-08,19:00:00,62022
10-08,20:00:00,56437
10-08,21:00:00,49127
10-08,22:00:00,42763
10-08,23:00:00,39083
10-09,00:00:00,41626
10-09,01:00:00,44947
10-09,02:00:00,47880
10-09,03:00:00,47928
10-09,04:00:00,50225
10-09,05:00:00,50864
10-09,06:00:00,53239
10-09,07:00:00,57795
10-09,08:00:00,62528
10-09,09:00:00,62651
10-09,10:00:00,72967
10-09,11:00:00,102771
10-09,12:00:00,139120
10-09,13:00:00,159370
10-09,14:00:00,159103
10-09,15:00:00,139576
10-09,16:00:00,103871
10-09,17:00:00,82096
10-09,18:00:00,71233
10-09,19:00:00,63750
10-09,20:00:00,57135
10-09,21:00:00,50198
10-09,22:00:00,43228
10-09,23:00:00,36289
10-10,00:00:00,37346
10-10,01:00:00,44434
10-10,02:00:00,49383
10-10,03:00:00,50528
10-10,04:00:00,54829
10-10,05:00:00,56082
10-10,06:00:00,59367
10-10,07:00:00,59674
10-10,08:00:00,63352
10-10,09:00:00,63321
10-10,10:00:00,72740
10-10,11:00:00,102759
10-10,12:00:00,141480
10-10,13:00:00,167524
10-10,14:00:00,167586
10-10,15:00:00,152977
10-10,16:00:00,116726
10-10,17:00:00,91669
10-10,18:00:00,76963
10-10,19:00:00,67384
10-10,20:00:00,60918
10-10,21:00:00,55013
10-10,22:00:00,48440
10-10,23:00:00,43578
10-11,00:00:00,44232
10-11,01:00:00,50277
10-11,02:00:00,56109
10-11,03:00:00,59469
10-11,04:00:00,67125
10-11,05:00:00,73033
10-11,06:00:00,78220
10-11,07:00:00,81438
10-11,08:00:00,81682
10-11,09:00:00,81104
10-11,10:00:00,85749
10-11,11:00:00,113286
10-11,12:00:00,151604
10-11,13:00:00,177102
10-11,14:00:00,178413
10-11,15:00:00,170433
10-11,16:00:00,139246
10-11,17:00:00,110280
10-11,18:00:00,90992
10-11,19:00:00,77495
10-11,20:00:00,67759
10-11,21:00:00,60459
10-11,22:00:00,53340
10-11,23:00:00,47446
10-12,00:00:00,46546
10-12,01:00:00,54509
10-12,02:00:00,64376
10-12,03:00:00,69428
10-12,04:00:00,80163
10-12,05:00:00,95962
10-12,06:00:00,109802
10-12,07:00:00,116260
10-12,08:00:00,116224
10-12,09:00:00,112575
10-12,10:00:00,101161
10-12,11:00:00,127928
10-12,12:00:00,164608
10-12,13:00:00,182420
10-12,14:00:00,181749
10-12,15:00:00,159476
10-12,16:00:00,116345
10-12,17:00:00,92436
10-12,18:00:00,78474
10-12,19:00:00,69812
10-12,20:00:00,61752
10-12,21:00:00,54347
10-12,22:00:00,46784
10-12,23:00:00,41530
10-13,00:00:00,43205
10-13,01:00:00,47697
10-13,02:00:00,52809
10-13,03:00:00,54209
10-13,04:00:00,60856
10-13,05:00:00,62859
10-13,06:00:00,66195
10-13,07:00:00,69495
10-13,08:00:00,71707
10-13,09:00:00,71620
10-13,10:00:00,77934
10-13,11:00:00,106140
10-13,12:00:00,141827
10-13,13:00:00,161846
10-13,14:00:00,161547
10-13,15:00:00,142048
10-13,16:00:00,102363
10-13,17:00:00,78927
10-13,18:00:00,63993
10-13,19:00:00,58322
10-13,20:00:00,52670
10-13,21:00:00,45806
10-13,22:00:00,39461
10-13,23:00:00,35506
10-13,23:10:00,35222
10-13,23:20:00,35080
10-13,23:30:00,35077
10-13,23:40:00,35123
10-13,23:50:00,35318
10-14,00:00:00,35409
10-14,00:10:00,35829
10-14,00:20:00,36088
10-14,00:30:00,36302
10-14,00:40:00,36771
10-14,00:50:00,37272
10-14,01:00:00,37632
10-14,01:10:00,38061
10-14,01:20:00,38740
10-14,01:30:00,39378
10-14,01:40:00,40001
10-14,01:50:00,40556
10-14,02:00:00,41094
10-14,02:10:00,41690
10-14,02:20:00,42372
10-14,02:30:00,42919
10-14,02:40:00,43376
10-14,02:50:00,43668
10-14,03:00:00,43716
10-14,03:10:00,43517
10-14,03:20:00,43542
10-14,03:30:00,43592
10-14,03:40:00,43667
10-14,03:50:00,43829
10-14,04:00:00,44161
10-14,04:10:00,44620
10-14,04:20:00,45326
10-14,04:30:00,46306
10-14,04:40:00,47455
10-14,04:50:00,48184
10-14,05:00:00,48234
10-14,05:10:00,48177
10-14,05:20:00,48295
10-14,05:30:00,48264
10-14,05:40:00,48089
10-14,05:50:00,47945
10-14,06:00:00,47922
10-14,06:10:00,47914
10-14,06:20:00,48118
10-14,06:30:00,48478
10-14,06:40:00,49046
10-14,06:50:00,49565
10-14,07:00:00,50059
10-14,07:10:00,50658
10-14,07:20:00,51287
10-14,07:30:00,51883
10-14,07:40:00,52831
10-14,07:50:00,53037
10-14,08:00:00,53238
10-14,08:10:00,53282
10-14,08:20:00,53502
10-14,08:30:00,53587
10-14,08:40:00,53852
10-14,08:50:00,53930
10-14,09:00:00,54711
10-14,09:10:00,55403
10-14,09:20:00,55479
10-14,09:30:00,55280
10-14,09:40:00,55186
10-14,09:50:00,55437
10-14,10:00:00,56195
10-14,10:10:00,57221
10-14,10:20:00,58619
10-14,10:30:00,59885
10-14,10:40:00,61503
10-14,10:50:00,64104
10-14,11:00:00,66859
10-14,11:10:00,71863
10-14,11:20:00,76084
10-14,11:30:00,80210
10-14,11:40:00,84776
10-14,11:50:00,91220
10-14,12:00:00,99347
10-14,12:10:00,106838
10-14,12:20:00,113394
10-14,12:30:00,120093
10-14,12:40:00,127315
10-14,12:50:00,133508
10-14,13:00:00,139274
10-14,13:10:00,144826
10-14,13:20:00,149511
10-14,13:30:00,153257
10-14,13:40:00,156366
10-14,13:50:00,157591
10-14,14:00:00,157500
10-14,14:10:00,156751
10-14,14:20:00,155216
10-14,14:30:00,153401
10-14,14:40:00,149736
10-14,14:50:00,144977
10-14,15:00:00,139058
10-14,15:10:00,130693
10-14,15:20:00,123856
10-14,15:30:00,117274
10-14,15:40:00,110715
10-14,15:50:00,104912
10-14,16:00:00,99539
10-14,16:10:00,93755
10-14,16:20:00,88862
10-14,16:30:00,85075
10-14,16:40:00,82159
10-14,16:50:00,79350
10-14,17:00:00,77109
10-14,17:10:00,77734
10-14,17:20:00,77626
10-14,17:30:00,76756
10-14,17:40:00,75791
10-14,17:50:00,74441
10-14,18:00:00,73128
10-14,18:10:00,71341
10-14,18:20:00,69923
10-14,18:30:00,68380
10-14,18:40:00,67279
10-14,18:50:00,66328
10-14,19:00:00,65226
10-14,19:10:00,63742
10-14,19:20:00,62614
10-14,19:30:00,61640
10-14,19:40:00,60759
10-14,19:50:00,59878
10-14,20:00:00,58774
10-14,20:10:00,57050
10-14,20:20:00,55787
10-14,20:30:00,54577
10-14,20:40:00,53253
10-14,20:50:00,52037
10-14,21:00:00,50942
10-14,21:10:00,49505
10-14,21:20:00,48402
10-14,21:30:00,47365
10-14,21:40:00,46186
10-14,21:50:00,45166
10-14,22:00:00,44198
10-14,22:10:00,36168
10-14,22:20:00,36649
10-14,22:30:00,36399
10-14,22:40:00,35995
10-14,22:50:00,35832
10-14,23:00:00,35535
10-14,23:10:00,35153
10-14,23:20:00,34934
10-14,23:30:00,35020
10-14,23:40:00,35262
10-14,23:50:00,35475
10-15,00:00:00,35664
10-15,00:10:00,35981
10-15,00:20:00,36541
10-15,00:30:00,36991
10-15,00:40:00,37791
10-15,00:50:00,38339
10-15,01:00:00,38910
10-15,01:10:00,39532
10-15,01:20:00,40163
10-15,01:30:00,40806
10-15,01:40:00,41537
10-15,01:50:00,42166
10-15,02:00:00,42869
10-15,02:10:00,43592
10-15,02:20:00,44237
10-15,02:30:00,44853
10-15,02:40:00,45512
10-15,02:50:00,46133
10-15,03:00:00,46254
10-15,03:10:00,46186
10-15,03:20:00,46376
10-15,03:30:00,46304
10-15,03:40:00,46441
10-15,03:50:00,46554
10-15,04:00:00,46750
10-15,04:10:00,47536
10-15,04:20:00,48502
10-15,04:30:00,49598
10-15,04:40:00,50972
10-15,04:50:00,51676
10-15,05:00:00,51914
10-15,05:10:00,51867
10-15,05:20:00,51869
10-15,05:30:00,51898
10-15,05:40:00,51740
10-15,05:50:00,51390
10-15,06:00:00,51378
10-15,06:10:00,51494
10-15,06:20:00,51768
10-15,06:30:00,52246
10-15,06:40:00,52971
10-15,06:50:00,53453
10-15,07:00:00,54124
10-15,07:10:00,54367
10-15,07:20:00,54844
10-15,07:30:00,55685
10-15,07:40:00,56407
10-15,07:50:00,57169
10-15,08:00:00,58183
10-15,08:10:00,58922
10-15,08:20:00,59681
10-15,08:30:00,60464
10-15,08:40:00,61135
10-15,08:50:00,61795
10-15,09:00:00,62238
10-15,09:10:00,62471
10-15,09:20:00,62448
10-15,09:30:00,62259
10-15,09:40:00,62382
10-15,09:50:00,62778
10-15,10:00:00,63304
10-15,10:10:00,64199
10-15,10:20:00,65648
10-15,10:30:00,67473
10-15,10:40:00,70081
10-15,10:50:00,72751
10-15,11:00:00,75870
10-15,11:10:00,80865
10-15,11:20:00,85845
10-15,11:30:00,90867
10-15,11:40:00,96152
10-15,11:50:00,101759
10-15,12:00:00,107711
10-15,12:10:00,115249
10-15,12:20:00,121711
10-15,12:30:00,127996
10-15,12:40:00,134208
10-15,12:50:00,139537
10-15,13:00:00,144799
10-15,13:10:00,150124
10-15,13:20:00,155050
10-15,13:30:00,159029
10-15,13:40:00,162155
10-15,13:50:00,163562
10-15,14:00:00,163507
10-15,14:10:00,162816
10-15,14:20:00,161513
10-15,14:30:00,159696
10-15,14:40:00,156357
10-15,14:50:00,151795
10-15,15:00:00,145620
10-15,15:10:00,136739
10-15,15:20:00,129709
10-15,15:30:00,122697
10-15,15:40:00,116185
10-15,15:50:00,110361
10-15,16:00:00,104666
10-15,16:10:00,98238
10-15,16:20:00,92855
10-15,16:30:00,89023
10-15,16:40:00,85438
10-15,16:50:00,82378
10-15,17:00:00,79363
10-15,17:10:00,76487
10-15,17:20:00,74481
10-15,17:30:00,72770
10-15,17:40:00,71174
10-15,17:50:00,69598
10-15,18:00:00,68068
10-15,18:10:00,66417
10-15,18:20:00,65242
10-15,18:30:00,64109
10-15,18:40:00,63289
10-15,18:50:00,62635
10-15,19:00:00,61625
10-15,19:10:00,60538
10-15,19:20:00,59362
10-15,19:30:00,58542
10-15,19:40:00,57545
10-15,19:50:00,56860
10-15,20:00:00,55972
10-15,20:10:00,54854
10-15,20:20:00,53701
10-15,20:30:00,52357
10-15,20:40:00,51301
10-15,20:50:00,50197
10-15,21:00:00,48870
10-15,21:10:00,47218
10-15,21:20:00,46220
10-15,21:30:00,44868
10-15,21:40:00,44121
10-15,21:50:00,43296
10-15,22:00:00,42368
10-15,22:10:00,41361
10-15,22:20:00,40728
10-15,22:30:00,40177
10-15,22:40:00,39569
10-15,22:50:00,39292
10-15,23:00:00,38871
10-15,23:10:00,38240
10-15,23:20:00,37903
10-15,23:30:00,37834
10-15,23:40:00,37785
10-15,23:50:00,37888
10-16,00:00:00,37965
10-16,00:10:00,38301
10-16,00:20:00,38786
10-16,00:30:00,39211
10-16,00:40:00,39746
10-16,00:50:00,40159
10-16,01:00:00,40629
10-16,01:10:00,41032
10-16,01:20:00,41616
10-16,01:30:00,42189
10-16,01:40:00,42942
10-16,01:50:00,43577
10-16,02:00:00,44104
10-16,02:10:00,44947
10-16,02:20:00,45439
10-16,02:30:00,45915
10-16,02:40:00,46444
10-16,02:50:00,46808
10-16,03:00:00,46934
10-16,03:10:00,46990
10-16,03:20:00,46764
10-16,03:30:00,46528
10-16,03:40:00,46399
10-16,03:50:00,46476
10-16,04:00:00,46605
10-16,04:10:00,47030
10-16,04:20:00,48117
10-16,04:30:00,49050
10-16,04:40:00,50116
10-16,04:50:00,50589
10-16,05:00:00,50709
10-16,05:10:00,50644
10-16,05:20:00,50412
10-16,05:30:00,50328
10-16,05:40:00,50171
10-16,05:50:00,49974
10-16,06:00:00,50043
10-16,06:10:00,50150
10-16,06:20:00,50482
10-16,06:30:00,50891
10-16,06:40:00,51394
10-16,06:50:00,51806
10-16,07:00:00,52277
10-16,07:10:00,52358
10-16,07:20:00,48703
10-16,07:30:00,49303
10-16,07:40:00,50298
10-16,07:50:00,51346
10-16,08:00:00,52133
10-16,08:10:00,52573
10-16,08:20:00,53961
10-16,08:30:00,55063
10-16,08:40:00,55881
10-16,08:50:00,56489
10-16,09:00:00,56458
10-16,09:10:00,56268
10-16,09:20:00,56049
10-16,09:30:00,56221
10-16,09:40:00,56399
10-16,09:50:00,56459
10-16,10:00:00,56819
10-16,10:10:00,57654
10-16,10:20:00,59275
10-16,10:30:00,61504
10-16,10:40:00,64374
10-16,10:50:00,67815
10-16,11:00:00,71607
10-16,11:10:00,75730
10-16,11:20:00,80450
10-16,11:30:00,85446
10-16,11:40:00,91435
10-16,11:50:00,97524
10-16,12:00:00,103327
10-16,12:10:00,109873
10-16,12:20:00,116222
10-16,12:30:00,122243
10-16,12:40:00,128461
10-16,12:50:00,134503
10-16,13:00:00,139631
10-16,13:10:00,144724
10-16,13:20:00,149625
10-16,13:30:00,153093
10-16,13:40:00,156219
10-16,13:50:00,157638
10-16,14:00:00,157978
10-16,14:10:00,157658
10-16,14:20:00,156289
10-16,14:30:00,154357
10-16,14:40:00,150778
10-16,14:50:00,146430
10-16,15:00:00,140809
10-16,15:10:00,132489
10-16,15:20:00,125644
10-16,15:30:00,119075
10-16,15:40:00,112935
10-16,15:50:00,107325
10-16,16:00:00,101585
10-16,16:10:00,95479
10-16,16:20:00,90527
10-16,16:30:00,86652
10-16,16:40:00,83221
10-16,16:50:00,80485
10-16,17:00:00,77675
10-16,17:10:00,74875
10-16,17:20:00,72784
10-16,17:30:00,70800
10-16,17:40:00,69107
10-16,17:50:00,67572
10-16,18:00:00,66256
10-16,18:10:00,64713
10-16,18:20:00,63386
10-16,18:30:00,62520
10-16,18:40:00,61800
10-16,18:50:00,60795
10-16,19:00:00,60260
10-16,19:10:00,58996
10-16,19:20:00,58242
10-16,19:30:00,57391
10-16,19:40:00,56766
10-16,19:50:00,55990
10-16,20:00:00,55137
10-16,20:10:00,54179
10-16,20:20:00,53057
10-16,20:30:00,52071
10-16,20:40:00,50952
10-16,20:50:00,50083
10-16,21:00:00,48954
10-16,21:10:00,47570
10-16,21:20:00,46452
10-16,21:30:00,45300
10-16,21:40:00,44268
10-16,21:50:00,43364
10-16,22:00:00,42303
10-16,22:10:00,41292
10-16,22:20:00,40501
10-16,22:30:00,39768
10-16,22:40:00,39022
10-16,22:50:00,38472
10-16,23:00:00,37824
10-16,23:10:00,37449
10-16,23:20:00,37192
10-16,23:30:00,37057
10-16,23:40:00,37052
10-16,23:50:00,37114
10-17,00:00:00,37305
10-17,00:10:00,37539
10-17,00:20:00,37732
10-17,00:30:00,38094
10-17,00:40:00,38689
10-17,00:50:00,39218
10-17,01:00:00,39659
10-17,01:10:00,40210
10-17,01:20:00,40883
10-17,01:30:00,41567
10-17,01:40:00,42193
10-17,01:50:00,42827
10-17,02:00:00,43463
10-17,02:10:00,44054
10-17,02:20:00,44749
10-17,02:30:00,45496
10-17,02:40:00,46251
10-17,02:50:00,46833
10-17,03:00:00,47079
10-17,03:10:00,47105
10-17,03:20:00,47243
10-17,03:30:00,47318
10-17,03:40:00,47442
10-17,03:50:00,47634
10-17,04:00:00,47736
10-17,04:10:00,48190
10-17,04:20:00,49095
10-17,04:30:00,49966
10-17,04:40:00,51016
10-17,04:50:00,51727
10-17,05:00:00,51962
10-17,05:10:00,52155
10-17,05:20:00,52262
10-17,05:30:00,52351
10-17,05:40:00,52357
10-17,05:50:00,52403
10-17,06:00:00,52363
10-17,06:10:00,52600
10-17,06:20:00,53092
10-17,06:30:00,53472
10-17,06:40:00,53952
10-17,06:50:00,54409
10-17,07:00:00,55053
10-17,07:10:00,55476
10-17,07:20:00,56220
10-17,07:30:00,57003
10-17,07:40:00,57953
10-17,07:50:00,58796
10-17,08:00:00,59579
10-17,08:10:00,60406
10-17,08:20:00,60943
10-17,08:30:00,61583
10-17,08:40:00,62036
10-17,08:50:00,62737
10-17,09:00:00,62904
10-17,09:10:00,62848
10-17,09:20:00,62698
10-17,09:30:00,62260
10-17,09:40:00,62198
10-17,09:50:00,62076
10-17,10:00:00,62544
10-17,10:10:00,63081
10-17,10:20:00,64369
10-17,10:30:00,66232
10-17,10:40:00,68782
10-17,10:50:00,71673
10-17,11:00:00,74594
10-17,11:10:00,78636
10-17,11:20:00,82985
10-17,11:30:00,87970
10-17,11:40:00,93155
10-17,11:50:00,98929
10-17,12:00:00,104494
10-17,12:10:00,110779
10-17,12:20:00,116996
10-17,12:30:00,124595
10-17,12:40:00,131839
10-17,12:50:00,137639
10-17,13:00:00,143295
10-17,13:10:00,149148
10-17,13:20:00,154271
10-17,13:30:00,158925
10-17,13:40:00,162894
10-17,13:50:00,165696
10-17,14:00:00,167099
10-17,14:10:00,167956
10-17,14:20:00,168453
10-17,14:30:00,168102
10-17,14:40:00,167068
10-17,14:50:00,165078
10-17,15:00:00,161873
10-17,15:10:00,156716
10-17,15:20:00,152066
10-17,15:30:00,146733
10-17,15:40:00,141663
10-17,15:50:00,136429
10-17,16:00:00,130965
10-17,16:10:00,124344
10-17,16:20:00,118799
10-17,16:30:00,114148
10-17,16:40:00,109619
10-17,16:50:00,105628
10-17,17:00:00,101752
10-17,17:10:00,97827
10-17,17:20:00,94280
10-17,17:30:00,91039
10-17,17:40:00,87734
10-17,17:50:00,83251
10-17,18:00:00,81952
10-17,18:10:00,79250
10-17,18:20:00,77050
10-17,18:30:00,74832
10-17,18:40:00,72996
10-17,18:50:00,71242
10-17,19:00:00,69747
10-17,19:10:00,68036
10-17,19:20:00,66704
10-17,19:30:00,65601
10-17,19:40:00,64342
10-17,19:50:00,63342
10-17,20:00:00,62106
10-17,20:10:00,60882
10-17,20:20:00,59832
10-17,20:30:00,58771
10-17,20:40:00,57795
10-17,20:50:00,56315
10-17,21:00:00,55710
10-17,21:10:00,54518
10-17,21:20:00,53281
10-17,21:30:00,52195
10-17,21:40:00,51044
10-17,21:50:00,50014
10-17,22:00:00,48866
10-17,22:10:00,47809
10-17,22:20:00,46800
10-17,22:30:00,45844
10-17,22:40:00,44889
10-17,22:50:00,44197
10-17,23:00:00,43217
10-17,23:10:00,42659
10-17,23:20:00,42166
10-17,23:30:00,41853
10-17,23:40:00,41658
10-17,23:50:00,41471
10-18,00:00:00,41349
10-18,00:10:00,41586
10-18,00:20:00,41922
10-18,00:30:00,42398
10-18,00:40:00,43267
10-18,00:50:00,43876
10-18,01:00:00,44846
10-18,01:10:00,46087
10-18,01:20:00,47613
10-18,01:30:00,48674
10-18,01:40:00,50221
10-18,01:50:00,51667
10-18,02:00:00,53016
10-18,02:10:00,54594
10-18,02:20:00,56147
10-18,02:30:00,57763
10-18,02:40:00,58934
10-18,02:50:00,60272
10-18,03:00:00,60968
10-18,03:10:00,61906
10-18,03:20:00,62770
10-18,03:30:00,63468
10-18,03:40:00,64199
10-18,03:50:00,64862
10-18,04:00:00,65501
10-18,04:10:00,66030
10-18,04:20:00,67306
10-18,04:30:00,68711
10-18,04:40:00,70445
10-18,04:50:00,71879
10-18,05:00:00,73539
10-18,05:10:00,75740
10-18,05:20:00,77541
10-18,05:30:00,79239
10-18,05:40:00,81349
10-18,05:50:00,83167
10-18,06:00:00,84964
10-18,06:10:00,86958
10-18,06:20:00,88797
10-18,06:30:00,90394
10-18,06:40:00,91816
10-18,06:50:00,93287
10-18,07:00:00,94909
10-18,07:10:00,96172
10-18,07:20:00,97961
10-18,07:30:00,98928
10-18,07:40:00,100004
10-18,07:50:00,100735
10-18,08:00:00,100664
10-18,08:10:00,100797
10-18,08:20:00,100792
10-18,08:30:00,100317
10-18,08:40:00,99449
10-18,08:50:00,99057
10-18,09:00:00,97909
10-18,09:10:00,95753
10-18,09:20:00,93793
10-18,09:30:00,91531
10-18,09:40:00,89746
10-18,09:50:00,88175
10-18,10:00:00,87330
10-18,10:10:00,86765
10-18,10:20:00,87299
10-18,10:30:00,88168
10-18,10:40:00,89739
10-18,10:50:00,92195
10-18,11:00:00,95040
10-18,11:10:00,98814
10-18,11:20:00,103331
10-18,11:30:00,108485
10-18,11:40:00,113840
10-18,11:50:00,119414
10-18,12:00:00,125321
10-18,12:10:00,131478
10-18,12:20:00,137058
10-18,12:30:00,142774
10-18,12:40:00,148489
10-18,12:50:00,153336
10-18,13:00:00,157837
10-18,13:10:00,161940
10-18,13:20:00,166431
10-18,13:30:00,170290
10-18,13:40:00,173756
10-18,13:50:00,175644
10-18,14:00:00,176308
10-18,14:10:00,177082
10-18,14:20:00,177046
10-18,14:30:00,176434
10-18,14:40:00,175017
10-18,14:50:00,172614
10-18,15:00:00,169031
10-18,15:10:00,164313
10-18,15:20:00,159846
10-18,15:30:00,155007
10-18,15:40:00,149943
10-18,15:50:00,144949
10-18,16:00:00,139078
10-18,16:10:00,132811
10-18,16:20:00,127635
10-18,16:30:00,123238
10-18,16:40:00,119085
10-18,16:50:00,115056
10-18,17:00:00,110969
10-18,17:10:00,106864
10-18,17:20:00,103384
10-18,17:30:00,100642
10-18,17:40:00,98008
10-18,17:50:00,95349
10-18,18:00:00,92620
10-18,18:10:00,89343
10-18,18:20:00,86800
10-18,18:30:00,84456
10-18,18:40:00,82377
10-18,18:50:00,80120
10-18,19:00:00,78015
10-18,19:10:00,75863
10-18,19:20:00,74342
10-18,19:30:00,72908
10-18,19:40:00,71685
10-18,19:50:00,70541
10-18,20:00:00,69095
10-18,20:10:00,67755
10-18,20:20:00,66477
10-18,20:30:00,65266
10-18,20:40:00,63945
10-18,20:50:00,62750
10-18,21:00:00,61345
10-18,21:10:00,59823
10-18,21:20:00,58627
10-18,21:30:00,57480
10-18,21:40:00,56241
10-18,21:50:00,54990
10-18,22:00:00,53745
10-18,22:10:00,52306
10-18,22:20:00,51399
10-18,22:30:00,50588
10-18,22:40:00,49546
10-18,22:50:00,48630
10-18,23:00:00,47774
10-18,23:10:00,46921
10-18,23:20:00,46383
10-18,23:30:00,45758
10-18,23:40:00,45473
10-18,23:50:00,45159
10-19,00:00:00,44876
10-19,00:10:00,44931
10-19,00:20:00,45281
10-19,00:30:00,45825
10-19,00:40:00,46254
10-19,00:50:00,46884
10-19,01:00:00,47735
10-19,01:10:00,48660
10-19,01:20:00,49943
10-19,01:30:00,51110
10-19,01:40:00,52781
10-19,01:50:00,54241
10-19,02:00:00,55942
10-19,02:10:00,57809
10-19,02:20:00,59487
10-19,02:30:00,61136
10-19,02:40:00,62743
10-19,02:50:00,64148
10-19,03:00:00,65200
10-19,03:10:00,66489
10-19,03:20:00,67323
10-19,03:30:00,67953
10-19,03:40:00,68707
10-19,03:50:00,69444
10-19,04:00:00,70297
10-19,04:10:00,71519
10-19,04:20:00,72852
10-19,04:30:00,74402
10-19,04:40:00,76538
10-19,04:50:00,78551
10-19,05:00:00,80753
10-19,05:10:00,83432
10-19,05:20:00,85943
10-19,05:30:00,88285
10-19,05:40:00,90776
10-19,05:50:00,93411
10-19,06:00:00,95777
10-19,06:10:00,98608
10-19,06:20:00,100454
10-19,06:30:00,102627
10-19,06:40:00,104817
10-19,06:50:00,106524
10-19,07:00:00,107778
10-19,07:10:00,109024
10-19,07:20:00,110249
10-19,07:30:00,111024
10-19,07:40:00,111918
10-19,07:50:00,111922
10-19,08:00:00,111802
10-19,08:10:00,111685
10-19,08:20:00,111132
10-19,08:30:00,110615
10-19,08:40:00,110125
10-19,08:50:00,108676
10-19,09:00:00,107088
10-19,09:10:00,105166
10-19,09:20:00,103105
10-19,09:30:00,100337
10-19,09:40:00,98216
10-19,09:50:00,97395
10-19,10:00:00,96589
10-19,10:10:00,95709
10-19,10:20:00,96070
10-19,10:30:00,97090
10-19,10:40:00,98726
10-19,10:50:00,100915
10-19,11:00:00,103843
10-19,11:10:00,108121
10-19,11:20:00,112843
10-19,11:30:00,117660
10-19,11:40:00,123033
10-19,11:50:00,128322
10-19,12:00:00,133618
10-19,12:10:00,139611
10-19,12:20:00,145209
10-19,12:30:00,150624
10-19,12:40:00,155362
10-19,12:50:00,160370
10-19,13:00:00,164585
10-19,13:10:00,168319
10-19,13:20:00,171904
10-19,13:30:00,174659
10-19,13:40:00,176486
10-19,13:50:00,176916
10-19,14:00:00,176138
10-19,14:10:00,174016
10-19,14:20:00,171733
10-19,14:30:00,168344
10-19,14:40:00,163742
10-19,14:50:00,158641
10-19,15:00:00,151349
10-19,15:10:00,142674
10-19,15:20:00,135534
10-19,15:30:00,128360
10-19,15:40:00,121911
10-19,15:50:00,116106
10-19,16:00:00,110666
10-19,16:10:00,104080
10-19,16:20:00,99222
10-19,16:30:00,95412
10-19,16:40:00,92264
10-19,16:50:00,89454
10-19,17:00:00,86555
10-19,17:10:00,83877
10-19,17:20:00,81703
10-19,17:30:00,79820
10-19,17:40:00,78523
10-19,17:50:00,77309
10-19,18:00:00,76084
10-19,18:10:00,74738
10-19,18:20:00,73515
10-19,18:30:00,72189
10-19,18:40:00,69702
10-19,18:50:00,69551
10-19,19:00:00,68643
10-19,19:10:00,67353
10-19,19:20:00,66342
10-19,19:30:00,65159
10-19,19:40:00,64223
10-19,19:50:00,63093
10-19,20:00:00,61802
10-19,20:10:00,60461
10-19,20:20:00,59344
10-19,20:30:00,58319
10-19,20:40:00,57092
10-19,20:50:00,55821
10-19,21:00:00,54735
10-19,21:10:00,53263
10-19,21:20:00,52224
10-19,21:30:00,51119
10-19,21:40:00,50199
10-19,21:50:00,49068
10-19,22:00:00,47892
10-19,22:10:00,46883
10-19,22:20:00,45845
10-19,22:30:00,45059
10-19,22:40:00,44258
10-19,22:50:00,43422
10-19,23:00:00,42494
10-19,23:10:00,42091
10-19,23:20:00,41730
10-19,23:30:00,41316
10-19,23:40:00,41168
10-19,23:50:00,40938
10-20,00:00:00,40802
10-20,00:10:00,40698
10-20,00:20:00,40726
10-20,00:30:00,40921
10-20,00:40:00,41244
10-20,00:50:00,41573
10-20,01:00:00,41660
10-20,01:10:00,41986
10-20,01:20:00,42484
10-20,01:30:00,42803
10-20,01:40:00,43303
10-20,01:50:00,43591
10-20,02:00:00,43817
10-20,02:10:00,44278
10-20,02:20:00,44934
10-20,02:30:00,45538
10-20,02:40:00,45988
10-20,02:50:00,46219
10-20,03:00:00,46193
10-20,03:10:00,45695
10-20,03:20:00,45623
10-20,03:30:00,45639
10-20,03:40:00,45719
10-20,03:50:00,45785
10-20,04:00:00,45831
10-20,04:10:00,46350
10-20,04:20:00,47023
10-20,04:30:00,47740
10-20,04:40:00,48687
10-20,04:50:00,49110
10-20,05:00:00,49123
10-20,05:10:00,49161
10-20,05:20:00,49097
10-20,05:30:00,48970
10-20,05:40:00,48783
10-20,05:50:00,48680
10-20,06:00:00,48706
10-20,06:10:00,48923
10-20,06:20:00,49286
10-20,06:30:00,49817
10-20,06:40:00,50388
10-20,06:50:00,50938
10-20,07:00:00,51512
10-20,07:10:00,50064
10-20,07:20:00,34242
10-20,07:30:00,23948
10-20,07:40:00,20457
10-20,07:50:00,19260
10-20,08:00:00,18549
10-20,08:10:00,18239
10-20,08:20:00,17915
10-20,08:30:00,17626
10-20,08:40:00,17507
10-20,08:50:00,17353
10-20,09:00:00,17192
10-20,09:10:00,17072
10-20,09:20:00,19218
10-20,09:30:00,23134
10-20,09:40:00,22358
10-20,09:50:00,22190
10-20,10:00:00,22662
10-20,10:10:00,25521
10-20,10:20:00,38693
10-20,10:30:00,48280
10-20,10:40:00,57090
10-20,10:50:00,65310
10-20,11:00:00,73280
10-20,11:10:00,80793
10-20,11:20:00,88077
10-20,11:30:00,95165
10-20,11:40:00,101960
10-20,11:50:00,108447
10-20,12:00:00,114940
10-20,12:10:00,121988
10-20,12:20:00,128312
10-20,12:30:00,134307
10-20,12:40:00,140260
10-20,12:50:00,145473
10-20,13:00:00,150420
10-20,13:10:00,154882
10-20,13:20:00,158634
10-20,13:30:00,161728
10-20,13:40:00,164525
10-20,13:50:00,164707
10-20,14:00:00,160636
10-20,14:10:00,160380
10-20,14:20:00,159285
10-20,14:30:00,156759
10-20,14:40:00,152626
10-20,14:50:00,147399
10-20,15:00:00,140471
10-20,15:10:00,131732
10-20,15:20:00,124923
10-20,15:30:00,118099
10-20,15:40:00,111912
10-20,15:50:00,106223
10-20,16:00:00,100495
10-20,16:10:00,94479
10-20,16:20:00,89911
10-20,16:30:00,86564
10-20,16:40:00,83309
10-20,16:50:00,80655
10-20,17:00:00,77945
10-20,17:10:00,75528
10-20,17:20:00,73980
10-20,17:30:00,72441
10-20,17:40:00,71026
10-20,17:50:00,69712
10-20,18:00:00,68388
10-20,18:10:00,66812
10-20,18:20:00,65838
10-20,18:30:00,65067
10-20,18:40:00,64427
10-20,18:50:00,63716
10-20,19:00:00,62708
10-20,19:10:00,61548
10-20,19:20:00,60718
10-20,19:30:00,59157
10-20,19:40:00,58678
10-20,19:50:00,57887
10-20,20:00:00,56629
10-20,20:10:00,55549
10-20,20:20:00,54421
10-20,20:30:00,53355
10-20,20:40:00,52185
10-20,20:50:00,51051
10-20,21:00:00,49776
10-20,21:10:00,48208
10-20,21:20:00,47137
10-20,21:30:00,45925
10-20,21:40:00,44873
10-20,21:50:00,44023
10-20,22:00:00,42932
10-20,22:10:00,41778
10-20,22:20:00,40903
10-20,22:30:00,40112
10-20,22:40:00,39547
10-20,22:50:00,39010
10-20,23:00:00,38423
10-20,23:10:00,37937
10-20,23:20:00,37778
10-20,23:30:00,37601
10-20,23:40:00,37581
10-20,23:50:00,37653
