"2025-09-20 00:00:00",95458,85630
"2025-09-20 01:00:00",93340,86027
"2025-09-20 02:00:00",94519,86586
"2025-09-20 03:00:00",94564,87096
"2025-09-20 04:00:00",92432,87565
"2025-09-20 05:00:00",91429,87886
"2025-09-20 06:00:00",90611,88316
"2025-09-20 07:00:00",92615,88854
"2025-09-20 08:00:00",93686,89281
"2025-09-20 09:00:00",96234,89682
"2025-09-20 10:00:00",105272,89586
"2025-09-20 11:00:00",101904,89481
"2025-09-20 12:00:00",100370,89535
"2025-09-20 13:00:00",98039,89375
"2025-09-20 14:00:00",90830,89317
"2025-09-20 15:00:00",90875,89570
"2025-09-20 16:00:00",89716,89807
"2025-09-20 17:00:00",83853,90092
"2025-09-20 18:00:00",71617,90612
"2025-09-20 19:00:00",62785,91596
"2025-09-20 20:00:00",48713,92927
"2025-09-20 21:00:00",40906,94853
"2025-09-20 22:00:00",37672,97093
"2025-09-20 23:00:00",97678,99531
"2025-09-21 00:00:00",104713,99408
"2025-09-21 01:00:00",106512,99026
"2025-09-21 02:00:00",106558,98559
"2025-09-21 03:00:00",105699,98043
"2025-09-21 04:00:00",100041,97539
"2025-09-21 05:00:00",101726,97249
"2025-09-21 06:00:00",103521,96939
"2025-09-21 07:00:00",102798,96545
"2025-09-21 08:00:00",103225,96221
"2025-09-21 09:00:00",93415,95869
"2025-09-21 10:00:00",102319,95909
"2025-09-21 11:00:00",102883,95595
"2025-09-21 12:00:00",96177,95233
"2025-09-21 13:00:00",96566,95176
"2025-09-21 14:00:00",96975,95127
"2025-09-21 15:00:00",96666,95056
"2025-09-21 16:00:00",96888,95017
"2025-09-21 17:00:00",97194,95073
"2025-09-21 18:00:00",96738,95176
"2025-09-21 19:00:00",96955,95310
"2025-09-21 20:00:00",97945,95418
"2025-09-21 21:00:00",98130,95476
"2025-09-21 22:00:00",98071,95545
"2025-09-21 23:00:00",94793,95434
"2025-09-22 00:00:00",95232,95384
"2025-09-22 01:00:00",94899,95303
"2025-09-22 02:00:00",93676,95251
"2025-09-22 03:00:00",93189,95224
"2025-09-22 04:00:00",92735,95232
"2025-09-22 05:00:00",93735,95259
"2025-09-22 06:00:00",93492,95225
"2025-09-22 07:00:00",94502,95188
"2025-09-22 08:00:00",94753,95148
"2025-09-22 09:00:00",94777,95169
"2025-09-22 10:00:00",94595,95088
"2025-09-22 11:00:00",94203,94939
"2025-09-22 12:00:00",95031,94846
"2025-09-22 13:00:00",95207,95237
"2025-09-22 14:00:00",95055,95547
"2025-09-22 15:00:00",95460,95742
"2025-09-22 16:00:00",97719,95957
"2025-09-22 17:00:00",98458,95788
"2025-09-22 18:00:00",98204,95145
"2025-09-22 19:00:00",96701,94059
"2025-09-22 20:00:00",95745,92530
"2025-09-22 21:00:00",95831,92528
"2025-09-22 22:00:00",95264,93066
"2025-09-22 23:00:00",94018,93667
"2025-09-23 00:00:00",93816,93768
"2025-09-23 01:00:00",94343,94088
"2025-09-23 02:00:00",93790,94499
"2025-09-23 03:00:00",93835,95025
"2025-09-23 04:00:00",93955,95551
"2025-09-23 05:00:00",93576,95890
"2025-09-23 06:00:00",93125,96278
"2025-09-23 07:00:00",94094,96708
"2025-09-23 08:00:00",95164,97074
"2025-09-23 09:00:00",93277,97325
"2025-09-23 10:00:00",91429,97603
"2025-09-23 11:00:00",91865,97966
"2025-09-23 12:00:00",105337,98324
"2025-09-23 13:00:00",103497,97969
"2025-09-23 14:00:00",100291,97654
"2025-09-23 15:00:00",101023,97455
"2025-09-23 16:00:00",93194,97197
"2025-09-23 17:00:00",81398,97203
"2025-09-23 18:00:00",69558,97572
"2025-09-23 19:00:00",56492,98264
"2025-09-23 20:00:00",95806,99692
"2025-09-23 21:00:00",110268,99781
"2025-09-23 22:00:00",111224,99295
"2025-09-23 23:00:00",96784,98663
"2025-09-24 00:00:00",102358,98636
"2025-09-24 01:00:00",105248,98431
"2025-09-24 02:00:00",107734,98145
"2025-09-24 03:00:00",107761,97741
"2025-09-24 04:00:00",103065,97307
"2025-09-24 05:00:00",104030,96974
"2025-09-24 06:00:00",104793,96478
"2025-09-24 07:00:00",103930,95710
"2025-09-24 08:00:00",102209,95051
"2025-09-24 09:00:00",101260,94470
"2025-09-24 10:00:00",101623,94101
"2025-09-24 11:00:00",100371,93743
"2025-09-24 12:00:00",94774,93303
"2025-09-24 13:00:00",94360,93099
"2025-09-24 14:00:00",94228,92958
"2025-09-24 15:00:00",94674,92814
"2025-09-24 16:00:00",95731,92670
"2025-09-24 17:00:00",95492,92619
"2025-09-24 18:00:00",94257,92640
"2025-09-24 19:00:00",95822,92818
"2025-09-24 20:00:00",96505,92711
"2025-09-24 21:00:00",94897,92271
"2025-09-24 22:00:00",93682,91944
"2025-09-24 23:00:00",94998,91756
"2025-09-25 00:00:00",95244,91476
"2025-09-25 01:00:00",95397,91160
"2025-09-25 02:00:00",94548,90847
"2025-09-25 03:00:00",94411,90580
"2025-09-25 04:00:00",92249,90251
"2025-09-25 05:00:00",88387,89964
"2025-09-25 06:00:00",81806,89841
"2025-09-25 07:00:00",84337,89962
"2025-09-25 08:00:00",84544,90050
"2025-09-25 09:00:00",89088,90187
"2025-09-25 10:00:00",89974,90148
"2025-09-25 11:00:00",89590,90087
"2025-09-25 12:00:00",90374,90131
"2025-09-25 13:00:00",91236,90178
"2025-09-25 14:00:00",91080,90155
"2025-09-25 15:00:00",89950,90132
"2025-09-25 16:00:00",91537,90075
"2025-09-25 17:00:00",91380,89972
"2025-09-25 18:00:00",91839,89824
"2025-09-25 19:00:00",92278,89687
"2025-09-25 20:00:00",86479,89449
"2025-09-25 21:00:00",88524,89425
"2025-09-25 22:00:00",88303,89311
"2025-09-25 23:00:00",88015,89182
"2025-09-26 00:00:00",87755,89282
"2025-09-26 01:00:00",88637,89489
"2025-09-26 02:00:00",89203,89693
"2025-09-26 03:00:00",86781,89900
"2025-09-26 04:00:00",86784,90211
"2025-09-26 05:00:00",89230,90530
"2025-09-26 06:00:00",89073,90852
"2025-09-26 07:00:00",90337,91193
"2025-09-26 08:00:00",90894,91515
"2025-09-26 09:00:00",90281,91701
"2025-09-26 10:00:00",90366,91939
"2025-09-26 11:00:00",91697,92115
"2025-09-26 12:00:00",92341,92255
"2025-09-26 13:00:00",91155,92166
"2025-09-26 14:00:00",91363,92107
"2025-09-26 15:00:00",89145,91949
"2025-09-26 16:00:00",89351,92248
"2025-09-26 17:00:00",87511,92649
"2025-09-26 18:00:00",88524,93094
"2025-09-26 19:00:00",87485,93499
"2025-09-26 20:00:00",87188,93952
"2025-09-26 21:00:00",86354,94226
"2025-09-26 22:00:00",86097,94459
"2025-09-26 23:00:00",92738,94772
"2025-09-27 00:00:00",95541,94923
"2025-09-27 01:00:00",96043,94983
"2025-09-27 02:00:00",97301,95027
"2025-09-27 03:00:00",97511,95087
"2025-09-27 04:00:00",96208,95046
"2025-09-27 05:00:00",97167,94798
"2025-09-27 06:00:00",97913,94619
"2025-09-27 07:00:00",98521,94465
"2025-09-27 08:00:00",96306,94219
"2025-09-27 09:00:00",97495,94093
"2025-09-27 10:00:00",95262,93931
"2025-09-27 11:00:00",95539,93820
"2025-09-27 12:00:00",89806,93632
"2025-09-27 13:00:00",89389,93583
"2025-09-27 14:00:00",86884,93630
"2025-09-27 15:00:00",99008,93908
"2025-09-27 16:00:00",102836,93852
"2025-09-27 17:00:00",102250,93686
"2025-09-27 18:00:00",102511,93519
"2025-09-27 19:00:00",101482,93368
"2025-09-27 20:00:00",96497,91792
"2025-09-27 21:00:00",94463,90297
"2025-09-27 22:00:00",94712,89065
"2025-09-27 23:00:00",95457,87706
"2025-09-28 00:00:00",95523,86121
"2025-09-28 01:00:00",95290,84538
"2025-09-28 02:00:00",96216,82950
"2025-09-28 03:00:00",93660,81268
"2025-09-28 04:00:00",86255,79518
"2025-09-28 05:00:00",89068,78057
"2025-09-28 06:00:00",90711,76567
"2025-09-28 07:00:00",89253,75034
"2025-09-28 08:00:00",90179,73655
"2025-09-28 09:00:00",90937,74206
"2025-09-28 10:00:00",90618,75050
"2025-09-28 11:00:00",90436,75960
"2025-09-28 12:00:00",88876,76911
"2025-09-28 13:00:00",92365,77961
"2025-09-28 14:00:00",92569,76670
"2025-09-28 15:00:00",92839,77138
"2025-09-28 16:00:00",92691,77830
"2025-09-28 17:00:00",92228,78600
"2025-09-28 18:00:00",92889,79372
"2025-09-28 19:00:00",47608,79583
"2025-09-28 20:00:00",45428,81175
"2025-09-28 21:00:00",51437,82901
"2025-09-28 22:00:00",49489,84084
"2025-09-28 23:00:00",43661,85522
"2025-09-29 00:00:00",43896,87188
"2025-09-29 01:00:00",43392,88807
"2025-09-29 02:00:00",42083,90416
"2025-09-29 03:00:00",39315,92071
"2025-09-29 04:00:00",40506,93901
"2025-09-29 05:00:00",41921,95497
"2025-09-29 06:00:00",42753,96414
"2025-09-29 07:00:00",45026,97374
"2025-09-29 08:00:00",109469,99110
"2025-09-29 09:00:00",119259,99127
"2025-09-29 10:00:00",121402,99132
"2025-09-29 11:00:00",121156,99129
"2025-09-29 12:00:00",121480,99137
"2025-09-29 13:00:00",46362,97941
"2025-09-29 14:00:00",109406,99713
"2025-09-29 15:00:00",118791,99786
"2025-09-29 16:00:00",121334,99639
"2025-09-29 17:00:00",120914,99435
"2025-09-29 18:00:00",120455,99251
"2025-09-29 19:00:00",120703,99695
"2025-09-29 20:00:00",120273,100131
"2025-09-29 21:00:00",109310,100288
"2025-09-29 22:00:00",119036,100958
"2025-09-29 23:00:00",121324,101402
"2025-09-30 00:00:00",120548,101811
"2025-09-30 01:00:00",121147,102253
"2025-09-30 02:00:00",121991,102687
"2025-09-30 03:00:00",122046,103145
"2025-09-30 04:00:00",116385,103534
"2025-09-30 05:00:00",95339,103759
"2025-09-30 06:00:00",96489,104575
"2025-09-30 07:00:00",98384,105206
"2025-09-30 08:00:00",99933,104925
"2025-09-30 09:00:00",108044,104618
"2025-09-30 10:00:00",109805,104115
"2025-09-30 11:00:00",108944,103582
"2025-09-30 12:00:00",102303,103011
"2025-09-30 13:00:00",102264,103657
"2025-09-30 14:00:00",102247,103381
"2025-09-30 15:00:00",102586,103006
"2025-09-30 16:00:00",102947,102614
"2025-09-30 17:00:00",103555,102195
"2025-09-30 18:00:00",103947,101782
"2025-09-30 19:00:00",102732,101332
"2025-09-30 20:00:00",100061,100841
"2025-09-30 21:00:00",101354,100674
"2025-09-30 22:00:00",98985,100307
"2025-09-30 23:00:00",100119,99976
"2025-10-01 00:00:00",99605,99620
"2025-10-01 01:00:00",98450,99270
"2025-10-01 02:00:00",98409,98852
"2025-10-01 03:00:00",98900,98402
"2025-10-01 04:00:00",98013,98026
"2025-10-01 05:00:00",97716,97975
"2025-10-01 06:00:00",92194,97860
"2025-10-01 07:00:00",92437,97868
"2025-10-01 08:00:00",93973,97866
"2025-10-01 09:00:00",95175,97695
"2025-10-01 10:00:00",96163,97534
"2025-10-01 11:00:00",97466,97379
"2025-10-01 12:00:00",96466,97279
"2025-10-01 13:00:00",95225,97190
"2025-10-01 14:00:00",96328,97082
"2025-10-01 15:00:00",97244,96942
"2025-10-01 16:00:00",96107,96771
"2025-10-01 17:00:00",96556,96669
"2025-10-01 18:00:00",96390,96594
"2025-10-01 19:00:00",94890,96529
"2025-10-01 20:00:00",97634,96590
"2025-10-01 21:00:00",98132,96502
"2025-10-01 22:00:00",97797,96424
"2025-10-01 23:00:00",97929,96330
"2025-10-02 00:00:00",98676,96242
"2025-10-02 01:00:00",95601,96121
"2025-10-02 02:00:00",94191,96059
"2025-10-02 03:00:00",94832,96060
"2025-10-02 04:00:00",94495,96066
"2025-10-02 05:00:00",95548,95991
"2025-10-02 06:00:00",95638,95925
"2025-10-02 07:00:00",95537,95913
"2025-10-02 08:00:00",94693,95887
"2025-10-02 09:00:00",96807,95908
"2025-10-02 10:00:00",96819,95897
"2025-10-02 11:00:00",96926,95815
"2025-10-02 12:00:00",97109,95715
"2025-10-02 13:00:00",94497,95655
"2025-10-02 14:00:00",94060,95668
"2025-10-02 15:00:00",94684,95623
"2025-10-02 16:00:00",96294,95652
"2025-10-02 17:00:00",98221,95704
"2025-10-02 18:00:00",98626,95428
"2025-10-02 19:00:00",98708,95162
"2025-10-02 20:00:00",96164,94806
"2025-10-02 21:00:00",95808,94736
"2025-10-02 22:00:00",95502,94705
"2025-10-02 23:00:00",95036,94605
"2025-10-03 00:00:00",95701,94522
"2025-10-03 01:00:00",95840,94495
"2025-10-03 02:00:00",96802,94495
"2025-10-03 03:00:00",97343,94472
"2025-10-03 04:00:00",92940,94378
"2025-10-03 05:00:00",90697,94268
"2025-10-03 06:00:00",93101,94298
"2025-10-03 07:00:00",94004,94337
"2025-10-03 08:00:00",94435,94388
"2025-10-03 09:00:00",95895,94395
"2025-10-03 10:00:00",93835,94306
"2025-10-03 11:00:00",92425,94253
"2025-10-03 12:00:00",95128,94198
"2025-10-03 13:00:00",96523,94159
"2025-10-03 14:00:00",93952,94025
"2025-10-03 15:00:00",95695,93919
"2025-10-03 16:00:00",97204,93776
"2025-10-03 17:00:00",85379,93294
"2025-10-03 18:00:00",85018,93109
"2025-10-03 19:00:00",85035,93011
"2025-10-03 20:00:00",94791,93130
"2025-10-03 21:00:00",96042,93061
"2025-10-03 22:00:00",93302,92926
"2025-10-03 23:00:00",93635,92864
"2025-10-04 00:00:00",94270,91661
"2025-10-04 01:00:00",93783,90450
"2025-10-04 02:00:00",93851,89228
"2025-10-04 03:00:00",94427,88007
"2025-10-04 04:00:00",91775,86779
"2025-10-04 05:00:00",93698,85734
"2025-10-04 06:00:00",95735,84660
"2025-10-04 07:00:00",96212,83486
"2025-10-04 08:00:00",95287,82919
"2025-10-04 09:00:00",94301,83208
"2025-10-04 10:00:00",94935,83616
"2025-10-04 11:00:00",91508,84010
"2025-10-04 12:00:00",91774,84418
"2025-10-04 13:00:00",90745,84684
"2025-10-04 14:00:00",88486,84944
"2025-10-04 15:00:00",88733,85216
"2025-10-04 16:00:00",86437,85435
"2025-10-04 17:00:00",88096,85963
"2025-10-04 18:00:00",91642,86517
"2025-10-04 19:00:00",91185,86739
"2025-10-04 20:00:00",91553,86791
"2025-10-04 21:00:00",91896,86841
"2025-10-04 22:00:00",91682,86986
"2025-10-04 23:00:00",42095,86141
"2025-10-05 00:00:00",42664,86320
"2025-10-05 01:00:00",42150,86513
"2025-10-05 02:00:00",42051,86704
"2025-10-05 03:00:00",40548,86843
"2025-10-05 04:00:00",42231,87052
"2025-10-05 05:00:00",42929,87173
"2025-10-05 06:00:00",40604,87194
"2025-10-05 07:00:00",69064,87851
"2025-10-05 08:00:00",108447,88727
"2025-10-05 09:00:00",110493,88869
"2025-10-05 10:00:00",112331,88989
"2025-10-05 11:00:00",111824,89104
"2025-10-05 12:00:00",107878,89103
"2025-10-05 13:00:00",106417,89187
"2025-10-05 14:00:00",106167,89342
"2025-10-05 15:00:00",107551,89548
"2025-10-05 16:00:00",107300,89779
"2025-10-05 17:00:00",106721,89973
"2025-10-05 18:00:00",95543,89853
"2025-10-05 19:00:00",95843,89974
"2025-10-05 20:00:00",97008,90097
"2025-10-05 21:00:00",99429,90234
"2025-10-05 22:00:00",99894,90333
"2025-10-05 23:00:00",98307,91446
"2025-10-06 00:00:00",100148,92676
"2025-10-06 01:00:00",100227,93897
"2025-10-06 02:00:00",100267,95100
"2025-10-06 03:00:00",98481,95742
"2025-10-06 04:00:00",97807,96431
"2025-10-06 05:00:00",98495,97282
"2025-10-06 06:00:00",99682,98204
"2025-10-06 07:00:00",99550,97549
"2025-10-06 08:00:00",101114,96588
"2025-10-06 09:00:00",100762,95641
"2025-10-06 10:00:00",99335,94697
"2025-10-06 11:00:00",97257,93751
"2025-10-06 12:00:00",97677,92965
"2025-10-06 13:00:00",97510,92219
"2025-10-06 14:00:00",98376,91501
"2025-10-06 15:00:00",98796,90752
"2025-10-06 16:00:00",98821,90003
"2025-10-06 17:00:00",98025,89276
"2025-10-06 18:00:00",97757,88449
"2025-10-06 19:00:00",97327,87681
"2025-10-06 20:00:00",96946,86956
"2025-10-06 21:00:00",96772,86191
"2025-10-06 22:00:00",96414,85414
"2025-10-06 23:00:00",98928,84726
"2025-10-07 00:00:00",99336,84379
"2025-10-07 01:00:00",98059,84058
"2025-10-07 02:00:00",70010,83169
"2025-10-07 03:00:00",72701,82890
"2025-10-07 04:00:00",79649,82774
"2025-10-07 05:00:00",79664,82529
"2025-10-07 06:00:00",32347,81177
"2025-10-07 07:00:00",58233,81294
"2025-10-07 08:00:00",62980,80985
"2025-10-07 09:00:00",66271,80709
"2025-10-07 10:00:00",66450,80431
"2025-10-07 11:00:00",67486,80159
"2025-10-07 12:00:00",68373,78959
"2025-10-07 13:00:00",68235,77754
"2025-10-07 14:00:00",68524,76534
"2025-10-07 15:00:00",68470,75296
"2025-10-07 16:00:00",69778,74116
"2025-10-07 17:00:00",50788,72445
"2025-10-07 18:00:00",54211,72210
"2025-10-07 19:00:00",57606,72164
"2025-10-07 20:00:00",57979,72008
"2025-10-07 21:00:00",57996,71823
"2025-10-07 22:00:00",57134,71628
"2025-10-07 23:00:00",79265,71881
"2025-10-08 00:00:00",82615,71823
"2025-10-08 01:00:00",85386,71809
"2025-10-08 02:00:00",84608,72401
"2025-10-08 03:00:00",86879,72947
"2025-10-08 04:00:00",87835,73266
"2025-10-08 05:00:00",89032,73192
"2025-10-08 06:00:00",89069,74255
"2025-10-08 07:00:00",88328,74751
"2025-10-08 08:00:00",90616,75203
"2025-10-08 09:00:00",92197,75565
"2025-10-08 10:00:00",88960,75837
"2025-10-08 11:00:00",38608,75172
"2025-10-08 12:00:00",39187,75407
"2025-10-08 13:00:00",38981,75586
"2025-10-08 14:00:00",38929,75718
"2025-10-08 15:00:00",40376,75919
"2025-10-08 16:00:00",38430,76118
"2025-10-08 17:00:00",95261,78213
"2025-10-08 18:00:00",104722,79553
"2025-10-08 19:00:00",101427,80533
"2025-10-08 20:00:00",100428,80491
"2025-10-08 21:00:00",101133,80477
"2025-10-08 22:00:00",99296,80522
"2025-10-08 23:00:00",99938,80892
"2025-10-09 00:00:00",100466,81448
"2025-10-09 01:00:00",100169,81972
"2025-10-09 02:00:00",97283,82461
"2025-10-09 03:00:00",94850,82856
"2025-10-09 04:00:00",71328,82596
"2025-10-09 05:00:00",70885,82621
"2025-10-09 06:00:00",75546,82765
"2025-10-09 07:00:00",75504,82924
"2025-10-09 08:00:00",74712,82937
"2025-10-09 09:00:00",75683,82905
"2025-10-09 10:00:00",92251,83414
"2025-10-09 11:00:00",96124,85146
"2025-10-09 12:00:00",94083,86796
"2025-10-09 13:00:00",92120,88468
"2025-10-09 14:00:00",94453,90219
"2025-10-09 15:00:00",101311,92055
"2025-10-09 16:00:00",99375,93829
"2025-10-09 17:00:00",101205,94181
"2025-10-09 18:00:00",98692,94152
"2025-10-09 19:00:00",34724,92535
"2025-10-09 20:00:00",33606,91821
"2025-10-09 21:00:00",38725,91171
"2025-10-09 22:00:00",90044,91867
"2025-10-09 23:00:00",106488,92216
"2025-10-10 00:00:00",109856,92398
"2025-10-10 01:00:00",110705,92594
"2025-10-10 02:00:00",109433,92799
"2025-10-10 03:00:00",105593,92991
"2025-10-10 04:00:00",102855,93801
"2025-10-10 05:00:00",102721,94635
"2025-10-10 06:00:00",107528,95508
"2025-10-10 07:00:00",103577,96229
"2025-10-10 08:00:00",101292,97006
"2025-10-10 09:00:00",104041,97874
"2025-10-10 10:00:00",108270,98319
"2025-10-10 11:00:00",110984,98538
"2025-10-10 12:00:00",113004,98789
"2025-10-10 13:00:00",111889,98963
"2025-10-10 14:00:00",110212,99315
"2025-10-10 15:00:00",112613,99575
"2025-10-10 16:00:00",112683,99889
"2025-10-10 17:00:00",110298,100256
"2025-10-10 18:00:00",109722,100716
"2025-10-10 19:00:00",106650,102897
"2025-10-10 20:00:00",102945,105000
"2025-10-10 21:00:00",103896,107003
"2025-10-10 22:00:00",103865,107554
"2025-10-10 23:00:00",103890,107627
"2025-10-11 00:00:00",105999,107642
"2025-10-11 01:00:00",104443,107590
"2025-10-11 02:00:00",104710,107632
"2025-10-11 03:00:00",104500,107766
"2025-10-11 04:00:00",102560,107890
"2025-10-11 05:00:00",104598,108054
"2025-10-11 06:00:00",106062,108094
"2025-10-11 07:00:00",108600,108307
"2025-10-11 08:00:00",109145,108600
"2025-10-11 09:00:00",105759,108716
"2025-10-11 10:00:00",96195,108472
"2025-10-11 11:00:00",93085,108184
"2025-10-11 12:00:00",87572,107721
"2025-10-11 13:00:00",106809,107919
"2025-10-11 14:00:00",107214,107905
"2025-10-11 15:00:00",109339,107853
"2025-10-11 16:00:00",121597,108125
"2025-10-11 17:00:00",122079,108346
"2025-10-11 18:00:00",122848,108571
"2025-10-11 19:00:00",118923,108701
"2025-10-11 20:00:00",115992,108913
"2025-10-11 21:00:00",115875,109127
"2025-10-11 22:00:00",114684,109256
"2025-10-11 23:00:00",113155,109351
"2025-10-12 00:00:00",115465,109458
"2025-10-12 01:00:00",117852,109670
"2025-10-12 02:00:00",117419,109827
"2025-10-12 03:00:00",114814,109927
"2025-10-12 04:00:00",111338,109994
"2025-10-12 05:00:00",111222,110052
"2025-10-12 06:00:00",111754,110086
"2025-10-12 07:00:00",114259,110129
"2025-10-12 08:00:00",114782,110127
"2025-10-12 09:00:00",114176,110243
"2025-10-12 10:00:00",114558,110741
"2025-10-12 11:00:00",115054,110735
"2025-10-12 12:00:00",115692,110901
"2025-10-12 13:00:00",113584,110407
"2025-10-12 14:00:00",111785,109875
"2025-10-12 15:00:00",111440,109299
"2025-10-12 16:00:00",112934,108404
"2025-10-12 17:00:00",110324,107405
"2025-10-12 18:00:00",105224,106256
"2025-10-12 19:00:00",105862,105307
"2025-10-12 20:00:00",105446,104435
"2025-10-12 21:00:00",100863,103418
"2025-10-12 22:00:00",100506,102570
"2025-10-12 23:00:00",99218,102322
"2025-10-13 00:00:00",100330,102110
"2025-10-13 01:00:00",99601,101785
"2025-10-13 02:00:00",100103,101499
"2025-10-13 03:00:00",98265,101214
"2025-10-13 04:00:00",99226,101083
"2025-10-13 05:00:00",99226,100847
"2025-10-13 06:00:00",100550,100638
"2025-10-13 07:00:00",99006,100280
"2025-10-13 08:00:00",102334,100031
"2025-10-13 09:00:00",108622,99968
"2025-10-13 10:00:00",55391,98137
"2025-10-13 11:00:00",53934,96822
"2025-10-13 12:00:00",52419,95445
"2025-10-13 13:00:00",52220,94047
"2025-10-13 14:00:00",52544,92702
"2025-10-13 15:00:00",52362,91369
"2025-10-13 16:00:00",52513,89986
"2025-10-13 17:00:00",52030,88647
"2025-10-13 18:00:00",52003,87440
"2025-10-13 19:00:00",52196,86071
"2025-10-13 20:00:00",50655,84732
"2025-10-13 21:00:00",58834,83878
"2025-10-13 22:00:00",113070,84748
"2025-10-13 23:00:00",114484,85322
"2025-10-13 23:10:00",113452,
"2025-10-13 23:20:00",115803,
"2025-10-13 23:30:00",116930,
"2025-10-13 23:40:00",117873,
"2025-10-13 23:50:00",118818,
"2025-10-14 00:00:00",118705,85884
"2025-10-14 00:10:00",115245,
"2025-10-14 00:20:00",116576,
"2025-10-14 00:30:00",116999,
"2025-10-14 00:40:00",117507,
"2025-10-14 00:50:00",118582,
"2025-10-14 01:00:00",118696,86509
"2025-10-14 01:10:00",116022,
"2025-10-14 01:20:00",116813,
"2025-10-14 01:30:00",117654,
"2025-10-14 01:40:00",118694,
"2025-10-14 01:50:00",119325,
"2025-10-14 02:00:00",109123,87091
"2025-10-14 02:10:00",106324,
"2025-10-14 02:20:00",106980,
"2025-10-14 02:30:00",107998,
"2025-10-14 02:40:00",117944,
"2025-10-14 02:50:00",118089,
"2025-10-14 03:00:00",118054,87753
"2025-10-14 03:10:00",106469,
"2025-10-14 03:20:00",106531,
"2025-10-14 03:30:00",107780,
"2025-10-14 03:40:00",108632,
"2025-10-14 03:50:00",97941,
"2025-10-14 04:00:00",100820,88080
"2025-10-14 04:10:00",102595,
"2025-10-14 04:20:00",105700,
"2025-10-14 04:30:00",106585,
"2025-10-14 04:40:00",107937,
"2025-10-14 04:50:00",109052,
"2025-10-14 05:00:00",109544,88439
"2025-10-14 05:10:00",106180,
"2025-10-14 05:20:00",106083,
"2025-10-14 05:30:00",107240,
"2025-10-14 05:40:00",107738,
"2025-10-14 05:50:00",108699,
"2025-10-14 06:00:00",108856,88754
"2025-10-14 06:10:00",105692,
"2025-10-14 06:20:00",107200,
"2025-10-14 06:30:00",108047,
"2025-10-14 06:40:00",108722,
"2025-10-14 06:50:00",108761,
"2025-10-14 07:00:00",109127,89161
"2025-10-14 07:10:00",105634,
"2025-10-14 07:20:00",106367,
"2025-10-14 07:30:00",108513,
"2025-10-14 07:40:00",108795,
"2025-10-14 07:50:00",109644,
"2025-10-14 08:00:00",110194,89474
"2025-10-14 08:10:00",105854,
"2025-10-14 08:20:00",107341,
"2025-10-14 08:30:00",108874,
"2025-10-14 08:40:00",108530,
"2025-10-14 08:50:00",109044,
"2025-10-14 09:00:00",108761,89536
"2025-10-14 09:10:00",106087,
"2025-10-14 09:20:00",106711,
"2025-10-14 09:30:00",106389,
"2025-10-14 09:40:00",107377,
"2025-10-14 09:50:00",108245,
"2025-10-14 10:00:00",108466,91489
"2025-10-14 10:10:00",105310,
"2025-10-14 10:20:00",106506,
"2025-10-14 10:30:00",111140,
"2025-10-14 10:40:00",112532,
"2025-10-14 10:50:00",113205,
"2025-10-14 11:00:00",113636,93468
"2025-10-14 11:10:00",103615,
"2025-10-14 11:20:00",104518,
"2025-10-14 11:30:00",105420,
"2025-10-14 11:40:00",106097,
"2025-10-14 11:50:00",106834,
"2025-10-14 12:00:00",99826,95204
"2025-10-14 12:10:00",100928,
"2025-10-14 12:20:00",104456,
"2025-10-14 12:30:00",104176,
"2025-10-14 12:40:00",105374,
"2025-10-14 12:50:00",104355,
"2025-10-14 13:00:00",103227,96931
"2025-10-14 13:10:00",103780,
"2025-10-14 13:20:00",103609,
"2025-10-14 13:30:00",104018,
"2025-10-14 13:40:00",103665,
"2025-10-14 13:50:00",105053,
"2025-10-14 14:00:00",104821,98755
"2025-10-14 14:10:00",103809,
"2025-10-14 14:20:00",105324,
"2025-10-14 14:30:00",106470,
"2025-10-14 14:40:00",106915,
"2025-10-14 14:50:00",107294,
"2025-10-14 15:00:00",107633,100598
"2025-10-14 15:10:00",104302,
"2025-10-14 15:20:00",105380,
"2025-10-14 15:30:00",106030,
"2025-10-14 15:40:00",105955,
"2025-10-14 15:50:00",106425,
"2025-10-14 16:00:00",106763,102410
"2025-10-14 16:10:00",103979,
"2025-10-14 16:20:00",104403,
"2025-10-14 16:30:00",104933,
"2025-10-14 16:40:00",104060,
"2025-10-14 16:50:00",104743,
"2025-10-14 17:00:00",104397,104159
"2025-10-14 17:10:00",100921,
"2025-10-14 17:20:00",99022,
"2025-10-14 17:30:00",93724,
"2025-10-14 17:40:00",92612,
"2025-10-14 17:50:00",85234,
"2025-10-14 18:00:00",88171,105474
"2025-10-14 18:10:00",90461,
"2025-10-14 18:20:00",84781,
"2025-10-14 18:30:00",85658,
"2025-10-14 18:40:00",86792,
"2025-10-14 18:50:00",89100,
"2025-10-14 19:00:00",90691,107176
"2025-10-14 19:10:00",91358,
"2025-10-14 19:20:00",92543,
"2025-10-14 19:30:00",98560,
"2025-10-14 19:40:00",95579,
"2025-10-14 19:50:00",96123,
"2025-10-14 20:00:00",99169,109110
"2025-10-14 20:10:00",100755,
"2025-10-14 20:20:00",103473,
"2025-10-14 20:30:00",103440,
"2025-10-14 20:40:00",105013,
"2025-10-14 20:50:00",105985,
"2025-10-14 21:00:00",106569,110923
"2025-10-14 21:10:00",104410,
"2025-10-14 21:20:00",106257,
"2025-10-14 21:30:00",107848,
"2025-10-14 21:40:00",108168,
"2025-10-14 21:50:00",112148,
"2025-10-14 22:00:00",111582,110858
"2025-10-14 22:10:00",35087,
"2025-10-14 22:20:00",53765,
"2025-10-14 22:30:00",69999,
"2025-10-14 22:40:00",81428,
"2025-10-14 22:50:00",93962,
"2025-10-14 23:00:00",98046,110882
"2025-10-14 23:10:00",105768,
"2025-10-14 23:20:00",113684,
"2025-10-14 23:30:00",116455,
"2025-10-14 23:40:00",119304,
"2025-10-14 23:50:00",120075,
"2025-10-15 00:00:00",117875,110906
"2025-10-15 00:10:00",117973,
"2025-10-15 00:20:00",119226,
"2025-10-15 00:30:00",120574,
"2025-10-15 00:40:00",121395,
"2025-10-15 00:50:00",121818,
"2025-10-15 01:00:00",120467,110952
"2025-10-15 01:10:00",119766,
"2025-10-15 01:20:00",120409,
"2025-10-15 01:30:00",122450,
"2025-10-15 01:40:00",122522,
"2025-10-15 01:50:00",123640,
"2025-10-15 02:00:00",122564,111035
"2025-10-15 02:10:00",122225,
"2025-10-15 02:20:00",122597,
"2025-10-15 02:30:00",123784,
"2025-10-15 02:40:00",123968,
"2025-10-15 02:50:00",124595,
"2025-10-15 03:00:00",123099,110998
"2025-10-15 03:10:00",113466,
"2025-10-15 03:20:00",114969,
"2025-10-15 03:30:00",115615,
"2025-10-15 03:40:00",115221,
"2025-10-15 03:50:00",117134,
"2025-10-15 04:00:00",115516,111026
"2025-10-15 04:10:00",114188,
"2025-10-15 04:20:00",111450,
"2025-10-15 04:30:00",111601,
"2025-10-15 04:40:00",114480,
"2025-10-15 04:50:00",115847,
"2025-10-15 05:00:00",114040,111205
"2025-10-15 05:10:00",114933,
"2025-10-15 05:20:00",116683,
"2025-10-15 05:30:00",117752,
"2025-10-15 05:40:00",115666,
"2025-10-15 05:50:00",118606,
"2025-10-15 06:00:00",118226,111424
"2025-10-15 06:10:00",116451,
"2025-10-15 06:20:00",117798,
"2025-10-15 06:30:00",118641,
"2025-10-15 06:40:00",119125,
"2025-10-15 06:50:00",119789,
"2025-10-15 07:00:00",117710,111630
"2025-10-15 07:10:00",116408,
"2025-10-15 07:20:00",117378,
"2025-10-15 07:30:00",118321,
"2025-10-15 07:40:00",119749,
"2025-10-15 07:50:00",120213,
"2025-10-15 08:00:00",119021,111846
"2025-10-15 08:10:00",117134,
"2025-10-15 08:20:00",118515,
"2025-10-15 08:30:00",119376,
"2025-10-15 08:40:00",120556,
"2025-10-15 08:50:00",120899,
"2025-10-15 09:00:00",118694,112054
"2025-10-15 09:10:00",117278,
"2025-10-15 09:20:00",118768,
"2025-10-15 09:30:00",119555,
"2025-10-15 09:40:00",119122,
"2025-10-15 09:50:00",118561,
"2025-10-15 10:00:00",115855,112116
"2025-10-15 10:10:00",116486,
"2025-10-15 10:20:00",117885,
"2025-10-15 10:30:00",119058,
"2025-10-15 10:40:00",116689,
"2025-10-15 10:50:00",119209,
"2025-10-15 11:00:00",116602,112088
"2025-10-15 11:10:00",110677,
"2025-10-15 11:20:00",111045,
"2025-10-15 11:30:00",109526,
"2025-10-15 11:40:00",109107,
"2025-10-15 11:50:00",107185,
"2025-10-15 12:00:00",105545,112041
"2025-10-15 12:10:00",104118,
"2025-10-15 12:20:00",104815,
"2025-10-15 12:30:00",105641,
"2025-10-15 12:40:00",106091,
"2025-10-15 12:50:00",107043,
"2025-10-15 13:00:00",102856,112176
"2025-10-15 13:10:00",104191,
"2025-10-15 13:20:00",105285,
"2025-10-15 13:30:00",105679,
"2025-10-15 13:40:00",106461,
"2025-10-15 13:50:00",110055,
"2025-10-15 14:00:00",109197,112274
"2025-10-15 14:10:00",110497,
"2025-10-15 14:20:00",110118,
"2025-10-15 14:30:00",111025,
"2025-10-15 14:40:00",111823,
"2025-10-15 14:50:00",110006,
"2025-10-15 15:00:00",108051,112355
"2025-10-15 15:10:00",108042,
"2025-10-15 15:20:00",108844,
"2025-10-15 15:30:00",110227,
"2025-10-15 15:40:00",111415,
"2025-10-15 15:50:00",111803,
"2025-10-15 16:00:00",109576,112416
"2025-10-15 16:10:00",108324,
"2025-10-15 16:20:00",109100,
"2025-10-15 16:30:00",110265,
"2025-10-15 16:40:00",109323,
"2025-10-15 16:50:00",108605,
"2025-10-15 17:00:00",106951,112559
"2025-10-15 17:10:00",108732,
"2025-10-15 17:20:00",110213,
"2025-10-15 17:30:00",110587,
"2025-10-15 17:40:00",109869,
"2025-10-15 17:50:00",110413,
"2025-10-15 18:00:00",109352,113229
"2025-10-15 18:10:00",108764,
"2025-10-15 18:20:00",109321,
"2025-10-15 18:30:00",110146,
"2025-10-15 18:40:00",110442,
"2025-10-15 18:50:00",111112,
"2025-10-15 19:00:00",110737,113609
"2025-10-15 19:10:00",106956,
"2025-10-15 19:20:00",107899,
"2025-10-15 19:30:00",108375,
"2025-10-15 19:40:00",109926,
"2025-10-15 19:50:00",110375,
"2025-10-15 20:00:00",110950,113746
"2025-10-15 20:10:00",105754,
"2025-10-15 20:20:00",105934,
"2025-10-15 20:30:00",106984,
"2025-10-15 20:40:00",107239,
"2025-10-15 20:50:00",106641,
"2025-10-15 21:00:00",106872,113683
"2025-10-15 21:10:00",104782,
"2025-10-15 21:20:00",108974,
"2025-10-15 21:30:00",110176,
"2025-10-15 21:40:00",110857,
"2025-10-15 21:50:00",111290,
"2025-10-15 22:00:00",109440,113621
"2025-10-15 22:10:00",107697,
"2025-10-15 22:20:00",109056,
"2025-10-15 22:30:00",110118,
"2025-10-15 22:40:00",109861,
"2025-10-15 22:50:00",110401,
"2025-10-15 23:00:00",107891,113301
"2025-10-15 23:10:00",107790,
"2025-10-15 23:20:00",108168,
"2025-10-15 23:30:00",109408,
"2025-10-15 23:40:00",110062,
"2025-10-15 23:50:00",111199,
"2025-10-16 00:00:00",109587,112889
"2025-10-16 00:10:00",107290,
"2025-10-16 00:20:00",108344,
"2025-10-16 00:30:00",109070,
"2025-10-16 00:40:00",109969,
"2025-10-16 00:50:00",110299,
"2025-10-16 01:00:00",107376,112317
"2025-10-16 01:10:00",93681,
"2025-10-16 01:20:00",61529,
"2025-10-16 01:30:00",73848,
"2025-10-16 01:40:00",82849,
"2025-10-16 01:50:00",89886,
"2025-10-16 02:00:00",94315,111438
"2025-10-16 02:10:00",97169,
"2025-10-16 02:20:00",96426,
"2025-10-16 02:30:00",96076,
"2025-10-16 02:40:00",97819,
"2025-10-16 02:50:00",98962,
"2025-10-16 03:00:00",97109,110624
"2025-10-16 03:10:00",93825,
"2025-10-16 03:20:00",94783,
"2025-10-16 03:30:00",94712,
"2025-10-16 03:40:00",96488,
"2025-10-16 03:50:00",97889,
"2025-10-16 04:00:00",96785,110127
"2025-10-16 04:10:00",95106,
"2025-10-16 04:20:00",96749,
"2025-10-16 04:30:00",97725,
"2025-10-16 04:40:00",98805,
"2025-10-16 04:50:00",99680,
"2025-10-16 05:00:00",98205,109487
"2025-10-16 05:10:00",96101,
"2025-10-16 05:20:00",96194,
"2025-10-16 05:30:00",96932,
"2025-10-16 05:40:00",97812,
"2025-10-16 05:50:00",98920,
"2025-10-16 06:00:00",97812,108838
"2025-10-16 06:10:00",97206,
"2025-10-16 06:20:00",96945,
"2025-10-16 06:30:00",97678,
"2025-10-16 06:40:00",98594,
"2025-10-16 06:50:00",99618,
"2025-10-16 07:00:00",98610,108194
"2025-10-16 07:10:00",93713,
"2025-10-16 07:20:00",93131,
"2025-10-16 07:30:00",96922,
"2025-10-16 07:40:00",97055,
"2025-10-16 07:50:00",100435,
"2025-10-16 08:00:00",98338,107470
"2025-10-16 08:10:00",96516,
"2025-10-16 08:20:00",96011,
"2025-10-16 08:30:00",97437,
"2025-10-16 08:40:00",98145,
"2025-10-16 08:50:00",99073,
"2025-10-16 09:00:00",98214,106813
"2025-10-16 09:10:00",98189,
"2025-10-16 09:20:00",98453,
"2025-10-16 09:30:00",98846,
"2025-10-16 09:40:00",99576,
"2025-10-16 09:50:00",99454,
"2025-10-16 10:00:00",98694,106210
"2025-10-16 10:10:00",97759,
"2025-10-16 10:20:00",97170,
"2025-10-16 10:30:00",98904,
"2025-10-16 10:40:00",99626,
"2025-10-16 10:50:00",100815,
"2025-10-16 11:00:00",99482,105706
"2025-10-16 11:10:00",98927,
"2025-10-16 11:20:00",99556,
"2025-10-16 11:30:00",100229,
"2025-10-16 11:40:00",101177,
"2025-10-16 11:50:00",101234,
"2025-10-16 12:00:00",100686,105450
"2025-10-16 12:10:00",98032,
"2025-10-16 12:20:00",99128,
"2025-10-16 12:30:00",99338,
"2025-10-16 12:40:00",99913,
"2025-10-16 12:50:00",100727,
"2025-10-16 13:00:00",100147,105085
"2025-10-16 13:10:00",99524,
"2025-10-16 13:20:00",99459,
"2025-10-16 13:30:00",100289,
"2025-10-16 13:40:00",100659,
"2025-10-16 13:50:00",100646,
"2025-10-16 14:00:00",100056,104680
"2025-10-16 14:10:00",99211,
"2025-10-16 14:20:00",99856,
"2025-10-16 14:30:00",100618,
"2025-10-16 14:40:00",101345,
"2025-10-16 14:50:00",101584,
"2025-10-16 15:00:00",99655,104249
"2025-10-16 15:10:00",99450,
"2025-10-16 15:20:00",100637,
"2025-10-16 15:30:00",101051,
"2025-10-16 15:40:00",101606,
"2025-10-16 15:50:00",101648,
"2025-10-16 16:00:00",97606,103766
"2025-10-16 16:10:00",96556,
"2025-10-16 16:20:00",97109,
"2025-10-16 16:30:00",98079,
"2025-10-16 16:40:00",97860,
"2025-10-16 16:50:00",98554,
"2025-10-16 17:00:00",96903,103443
"2025-10-16 17:10:00",99940,
"2025-10-16 17:20:00",100704,
"2025-10-16 17:30:00",100721,
"2025-10-16 17:40:00",101015,
"2025-10-16 17:50:00",102244,
"2025-10-16 18:00:00",100758,103139
"2025-10-16 18:10:00",101029,
"2025-10-16 18:20:00",101752,
"2025-10-16 18:30:00",102808,
"2025-10-16 18:40:00",102773,
"2025-10-16 18:50:00",102716,
"2025-10-16 19:00:00",101136,102853
"2025-10-16 19:10:00",100248,
"2025-10-16 19:20:00",101513,
"2025-10-16 19:30:00",102070,
"2025-10-16 19:40:00",102579,
"2025-10-16 19:50:00",103251,
"2025-10-16 20:00:00",101569,102537
"2025-10-16 20:10:00",101117,
"2025-10-16 20:20:00",102360,
"2025-10-16 20:30:00",102424,
"2025-10-16 20:40:00",102329,
"2025-10-16 20:50:00",103583,
"2025-10-16 21:00:00",104065,102289
"2025-10-16 21:10:00",101800,
"2025-10-16 21:20:00",103539,
"2025-10-16 21:30:00",105096,
"2025-10-16 21:40:00",105241,
"2025-10-16 21:50:00",105579,
"2025-10-16 22:00:00",106270,102099
"2025-10-16 22:10:00",102417,
"2025-10-16 22:20:00",103415,
"2025-10-16 22:30:00",104814,
"2025-10-16 22:40:00",105503,
"2025-10-16 22:50:00",105602,
"2025-10-16 23:00:00",106191,101881
"2025-10-16 23:10:00",101998,
"2025-10-16 23:20:00",104160,
"2025-10-16 23:30:00",105619,
"2025-10-16 23:40:00",106444,
"2025-10-16 23:50:00",107029,
"2025-10-17 00:00:00",106769,101680
"2025-10-17 00:10:00",103360,
"2025-10-17 00:20:00",104728,
"2025-10-17 00:30:00",105745,
"2025-10-17 00:40:00",106893,
"2025-10-17 00:50:00",107334,
"2025-10-17 01:00:00",106720,101608
"2025-10-17 01:10:00",102798,
"2025-10-17 01:20:00",104988,
"2025-10-17 01:30:00",106414,
"2025-10-17 01:40:00",107281,
"2025-10-17 01:50:00",107764,
"2025-10-17 02:00:00",107535,101838
"2025-10-17 02:10:00",103477,
"2025-10-17 02:20:00",105324,
"2025-10-17 02:30:00",106700,
"2025-10-17 02:40:00",107511,
"2025-10-17 02:50:00",107591,
"2025-10-17 03:00:00",106882,102081
"2025-10-17 03:10:00",102097,
"2025-10-17 03:20:00",102576,
"2025-10-17 03:30:00",104331,
"2025-10-17 03:40:00",105063,
"2025-10-17 03:50:00",105703,
"2025-10-17 04:00:00",106107,102224
"2025-10-17 04:10:00",103044,
"2025-10-17 04:20:00",104625,
"2025-10-17 04:30:00",105570,
"2025-10-17 04:40:00",105580,
"2025-10-17 04:50:00",105929,
"2025-10-17 05:00:00",106229,102444
"2025-10-17 05:10:00",103706,
"2025-10-17 05:20:00",105544,
"2025-10-17 05:30:00",105222,
"2025-10-17 05:40:00",106453,
"2025-10-17 05:50:00",106987,
"2025-10-17 06:00:00",106911,102637
"2025-10-17 06:10:00",103915,
"2025-10-17 06:20:00",104803,
"2025-10-17 06:30:00",105374,
"2025-10-17 06:40:00",105827,
"2025-10-17 06:50:00",106700,
"2025-10-17 07:00:00",107010,102826
"2025-10-17 07:10:00",103573,
"2025-10-17 07:20:00",104755,
"2025-10-17 07:30:00",104818,
"2025-10-17 07:40:00",105325,
"2025-10-17 07:50:00",105620,
"2025-10-17 08:00:00",106466,103055
"2025-10-17 08:10:00",103277,
"2025-10-17 08:20:00",102821,
"2025-10-17 08:30:00",104329,
"2025-10-17 08:40:00",103931,
"2025-10-17 08:50:00",104218,
"2025-10-17 09:00:00",104756,103290
"2025-10-17 09:10:00",102042,
"2025-10-17 09:20:00",103630,
"2025-10-17 09:30:00",103301,
"2025-10-17 09:40:00",104114,
"2025-10-17 09:50:00",106884,
"2025-10-17 10:00:00",107330,103548
"2025-10-17 10:10:00",104297,
"2025-10-17 10:20:00",105171,
"2025-10-17 10:30:00",105621,
"2025-10-17 10:40:00",106184,
"2025-10-17 10:50:00",107098,
"2025-10-17 11:00:00",95864,103388
"2025-10-17 11:10:00",92632,
"2025-10-17 11:20:00",93472,
"2025-10-17 11:30:00",94731,
"2025-10-17 11:40:00",95412,
"2025-10-17 11:50:00",94755,
"2025-10-17 12:00:00",94727,103292
"2025-10-17 12:10:00",92030,
"2025-10-17 12:20:00",93499,
"2025-10-17 12:30:00",94578,
"2025-10-17 12:40:00",95517,
"2025-10-17 12:50:00",95518,
"2025-10-17 13:00:00",93808,103137
"2025-10-17 13:10:00",84853,
"2025-10-17 13:20:00",86085,
"2025-10-17 13:30:00",86807,
"2025-10-17 13:40:00",87720,
"2025-10-17 13:50:00",87551,
"2025-10-17 14:00:00",85764,102811
"2025-10-17 14:10:00",85551,
"2025-10-17 14:20:00",86515,
"2025-10-17 14:30:00",88216,
"2025-10-17 14:40:00",89148,
"2025-10-17 14:50:00",90012,
"2025-10-17 15:00:00",90549,102513
"2025-10-17 15:10:00",86964,
"2025-10-17 15:20:00",86591,
"2025-10-17 15:30:00",87752,
"2025-10-17 15:40:00",88793,
"2025-10-17 15:50:00",90047,
"2025-10-17 16:00:00",90335,102465
"2025-10-17 16:10:00",87408,
"2025-10-17 16:20:00",88732,
"2025-10-17 16:30:00",88452,
"2025-10-17 16:40:00",89315,
"2025-10-17 16:50:00",94275,
"2025-10-17 17:00:00",95363,102517
"2025-10-17 17:10:00",96970,
"2025-10-17 17:20:00",99426,
"2025-10-17 17:30:00",99857,
"2025-10-17 17:40:00",101063,
"2025-10-17 17:50:00",79255,
"2025-10-17 18:00:00",81454,102466
"2025-10-17 18:10:00",87016,
"2025-10-17 18:20:00",91763,
"2025-10-17 18:30:00",95553,
"2025-10-17 18:40:00",97672,
"2025-10-17 18:50:00",99745,
"2025-10-17 19:00:00",93316,102202
"2025-10-17 19:10:00",94346,
"2025-10-17 19:20:00",88723,
"2025-10-17 19:30:00",90804,
"2025-10-17 19:40:00",92081,
"2025-10-17 19:50:00",92991,
"2025-10-17 20:00:00",90309,101983
"2025-10-17 20:10:00",90717,
"2025-10-17 20:20:00",94212,
"2025-10-17 20:30:00",95507,
"2025-10-17 20:40:00",95966,
"2025-10-17 20:50:00",93538,
"2025-10-17 21:00:00",91187,101746
"2025-10-17 21:10:00",92928,
"2025-10-17 21:20:00",93745,
"2025-10-17 21:30:00",91555,
"2025-10-17 21:40:00",96632,
"2025-10-17 21:50:00",98027,
"2025-10-17 22:00:00",93926,101322
"2025-10-17 22:10:00",86326,
"2025-10-17 22:20:00",85544,
"2025-10-17 22:30:00",87414,
"2025-10-17 22:40:00",88413,
"2025-10-17 22:50:00",90875,
"2025-10-17 23:00:00",86577,100708
"2025-10-17 23:10:00",86704,
"2025-10-17 23:20:00",87306,
"2025-10-17 23:30:00",88451,
"2025-10-17 23:40:00",89311,
"2025-10-17 23:50:00",89243,
"2025-10-18 00:00:00",86031,100162
"2025-10-18 00:10:00",87639,
"2025-10-18 00:20:00",88539,
"2025-10-18 00:30:00",89426,
"2025-10-18 00:40:00",90707,
"2025-10-18 00:50:00",90853,
"2025-10-18 01:00:00",86649,99605
"2025-10-18 01:10:00",88018,
"2025-10-18 01:20:00",88568,
"2025-10-18 01:30:00",89959,
"2025-10-18 01:40:00",90639,
"2025-10-18 01:50:00",91298,
"2025-10-18 02:00:00",86560,99011
"2025-10-18 02:10:00",87639,
"2025-10-18 02:20:00",88101,
"2025-10-18 02:30:00",88031,
"2025-10-18 02:40:00",90335,
"2025-10-18 02:50:00",90100,
"2025-10-18 03:00:00",86021,98359
"2025-10-18 03:10:00",84874,
"2025-10-18 03:20:00",86215,
"2025-10-18 03:30:00",86944,
"2025-10-18 03:40:00",87967,
"2025-10-18 03:50:00",88112,
"2025-10-18 04:00:00",83758,97798
"2025-10-18 04:10:00",85007,
"2025-10-18 04:20:00",86727,
"2025-10-18 04:30:00",87361,
"2025-10-18 04:40:00",88300,
"2025-10-18 04:50:00",89824,
"2025-10-18 05:00:00",85101,97230
"2025-10-18 05:10:00",86138,
"2025-10-18 05:20:00",87496,
"2025-10-18 05:30:00",89395,
"2025-10-18 05:40:00",90170,
"2025-10-18 05:50:00",90692,
"2025-10-18 06:00:00",85496,96803
"2025-10-18 06:10:00",86878,
"2025-10-18 06:20:00",87930,
"2025-10-18 06:30:00",89618,
"2025-10-18 06:40:00",89678,
"2025-10-18 06:50:00",94480,
"2025-10-18 07:00:00",90871,96419
"2025-10-18 07:10:00",94650,
"2025-10-18 07:20:00",95715,
"2025-10-18 07:30:00",95629,
"2025-10-18 07:40:00",95884,
"2025-10-18 07:50:00",95999,
"2025-10-18 08:00:00",92342,96090
"2025-10-18 08:10:00",93578,
"2025-10-18 08:20:00",94212,
"2025-10-18 08:30:00",96593,
"2025-10-18 08:40:00",97087,
"2025-10-18 08:50:00",91743,
"2025-10-18 09:00:00",95231,96155
"2025-10-18 09:10:00",99672,
"2025-10-18 09:20:00",102861,
"2025-10-18 09:30:00",105498,
"2025-10-18 09:40:00",107079,
"2025-10-18 09:50:00",107970,
"2025-10-18 10:00:00",103449,96340
"2025-10-18 10:10:00",96361,
"2025-10-18 10:20:00",100901,
"2025-10-18 10:30:00",109049,
"2025-10-18 10:40:00",112438,
"2025-10-18 10:50:00",112636,
"2025-10-18 11:00:00",108108,96985
"2025-10-18 11:10:00",111078,
"2025-10-18 11:20:00",111329,
"2025-10-18 11:30:00",112086,
"2025-10-18 11:40:00",113662,
"2025-10-18 11:50:00",111415,
"2025-10-18 12:00:00",107329,97662
"2025-10-18 12:10:00",109612,
"2025-10-18 12:20:00",112275,
"2025-10-18 12:30:00",113533,
"2025-10-18 12:40:00",111203,
"2025-10-18 12:50:00",114260,
"2025-10-18 13:00:00",109570,98393
"2025-10-18 13:10:00",110579,
"2025-10-18 13:20:00",111933,
"2025-10-18 13:30:00",113182,
"2025-10-18 13:40:00",113435,
"2025-10-18 13:50:00",114148,
"2025-10-18 14:00:00",109664,99254
"2025-10-18 14:10:00",110373,
"2025-10-18 14:20:00",112008,
"2025-10-18 14:30:00",112781,
"2025-10-18 14:40:00",112809,
"2025-10-18 14:50:00",113380,
"2025-10-18 15:00:00",109175,100126
"2025-10-18 15:10:00",110325,
"2025-10-18 15:20:00",112103,
"2025-10-18 15:30:00",112797,
"2025-10-18 15:40:00",113423,
"2025-10-18 15:50:00",113991,
"2025-10-18 16:00:00",109235,100895
"2025-10-18 16:10:00",111118,
"2025-10-18 16:20:00",112685,
"2025-10-18 16:30:00",113560,
"2025-10-18 16:40:00",114283,
"2025-10-18 16:50:00",114966,
"2025-10-18 17:00:00",109917,101385
"2025-10-18 17:10:00",110827,
"2025-10-18 17:20:00",112130,
"2025-10-18 17:30:00",113517,
"2025-10-18 17:40:00",114190,
"2025-10-18 17:50:00",114581,
"2025-10-18 18:00:00",110505,101955
"2025-10-18 18:10:00",110615,
"2025-10-18 18:20:00",111587,
"2025-10-18 18:30:00",113813,
"2025-10-18 18:40:00",113943,
"2025-10-18 18:50:00",115212,
"2025-10-18 19:00:00",109537,102506
"2025-10-18 19:10:00",104804,
"2025-10-18 19:20:00",105765,
"2025-10-18 19:30:00",107080,
"2025-10-18 19:40:00",107187,
"2025-10-18 19:50:00",107526,
"2025-10-18 20:00:00",103155,102910
"2025-10-18 20:10:00",104451,
"2025-10-18 20:20:00",105547,
"2025-10-18 20:30:00",105762,
"2025-10-18 20:40:00",106781,
"2025-10-18 20:50:00",106897,
"2025-10-18 21:00:00",103418,103280
"2025-10-18 21:10:00",104532,
"2025-10-18 21:20:00",106047,
"2025-10-18 21:30:00",106517,
"2025-10-18 21:40:00",107729,
"2025-10-18 21:50:00",107858,
"2025-10-18 22:00:00",103657,103782
"2025-10-18 22:10:00",105306,
"2025-10-18 22:20:00",105681,
"2025-10-18 22:30:00",106237,
"2025-10-18 22:40:00",107122,
"2025-10-18 22:50:00",107118,
"2025-10-18 23:00:00",102705,104519
"2025-10-18 23:10:00",103747,
"2025-10-18 23:20:00",104828,
"2025-10-18 23:30:00",106306,
"2025-10-18 23:40:00",107623,
"2025-10-18 23:50:00",108684,
"2025-10-19 00:00:00",103266,105068
"2025-10-19 00:10:00",104532,
"2025-10-19 00:20:00",105784,
"2025-10-19 00:30:00",107367,
"2025-10-19 00:40:00",107975,
"2025-10-19 00:50:00",108637,
"2025-10-19 01:00:00",103986,105568
"2025-10-19 01:10:00",105163,
"2025-10-19 01:20:00",106451,
"2025-10-19 01:30:00",107633,
"2025-10-19 01:40:00",106453,
"2025-10-19 01:50:00",107827,
"2025-10-19 02:00:00",103943,106118
"2025-10-19 02:10:00",104935,
"2025-10-19 02:20:00",106430,
"2025-10-19 02:30:00",106643,
"2025-10-19 02:40:00",106918,
"2025-10-19 02:50:00",107778,
"2025-10-19 03:00:00",103759,106685
"2025-10-19 03:10:00",102354,
"2025-10-19 03:20:00",102898,
"2025-10-19 03:30:00",105042,
"2025-10-19 03:40:00",105817,
"2025-10-19 03:50:00",105900,
"2025-10-19 04:00:00",102539,107235
"2025-10-19 04:10:00",104074,
"2025-10-19 04:20:00",104963,
"2025-10-19 04:30:00",105457,
"2025-10-19 04:40:00",106220,
"2025-10-19 04:50:00",106887,
"2025-10-19 05:00:00",103192,107771
"2025-10-19 05:10:00",104036,
"2025-10-19 05:20:00",104247,
"2025-10-19 05:30:00",106378,
"2025-10-19 05:40:00",106879,
"2025-10-19 05:50:00",107209,
"2025-10-19 06:00:00",104248,108221
"2025-10-19 06:10:00",105402,
"2025-10-19 06:20:00",106606,
"2025-10-19 06:30:00",106869,
"2025-10-19 06:40:00",107776,
"2025-10-19 06:50:00",108706,
"2025-10-19 07:00:00",104965,108633
"2025-10-19 07:10:00",105999,
"2025-10-19 07:20:00",106370,
"2025-10-19 07:30:00",106683,
"2025-10-19 07:40:00",107969,
"2025-10-19 07:50:00",109092,
"2025-10-19 08:00:00",104259,109023
"2025-10-19 08:10:00",105470,
"2025-10-19 08:20:00",106845,
"2025-10-19 08:30:00",107701,
"2025-10-19 08:40:00",108543,
"2025-10-19 08:50:00",109504,
"2025-10-19 09:00:00",104296,108964
"2025-10-19 09:10:00",105595,
"2025-10-19 09:20:00",105618,
"2025-10-19 09:30:00",106389,
"2025-10-19 09:40:00",107917,
"2025-10-19 09:50:00",108771,
"2025-10-19 10:00:00",104255,108709
"2025-10-19 10:10:00",106063,
"2025-10-19 10:20:00",106443,
"2025-10-19 10:30:00",107155,
"2025-10-19 10:40:00",107717,
"2025-10-19 10:50:00",108238,
"2025-10-19 11:00:00",104094,108366
"2025-10-19 11:10:00",105309,
"2025-10-19 11:20:00",106645,
"2025-10-19 11:30:00",107014,
"2025-10-19 11:40:00",105650,
"2025-10-19 11:50:00",106056,
"2025-10-19 12:00:00",102414,107924
"2025-10-19 12:10:00",102811,
"2025-10-19 12:20:00",104478,
"2025-10-19 12:30:00",104883,
"2025-10-19 12:40:00",104807,
"2025-10-19 12:50:00",104742,
"2025-10-19 13:00:00",102339,107617
"2025-10-19 13:10:00",103131,
"2025-10-19 13:20:00",104511,
"2025-10-19 13:30:00",105179,
"2025-10-19 13:40:00",105898,
"2025-10-19 13:50:00",107850,
"2025-10-19 14:00:00",104660,107462
"2025-10-19 14:10:00",104807,
"2025-10-19 14:20:00",105996,
"2025-10-19 14:30:00",107432,
"2025-10-19 14:40:00",107040,
"2025-10-19 14:50:00",108445,
"2025-10-19 15:00:00",104618,107333
"2025-10-19 15:10:00",105030,
"2025-10-19 15:20:00",107728,
"2025-10-19 15:30:00",109104,
"2025-10-19 15:40:00",108103,
"2025-10-19 15:50:00",108002,
"2025-10-19 16:00:00",105009,107138
"2025-10-19 16:10:00",106609,
"2025-10-19 16:20:00",106821,
"2025-10-19 16:30:00",107785,
"2025-10-19 16:40:00",107829,
"2025-10-19 16:50:00",108400,
"2025-10-19 17:00:00",101847,106974
"2025-10-19 17:10:00",103495,
"2025-10-19 17:20:00",106410,
"2025-10-19 17:30:00",107151,
"2025-10-19 17:40:00",108153,
"2025-10-19 17:50:00",108786,
"2025-10-19 18:00:00",105118,106666
"2025-10-19 18:10:00",105979,
"2025-10-19 18:20:00",102143,
"2025-10-19 18:30:00",103460,
"2025-10-19 18:40:00",104367,
"2025-10-19 18:50:00",104906,
"2025-10-19 19:00:00",100627,106564
"2025-10-19 19:10:00",103543,
"2025-10-19 19:20:00",104062,
"2025-10-19 19:30:00",103981,
"2025-10-19 19:40:00",104893,
"2025-10-19 19:50:00",105485,
"2025-10-19 20:00:00",100635,106558
"2025-10-19 20:10:00",102899,
"2025-10-19 20:20:00",103967,
"2025-10-19 20:30:00",103193,
"2025-10-19 20:40:00",104518,
"2025-10-19 20:50:00",105431,
"2025-10-19 21:00:00",100579,106523
"2025-10-19 21:10:00",101339,
"2025-10-19 21:20:00",102955,
"2025-10-19 21:30:00",103781,
"2025-10-19 21:40:00",105152,
"2025-10-19 21:50:00",105964,
"2025-10-19 22:00:00",101992,106399
"2025-10-19 22:10:00",102397,
"2025-10-19 22:20:00",102625,
"2025-10-19 22:30:00",103047,
"2025-10-19 22:40:00",101693,
"2025-10-19 22:50:00",55775,
"2025-10-19 23:00:00",52131,104343
"2025-10-19 23:10:00",51326,
"2025-10-19 23:20:00",52157,
"2025-10-19 23:30:00",54247,
"2025-10-19 23:40:00",55134,
"2025-10-19 23:50:00",56367,
"2025-10-20 00:00:00",51602,102245
"2025-10-20 00:10:00",52968,
"2025-10-20 00:20:00",52612,
"2025-10-20 00:30:00",53108,
"2025-10-20 00:40:00",53863,
"2025-10-20 00:50:00",53823,
"2025-10-20 01:00:00",50925,100175
"2025-10-20 01:10:00",52629,
"2025-10-20 01:20:00",53325,
"2025-10-20 01:30:00",53205,
"2025-10-20 01:40:00",53896,
"2025-10-20 01:50:00",54947,
"2025-10-20 02:00:00",51271,98047
"2025-10-20 02:10:00",52049,
"2025-10-20 02:20:00",52029,
"2025-10-20 02:30:00",52404,
"2025-10-20 02:40:00",53194,
"2025-10-20 02:50:00",53624,
"2025-10-20 03:00:00",49915,95952
"2025-10-20 03:10:00",49828,
"2025-10-20 03:20:00",50228,
"2025-10-20 03:30:00",51389,
"2025-10-20 03:40:00",52128,
"2025-10-20 03:50:00",52660,
"2025-10-20 04:00:00",48876,93860
"2025-10-20 04:10:00",49980,
"2025-10-20 04:20:00",50646,
"2025-10-20 04:30:00",51713,
"2025-10-20 04:40:00",52727,
"2025-10-20 04:50:00",53845,
"2025-10-20 05:00:00",49249,91690
"2025-10-20 05:10:00",49564,
"2025-10-20 05:20:00",50437,
"2025-10-20 05:30:00",51332,
"2025-10-20 05:40:00",51910,
"2025-10-20 05:50:00",52432,
"2025-10-20 06:00:00",48219,89486
"2025-10-20 06:10:00",49517,
"2025-10-20 06:20:00",50415,
"2025-10-20 06:30:00",51414,
"2025-10-20 06:40:00",52227,
"2025-10-20 06:50:00",53216,
"2025-10-20 07:00:00",48314,87230
"2025-10-20 07:10:00",50146,
"2025-10-20 07:20:00",50954,
"2025-10-20 07:30:00",51839,
"2025-10-20 07:40:00",52384,
"2025-10-20 07:50:00",52468,
"2025-10-20 08:00:00",48938,85006
"2025-10-20 08:10:00",50646,
"2025-10-20 08:20:00",51365,
"2025-10-20 08:30:00",52236,
"2025-10-20 08:40:00",53656,
"2025-10-20 08:50:00",53830,
"2025-10-20 09:00:00",50006,82829
"2025-10-20 09:10:00",51134,
"2025-10-20 09:20:00",51273,
"2025-10-20 09:30:00",52408,
"2025-10-20 09:40:00",53721,
"2025-10-20 09:50:00",54423,
"2025-10-20 10:00:00",50289,80570
"2025-10-20 10:10:00",51316,
"2025-10-20 10:20:00",52054,
"2025-10-20 10:30:00",51729,
"2025-10-20 10:40:00",51498,
"2025-10-20 10:50:00",51572,
"2025-10-20 11:00:00",48038,78380
"2025-10-20 11:10:00",48994,
"2025-10-20 11:20:00",51206,
"2025-10-20 11:30:00",51578,
"2025-10-20 11:40:00",52280,
"2025-10-20 11:50:00",52601,
"2025-10-20 12:00:00",49002,76332
"2025-10-20 12:10:00",49845,
"2025-10-20 12:20:00",52597,
"2025-10-20 12:30:00",53661,
"2025-10-20 12:40:00",54084,
"2025-10-20 12:50:00",53447,
"2025-10-20 13:00:00",49798,76276
"2025-10-20 13:10:00",56758,
"2025-10-20 13:20:00",71115,
"2025-10-20 13:30:00",87637,
"2025-10-20 13:40:00",97208,
"2025-10-20 13:50:00",105773,
"2025-10-20 14:00:00",107193,76705
"2025-10-20 14:10:00",112817,
"2025-10-20 14:20:00",115686,
"2025-10-20 14:30:00",117122,
"2025-10-20 14:40:00",119032,
"2025-10-20 14:50:00",119869,
"2025-10-20 15:00:00",116607,77181
"2025-10-20 15:10:00",118551,
"2025-10-20 15:20:00",119752,
"2025-10-20 15:30:00",121238,
"2025-10-20 15:40:00",121595,
"2025-10-20 15:50:00",122100,
"2025-10-20 16:00:00",118077,77689
"2025-10-20 16:10:00",119530,
"2025-10-20 16:20:00",119602,
"2025-10-20 16:30:00",121519,
"2025-10-20 16:40:00",122208,
"2025-10-20 16:50:00",121804,
"2025-10-20 17:00:00",117141,78120
"2025-10-20 17:10:00",118862,
"2025-10-20 17:20:00",119422,
"2025-10-20 17:30:00",119605,
"2025-10-20 17:40:00",120687,
"2025-10-20 17:50:00",120011,
"2025-10-20 18:00:00",113663,78568
"2025-10-20 18:10:00",115433,
"2025-10-20 18:20:00",116662,
"2025-10-20 18:30:00",117355,
"2025-10-20 18:40:00",117639,
"2025-10-20 18:50:00",118221,
"2025-10-20 19:00:00",113747,78857
"2025-10-20 19:10:00",109269,
"2025-10-20 19:20:00",110041,
"2025-10-20 19:30:00",110300,
"2025-10-20 19:40:00",110537,
"2025-10-20 19:50:00",111485,
"2025-10-20 20:00:00",106965,78875
"2025-10-20 20:10:00",102395,
"2025-10-20 20:20:00",101653,
"2025-10-20 20:30:00",102492,
"2025-10-20 20:40:00",105039,
"2025-10-20 20:50:00",107008,
"2025-10-20 21:00:00",102958,78845
"2025-10-20 21:10:00",104346,
"2025-10-20 21:20:00",104570,
"2025-10-20 21:30:00",104832,
"2025-10-20 21:40:00",105322,
"2025-10-20 21:50:00",106155,
"2025-10-20 22:00:00",105985,79189
"2025-10-20 22:10:00",109980,
"2025-10-20 22:20:00",110874,
"2025-10-20 22:30:00",111072,
"2025-10-20 22:40:00",109945,
"2025-10-20 22:50:00",112210,
"2025-10-20 23:00:00",109590,81464
"2025-10-20 23:10:00",110081,
"2025-10-20 23:20:00",112127,81464
"2025-10-20 23:30:00",112739,
"2025-10-20 23:40:00",113387,
"2025-10-20 23:50:00",113836,