"2025-09-20 00:00:00",71368,100010
"2025-09-20 01:00:00",75275,100000
"2025-09-20 02:00:00",80213,99968
"2025-09-20 03:00:00",82147,99942
"2025-09-20 04:00:00",86713,99922
"2025-09-20 05:00:00",91344,99946
"2025-09-20 06:00:00",97443,99989
"2025-09-20 07:00:00",103102,100034
"2025-09-20 08:00:00",108028,100172
"2025-09-20 09:00:00",112644,100529
"2025-09-20 10:00:00",118026,100933
"2025-09-20 11:00:00",122854,101317
"2025-09-20 12:00:00",126522,101709
"2025-09-20 13:00:00",128684,102104
"2025-09-20 14:00:00",128539,102472
"2025-09-20 15:00:00",124506,102838
"2025-09-20 16:00:00",116792,103219
"2025-09-20 17:00:00",108344,103527
"2025-09-20 18:00:00",101695,103722
"2025-09-20 19:00:00",95791,103925
"2025-09-20 20:00:00",89124,104075
"2025-09-20 21:00:00",82288,104172
"2025-09-20 22:00:00",76277,104208
"2025-09-20 23:00:00",72522,104221
"2025-09-21 00:00:00",71998,104238
"2025-09-21 01:00:00",75214,104444
"2025-09-21 02:00:00",80223,104917
"2025-09-21 03:00:00",82162,105521
"2025-09-21 04:00:00",87627,106055
"2025-09-21 05:00:00",92540,106445
"2025-09-21 06:00:00",98529,106753
"2025-09-21 07:00:00",106278,107072
"2025-09-21 08:00:00",116363,107291
"2025-09-21 09:00:00",121997,107321
"2025-09-21 10:00:00",126740,107149
"2025-09-21 11:00:00",131658,106826
"2025-09-21 12:00:00",135361,106555
"2025-09-21 13:00:00",136898,106390
"2025-09-21 14:00:00",136820,106290
"2025-09-21 15:00:00",133417,106230
"2025-09-21 16:00:00",124200,106205
"2025-09-21 17:00:00",113179,106202
"2025-09-21 18:00:00",106951,106240
"2025-09-21 19:00:00",99951,106275
"2025-09-21 20:00:00",92216,106339
"2025-09-21 21:00:00",84071,106341
"2025-09-21 22:00:00",77617,106315
"2025-09-21 23:00:00",73072,106300
"2025-09-22 00:00:00",77240,106360
"2025-09-22 01:00:00",87135,106471
"2025-09-22 02:00:00",95451,106507
"2025-09-22 03:00:00",95622,106536
"2025-09-22 04:00:00",97522,106545
"2025-09-22 05:00:00",100435,106555
"2025-09-22 06:00:00",106606,106578
"2025-09-22 07:00:00",111640,106625
"2025-09-22 08:00:00",116910,106653
"2025-09-22 09:00:00",117465,106625
"2025-09-22 10:00:00",118389,106674
"2025-09-22 11:00:00",124544,106653
"2025-09-22 12:00:00",130926,106596
"2025-09-22 13:00:00",134055,106554
"2025-09-22 14:00:00",134944,106590
"2025-09-22 15:00:00",132467,106635
"2025-09-22 16:00:00",123945,106567
"2025-09-22 17:00:00",113909,106470
"2025-09-22 18:00:00",107680,106388
"2025-09-22 19:00:00",101470,106278
"2025-09-22 20:00:00",92211,106141
"2025-09-22 21:00:00",83407,105961
"2025-09-22 22:00:00",77277,105854
"2025-09-22 23:00:00",74308,105802
"2025-09-23 00:00:00",79329,105585
"2025-09-23 01:00:00",86992,105287
"2025-09-23 02:00:00",95256,105050
"2025-09-23 03:00:00",95115,104864
"2025-09-23 04:00:00",97153,104769
"2025-09-23 05:00:00",100397,104718
"2025-09-23 06:00:00",107369,104755
"2025-09-23 07:00:00",112268,104791
"2025-09-23 08:00:00",116530,104845
"2025-09-23 09:00:00",119422,104933
"2025-09-23 10:00:00",118424,104931
"2025-09-23 11:00:00",123446,104974
"2025-09-23 12:00:00",130086,105083
"2025-09-23 13:00:00",135163,105174
"2025-09-23 14:00:00",136235,105211
"2025-09-23 15:00:00",130712,105200
"2025-09-23 16:00:00",121334,105085
"2025-09-23 17:00:00",111689,105026
"2025-09-23 18:00:00",104628,104928
"2025-09-23 19:00:00",97843,104821
"2025-09-23 20:00:00",87498,104708
"2025-09-23 21:00:00",80575,104702
"2025-09-23 22:00:00",75746,104661
"2025-09-23 23:00:00",68301,104552
"2025-09-24 00:00:00",71375,104534
"2025-09-24 01:00:00",80645,104582
"2025-09-24 02:00:00",90285,104716
"2025-09-24 03:00:00",92563,104800
"2025-09-24 04:00:00",95725,104828
"2025-09-24 05:00:00",101215,104828
"2025-09-24 06:00:00",108193,104737
"2025-09-24 07:00:00",113693,104612
"2025-09-24 08:00:00",118601,104465
"2025-09-24 09:00:00",119278,104306
"2025-09-24 10:00:00",119649,104160
"2025-09-24 11:00:00",126438,104020
"2025-09-24 12:00:00",132368,103846
"2025-09-24 13:00:00",135917,103678
"2025-09-24 14:00:00",136132,103500
"2025-09-24 15:00:00",127865,103327
"2025-09-24 16:00:00",119963,103328
"2025-09-24 17:00:00",109379,103325
"2025-09-24 18:00:00",102151,103332
"2025-09-24 19:00:00",95363,103345
"2025-09-24 20:00:00",87694,103413
"2025-09-24 21:00:00",79615,103476
"2025-09-24 22:00:00",73584,103531
"2025-09-24 23:00:00",68945,103454
"2025-09-25 00:00:00",73633,103502
"2025-09-25 01:00:00",85068,103620
"2025-09-25 02:00:00",93005,103655
"2025-09-25 03:00:00",93568,103643
"2025-09-25 04:00:00",95629,103621
"2025-09-25 05:00:00",98557,103573
"2025-09-25 06:00:00",104497,103526
"2025-09-25 07:00:00",109248,103500
"2025-09-25 08:00:00",114170,103472
"2025-09-25 09:00:00",114971,103413
"2025-09-25 10:00:00",115185,103351
"2025-09-25 11:00:00",121135,103272
"2025-09-25 12:00:00",127468,103161
"2025-09-25 13:00:00",130855,103041
"2025-09-25 14:00:00",131696,102897
"2025-09-25 15:00:00",128071,102795
"2025-09-25 16:00:00",120216,102786
"2025-09-25 17:00:00",109959,102806
"2025-09-25 18:00:00",102920,102894
"2025-09-25 19:00:00",97194,102993
"2025-09-25 20:00:00",89613,103043
"2025-09-25 21:00:00",81545,103141
"2025-09-25 22:00:00",71223,103255
"2025-09-25 23:00:00",69848,103507
"2025-09-26 00:00:00",76096,103674
"2025-09-26 01:00:00",85485,103596
"2025-09-26 02:00:00",92415,103303
"2025-09-26 03:00:00",92897,102919
"2025-09-26 04:00:00",94726,102466
"2025-09-26 05:00:00",97906,102118
"2025-09-26 06:00:00",104600,101825
"2025-09-26 07:00:00",109311,101478
"2025-09-26 08:00:00",113327,101151
"2025-09-26 09:00:00",114074,100891
"2025-09-26 10:00:00",113989,100749
"2025-09-26 11:00:00",118941,100684
"2025-09-26 12:00:00",125066,100683
"2025-09-26 13:00:00",127589,100592
"2025-09-26 14:00:00",128647,100485
"2025-09-26 15:00:00",127738,100363
"2025-09-26 16:00:00",120681,100228
"2025-09-26 17:00:00",112339,100101
"2025-09-26 18:00:00",105424,99946
"2025-09-26 19:00:00",98217,99803
"2025-09-26 20:00:00",92048,99734
"2025-09-26 21:00:00",85473,99683
"2025-09-26 22:00:00",78492,99692
"2025-09-26 23:00:00",74251,99603
"2025-09-27 00:00:00",73685,99401
"2025-09-27 01:00:00",76887,99179
"2025-09-27 02:00:00",81067,99119
"2025-09-27 03:00:00",79529,99160
"2025-09-27 04:00:00",84408,99244
"2025-09-27 05:00:00",89004,99301
"2025-09-27 06:00:00",94074,99320
"2025-09-27 07:00:00",99581,99407
"2025-09-27 08:00:00",105572,99595
"2025-09-27 09:00:00",109988,99859
"2025-09-27 10:00:00",112455,100102
"2025-09-27 11:00:00",119439,100323
"2025-09-27 12:00:00",123048,100400
"2025-09-27 13:00:00",125017,100510
"2025-09-27 14:00:00",124909,100632
"2025-09-27 15:00:00",123352,100746
"2025-09-27 16:00:00",116021,100820
"2025-09-27 17:00:00",106727,100854
"2025-09-27 18:00:00",100598,100882
"2025-09-27 19:00:00",95215,100916
"2025-09-27 20:00:00",89176,100892
"2025-09-27 21:00:00",83475,100817
"2025-09-27 22:00:00",74251,100645
"2025-09-27 23:00:00",68498,100529
"2025-09-28 00:00:00",69066,100436
"2025-09-28 01:00:00",78183,100515
"2025-09-28 02:00:00",86113,100628
"2025-09-28 03:00:00",85104,100708
"2025-09-28 04:00:00",88746,100814
"2025-09-28 05:00:00",92689,100840
"2025-09-28 06:00:00",99684,100863
"2025-09-28 07:00:00",107850,100890
"2025-09-28 08:00:00",115122,100832
"2025-09-28 09:00:00",118103,100675
"2025-09-28 10:00:00",119289,100451
"2025-09-28 11:00:00",122546,100154
"2025-09-28 12:00:00",127383,99898
"2025-09-28 13:00:00",130135,99694
"2025-09-28 14:00:00",130042,99560
"2025-09-28 15:00:00",127281,99439
"2025-09-28 16:00:00",119072,99345
"2025-09-28 17:00:00",109330,99270
"2025-09-28 18:00:00",102805,99237
"2025-09-28 19:00:00",95542,99177
"2025-09-28 20:00:00",87558,99116
"2025-09-28 21:00:00",79513,99033
"2025-09-28 22:00:00",72642,98977
"2025-09-28 23:00:00",67238,98934
"2025-09-29 00:00:00",71293,98979
"2025-09-29 01:00:00",80235,99019
"2025-09-29 02:00:00",86885,99013
"2025-09-29 03:00:00",87118,99010
"2025-09-29 04:00:00",88411,98904
"2025-09-29 05:00:00",91515,98814
"2025-09-29 06:00:00",97672,98701
"2025-09-29 07:00:00",102514,98515
"2025-09-29 08:00:00",107019,98258
"2025-09-29 09:00:00",108208,97907
"2025-09-29 10:00:00",108326,97555
"2025-09-29 11:00:00",112411,97229
"2025-09-29 12:00:00",118632,96937
"2025-09-29 13:00:00",123661,96662
"2025-09-29 14:00:00",124407,96369
"2025-09-29 15:00:00",122839,96125
"2025-09-29 16:00:00",115440,95919
"2025-09-29 17:00:00",107215,95792
"2025-09-29 18:00:00",100503,95695
"2025-09-29 19:00:00",93982,95636
"2025-09-29 20:00:00",86218,95576
"2025-09-29 21:00:00",78096,95459
"2025-09-29 22:00:00",71571,95326
"2025-09-29 23:00:00",67681,95224
"2025-09-30 00:00:00",71649,95114
"2025-09-30 01:00:00",79579,94918
"2025-09-30 02:00:00",85761,94589
"2025-09-30 03:00:00",83503,94141
"2025-09-30 04:00:00",85647,93775
"2025-09-30 05:00:00",88317,93412
"2025-09-30 06:00:00",93404,93054
"2025-09-30 07:00:00",96993,92683
"2025-09-30 08:00:00",99079,92309
"2025-09-30 09:00:00",100673,91948
"2025-09-30 10:00:00",101358,91648
"2025-09-30 11:00:00",106025,91437
"2025-09-30 12:00:00",111804,91267
"2025-09-30 13:00:00",115850,91069
"2025-09-30 14:00:00",117759,90862
"2025-09-30 15:00:00",117136,90484
"2025-09-30 16:00:00",111806,89897
"2025-09-30 17:00:00",104692,89412
"2025-09-30 18:00:00",99003,88840
"2025-09-30 19:00:00",92311,88263
"2025-09-30 20:00:00",82604,87791
"2025-09-30 21:00:00",73721,87484
"2025-09-30 22:00:00",67549,87313
"2025-09-30 23:00:00",63441,87190
"2025-10-01 00:00:00",64781,87070
"2025-10-01 01:00:00",68199,86914
"2025-10-01 02:00:00",71324,86731
"2025-10-01 03:00:00",71516,86598
"2025-10-01 04:00:00",73971,86473
"2025-10-01 05:00:00",77292,86336
"2025-10-01 06:00:00",82493,86217
"2025-10-01 07:00:00",87187,86113
"2025-10-01 08:00:00",89526,86004
"2025-10-01 09:00:00",93026,85981
"2025-10-01 10:00:00",96606,85985
"2025-10-01 11:00:00",103036,86016
"2025-10-01 12:00:00",108299,86022
"2025-10-01 13:00:00",111450,86038
"2025-10-01 14:00:00",106623,85962
"2025-10-01 15:00:00",97241,85895
"2025-10-01 16:00:00",94966,86099
"2025-10-01 17:00:00",84119,86194
"2025-10-01 18:00:00",78219,86392
"2025-10-01 19:00:00",76364,86681
"2025-10-01 20:00:00",73135,86965
"2025-10-01 21:00:00",69054,87223
"2025-10-01 22:00:00",64796,87429
"2025-10-01 23:00:00",62239,87624
"2025-10-02 00:00:00",64786,87800
"2025-10-02 01:00:00",68908,87912
"2025-10-02 02:00:00",72599,87996
"2025-10-02 03:00:00",72985,88062
"2025-10-02 04:00:00",74682,88112
"2025-10-02 05:00:00",78672,88145
"2025-10-02 06:00:00",83861,88176
"2025-10-02 07:00:00",88237,88156
"2025-10-02 08:00:00",92803,88177
"2025-10-02 09:00:00",95649,88181
"2025-10-02 10:00:00",99289,88188
"2025-10-02 11:00:00",105104,88184
"2025-10-02 12:00:00",111295,88162
"2025-10-02 13:00:00",114930,88095
"2025-10-02 14:00:00",115814,88098
"2025-10-02 15:00:00",115146,88238
"2025-10-02 16:00:00",111045,88354
"2025-10-02 17:00:00",104501,88547
"2025-10-02 18:00:00",99326,88750
"2025-10-02 19:00:00",93417,88867
"2025-10-02 20:00:00",86325,88965
"2025-10-02 21:00:00",79122,89065
"2025-10-02 22:00:00",73478,89199
"2025-10-02 23:00:00",69491,89296
"2025-10-03 00:00:00",69093,89327
"2025-10-03 01:00:00",71775,89300
"2025-10-03 02:00:00",74637,89232
"2025-10-03 03:00:00",74873,89118
"2025-10-03 04:00:00",75468,88977
"2025-10-03 05:00:00",79381,88861
"2025-10-03 06:00:00",82778,88684
"2025-10-03 07:00:00",87281,88540
"2025-10-03 08:00:00",91572,88412
"2025-10-03 09:00:00",94500,88310
"2025-10-03 10:00:00",98102,88233
"2025-10-03 11:00:00",102532,88134
"2025-10-03 12:00:00",106586,87986
"2025-10-03 13:00:00",109077,87796
"2025-10-03 14:00:00",109487,87613
"2025-10-03 15:00:00",108956,87440
"2025-10-03 16:00:00",104908,87200
"2025-10-03 17:00:00",98155,87030
"2025-10-03 18:00:00",92177,86862
"2025-10-03 19:00:00",88119,86771
"2025-10-03 20:00:00",83259,86787
"2025-10-03 21:00:00",78348,86874
"2025-10-03 22:00:00",72183,86937
"2025-10-03 23:00:00",67539,86997
"2025-10-04 00:00:00",65789,87015
"2025-10-04 01:00:00",67302,86990
"2025-10-04 02:00:00",68350,86903
"2025-10-04 03:00:00",68247,86819
"2025-10-04 04:00:00",69887,86749
"2025-10-04 05:00:00",72533,86729
"2025-10-04 06:00:00",77252,86666
"2025-10-04 07:00:00",82561,86654
"2025-10-04 08:00:00",87899,86682
"2025-10-04 09:00:00",91907,86802
"2025-10-04 10:00:00",95637,86937
"2025-10-04 11:00:00",99609,87071
"2025-10-04 12:00:00",102767,87162
"2025-10-04 13:00:00",105958,87282
"2025-10-04 14:00:00",106685,87387
"2025-10-04 15:00:00",103263,87451
"2025-10-04 16:00:00",102373,87613
"2025-10-04 17:00:00",96415,87730
"2025-10-04 18:00:00",92279,87888
"2025-10-04 19:00:00",91046,88044
"2025-10-04 20:00:00",87503,88095
"2025-10-04 21:00:00",81955,88038
"2025-10-04 22:00:00",76264,87976
"2025-10-04 23:00:00",70891,87859
"2025-10-05 00:00:00",68255,87743
"2025-10-05 01:00:00",68590,87661
"2025-10-05 02:00:00",70104,87635
"2025-10-05 03:00:00",69805,87636
"2025-10-05 04:00:00",74731,87715
"2025-10-05 05:00:00",74399,87652
"2025-10-05 06:00:00",80752,87677
"2025-10-05 07:00:00",86983,87727
"2025-10-05 08:00:00",95552,87825
"2025-10-05 09:00:00",100140,87854
"2025-10-05 10:00:00",104290,87857
"2025-10-05 11:00:00",107194,87834
"2025-10-05 12:00:00",111114,87871
"2025-10-05 13:00:00",113367,87922
"2025-10-05 14:00:00",114852,88048
"2025-10-05 15:00:00",113170,88214
"2025-10-05 16:00:00",109556,88357
"2025-10-05 17:00:00",103843,88511
"2025-10-05 18:00:00",97056,88592
"2025-10-05 19:00:00",89832,88577
"2025-10-05 20:00:00",81842,88494
"2025-10-05 21:00:00",75587,88403
"2025-10-05 22:00:00",67950,88225
"2025-10-05 23:00:00",63437,88088
"2025-10-06 00:00:00",63425,88019
"2025-10-06 01:00:00",65887,88000
"2025-10-06 02:00:00",68826,87973
"2025-10-06 03:00:00",69033,87778
"2025-10-06 04:00:00",70141,87573
"2025-10-06 05:00:00",72305,87467
"2025-10-06 06:00:00",78929,87401
"2025-10-06 07:00:00",84229,86915
"2025-10-06 08:00:00",88939,86429
"2025-10-06 09:00:00",91738,85936
"2025-10-06 10:00:00",95640,85458
"2025-10-06 11:00:00",100588,85050
"2025-10-06 12:00:00",106013,84712
"2025-10-06 13:00:00",111065,84458
"2025-10-06 14:00:00",112636,84197
"2025-10-06 15:00:00",112602,83985
"2025-10-06 16:00:00",109212,83790
"2025-10-06 17:00:00",102620,83568
"2025-10-06 18:00:00",97303,82815
"2025-10-06 19:00:00",91418,82228
"2025-10-06 20:00:00",83842,81755
"2025-10-06 21:00:00",75360,81333
"2025-10-06 22:00:00",68905,81022
"2025-10-06 23:00:00",65005,80764
"2025-10-07 00:00:00",65241,80525
"2025-10-07 01:00:00",65788,80292
"2025-10-07 02:00:00",59795,79917
"2025-10-07 03:00:00",63570,79813
"2025-10-07 04:00:00",66947,79736
"2025-10-07 05:00:00",70849,79705
"2025-10-07 06:00:00",57237,79217
"2025-10-07 07:00:00",66739,79182
"2025-10-07 08:00:00",72996,79095
"2025-10-07 09:00:00",76826,79011
"2025-10-07 10:00:00",81975,78903
"2025-10-07 11:00:00",88739,78788
"2025-10-07 12:00:00",95228,78680
"2025-10-07 13:00:00",99786,78552
"2025-10-07 14:00:00",101939,78425
"2025-10-07 15:00:00",102475,78305
"2025-10-07 16:00:00",98670,78140
"2025-10-07 17:00:00",62545,77216
"2025-10-07 18:00:00",64077,76971
"2025-10-07 19:00:00",63520,76745
"2025-10-07 20:00:00",61105,76547
"2025-10-07 21:00:00",56937,76394
"2025-10-07 22:00:00",52407,76202
"2025-10-07 23:00:00",49140,76009
"2025-10-08 00:00:00",51947,75868
"2025-10-08 01:00:00",55716,75837
"2025-10-08 02:00:00",59917,76149
"2025-10-08 03:00:00",62306,76475
"2025-10-08 04:00:00",66037,76770
"2025-10-08 05:00:00",70617,77021
"2025-10-08 06:00:00",76401,77721
"2025-10-08 07:00:00",81332,78318
"2025-10-08 08:00:00",86611,78894
"2025-10-08 09:00:00",87721,79393
"2025-10-08 10:00:00",90325,79816
"2025-10-08 11:00:00",96207,80187
"2025-10-08 12:00:00",102305,80543
"2025-10-08 13:00:00",106291,80872
"2025-10-08 14:00:00",108182,81202
"2025-10-08 15:00:00",106863,81456
"2025-10-08 16:00:00",100064,81624
"2025-10-08 17:00:00",93113,82524
"2025-10-08 18:00:00",88918,83280
"2025-10-08 19:00:00",83271,83884
"2025-10-08 20:00:00",77852,84294
"2025-10-08 21:00:00",69023,84573
"2025-10-08 22:00:00",63771,84860
"2025-10-08 23:00:00",60100,85142
"2025-10-09 00:00:00",64859,85473
"2025-10-09 01:00:00",74288,85941
"2025-10-09 02:00:00",81361,86471
"2025-10-09 03:00:00",81604,86946
"2025-10-09 04:00:00",81927,87338
"2025-10-09 05:00:00",85083,87711
"2025-10-09 06:00:00",91327,88102
"2025-10-09 07:00:00",96499,88514
"2025-10-09 08:00:00",101201,88982
"2025-10-09 09:00:00",101539,89392
"2025-10-09 10:00:00",102430,89756
"2025-10-09 11:00:00",107978,90073
"2025-10-09 12:00:00",113382,90362
"2025-10-09 13:00:00",117847,90666
"2025-10-09 14:00:00",118010,90897
"2025-10-09 15:00:00",116004,91097
"2025-10-09 16:00:00",109216,91263
"2025-10-09 17:00:00",102158,91408
"2025-10-09 18:00:00",96409,91509
"2025-10-09 19:00:00",83477,91424
"2025-10-09 20:00:00",77141,91410
"2025-10-09 21:00:00",69834,91458
"2025-10-09 22:00:00",64867,91538
"2025-10-09 23:00:00",61050,91598
"2025-10-10 00:00:00",65250,91653
"2025-10-10 01:00:00",73804,91669
"2025-10-10 02:00:00",80711,91666
"2025-10-10 03:00:00",81156,91667
"2025-10-10 04:00:00",82486,91704
"2025-10-10 05:00:00",85977,91775
"2025-10-10 06:00:00",92955,91864
"2025-10-10 07:00:00",102631,92053
"2025-10-10 08:00:00",104850,92115
"2025-10-10 09:00:00",104987,92209
"2025-10-10 10:00:00",103352,92289
"2025-10-10 11:00:00",108200,92359
"2025-10-10 12:00:00",113672,92414
"2025-10-10 13:00:00",116269,92397
"2025-10-10 14:00:00",115524,92366
"2025-10-10 15:00:00",111153,92283
"2025-10-10 16:00:00",103134,92211
"2025-10-10 17:00:00",95708,92158
"2025-10-10 18:00:00",90399,92132
"2025-10-10 19:00:00",83738,92257
"2025-10-10 20:00:00",78910,92484
"2025-10-10 21:00:00",73177,92743
"2025-10-10 22:00:00",67226,92969
"2025-10-10 23:00:00",63994,93217
"2025-10-11 00:00:00",67236,93407
"2025-10-11 01:00:00",74836,93488
"2025-10-11 02:00:00",81606,93457
"2025-10-11 03:00:00",82636,93398
"2025-10-11 04:00:00",85779,93416
"2025-10-11 05:00:00",89081,93454
"2025-10-11 06:00:00",94492,93460
"2025-10-11 07:00:00",100057,93346
"2025-10-11 08:00:00",104779,93334
"2025-10-11 09:00:00",108795,93455
"2025-10-11 10:00:00",107884,93615
"2025-10-11 11:00:00",111550,93816
"2025-10-11 12:00:00",115605,93980
"2025-10-11 13:00:00",118954,94163
"2025-10-11 14:00:00",119310,94357
"2025-10-11 15:00:00",118218,94639
"2025-10-11 16:00:00",112405,94949
"2025-10-11 17:00:00",106210,95272
"2025-10-11 18:00:00",99292,95523
"2025-10-11 19:00:00",97016,95900
"2025-10-11 20:00:00",91380,96213
"2025-10-11 21:00:00",85409,96503
"2025-10-11 22:00:00",79910,96784
"2025-10-11 23:00:00",74450,96988
"2025-10-12 00:00:00",71632,97029
"2025-10-12 01:00:00",71097,96905
"2025-10-12 02:00:00",74541,96797
"2025-10-12 03:00:00",77386,96781
"2025-10-12 04:00:00",82404,96790
"2025-10-12 05:00:00",86640,96798
"2025-10-12 06:00:00",91827,96766
"2025-10-12 07:00:00",99722,96814
"2025-10-12 08:00:00",106037,96873
"2025-10-12 09:00:00",111504,96947
"2025-10-12 10:00:00",116409,97153
"2025-10-12 11:00:00",120487,97315
"2025-10-12 12:00:00",124301,97471
"2025-10-12 13:00:00",126097,97605
"2025-10-12 14:00:00",125934,97742
"2025-10-12 15:00:00",121902,97796
"2025-10-12 16:00:00",114190,97812
"2025-10-12 17:00:00",105924,97772
"2025-10-12 18:00:00",98807,97726
"2025-10-12 19:00:00",93004,97592
"2025-10-12 20:00:00",85995,97393
"2025-10-12 21:00:00",78050,97154
"2025-10-12 22:00:00",71367,96885
"2025-10-12 23:00:00",67098,96665
"2025-10-13 00:00:00",70523,96640
"2025-10-13 01:00:00",79502,96914
"2025-10-13 02:00:00",86342,97289
"2025-10-13 03:00:00",86737,97573
"2025-10-13 04:00:00",89427,97786
"2025-10-13 05:00:00",90943,97921
"2025-10-13 06:00:00",97065,98091
"2025-10-13 07:00:00",101813,98150
"2025-10-13 08:00:00",105713,98145
"2025-10-13 09:00:00",107401,98014
"2025-10-13 10:00:00",107201,97730
"2025-10-13 11:00:00",111273,97448
"2025-10-13 12:00:00",117104,97225
"2025-10-13 13:00:00",120446,97042
"2025-10-13 14:00:00",120640,96872
"2025-10-13 15:00:00",118411,96771
"2025-10-13 16:00:00",111188,96667
"2025-10-13 17:00:00",102955,96560
"2025-10-13 18:00:00",97618,96506
"2025-10-13 19:00:00",89769,96392
"2025-10-13 20:00:00",84631,96364
"2025-10-13 21:00:00",77369,96343
"2025-10-13 22:00:00",71964,96362
"2025-10-13 23:00:00",67604,96351
"2025-10-13 23:10:00",66971,
"2025-10-13 23:20:00",66840,
"2025-10-13 23:30:00",67690,
"2025-10-13 23:40:00",67861,
"2025-10-13 23:50:00",67519,
"2025-10-14 00:00:00",66051,96334
"2025-10-14 00:10:00",66757,
"2025-10-14 00:20:00",68959,
"2025-10-14 00:30:00",69930,
"2025-10-14 00:40:00",71188,
"2025-10-14 00:50:00",71807,
"2025-10-14 01:00:00",72156,96305
"2025-10-14 01:10:00",74034,
"2025-10-14 01:20:00",77125,
"2025-10-14 01:30:00",78611,
"2025-10-14 01:40:00",79705,
"2025-10-14 01:50:00",80252,
"2025-10-14 02:00:00",76695,96229
"2025-10-14 02:10:00",78397,
"2025-10-14 02:20:00",81012,
"2025-10-14 02:30:00",82114,
"2025-10-14 02:40:00",84477,
"2025-10-14 02:50:00",85620,
"2025-10-14 03:00:00",86019,96168
"2025-10-14 03:10:00",84026,
"2025-10-14 03:20:00",85115,
"2025-10-14 03:30:00",85446,
"2025-10-14 03:40:00",85283,
"2025-10-14 03:50:00",85223,
"2025-10-14 04:00:00",85689,96125
"2025-10-14 04:10:00",86165,
"2025-10-14 04:20:00",88025,
"2025-10-14 04:30:00",88575,
"2025-10-14 04:40:00",89091,
"2025-10-14 04:50:00",89217,
"2025-10-14 05:00:00",87883,96090
"2025-10-14 05:10:00",88340,
"2025-10-14 05:20:00",89861,
"2025-10-14 05:30:00",90282,
"2025-10-14 05:40:00",90994,
"2025-10-14 05:50:00",91272,
"2025-10-14 06:00:00",90734,96023
"2025-10-14 06:10:00",91965,
"2025-10-14 06:20:00",94313,
"2025-10-14 06:30:00",95334,
"2025-10-14 06:40:00",96198,
"2025-10-14 06:50:00",95368,
"2025-10-14 07:00:00",95224,96027
"2025-10-14 07:10:00",97364,
"2025-10-14 07:20:00",99198,
"2025-10-14 07:30:00",100624,
"2025-10-14 07:40:00",101407,
"2025-10-14 07:50:00",102013,
"2025-10-14 08:00:00",101694,95991
"2025-10-14 08:10:00",102102,
"2025-10-14 08:20:00",104565,
"2025-10-14 08:30:00",105145,
"2025-10-14 08:40:00",104487,
"2025-10-14 08:50:00",104955,
"2025-10-14 09:00:00",105619,95989
"2025-10-14 09:10:00",105638,
"2025-10-14 09:20:00",107152,
"2025-10-14 09:30:00",107703,
"2025-10-14 09:40:00",106931,
"2025-10-14 09:50:00",107233,
"2025-10-14 10:00:00",106622,95982
"2025-10-14 10:10:00",105112,
"2025-10-14 10:20:00",106837,
"2025-10-14 10:30:00",107826,
"2025-10-14 10:40:00",107818,
"2025-10-14 10:50:00",107138,
"2025-10-14 11:00:00",108300,95965
"2025-10-14 11:10:00",108740,
"2025-10-14 11:20:00",110028,
"2025-10-14 11:30:00",111209,
"2025-10-14 11:40:00",111229,
"2025-10-14 11:50:00",111486,
"2025-10-14 12:00:00",112573,95934
"2025-10-14 12:10:00",114493,
"2025-10-14 12:20:00",115691,
"2025-10-14 12:30:00",116398,
"2025-10-14 12:40:00",116041,
"2025-10-14 12:50:00",116608,
"2025-10-14 13:00:00",117397,95913
"2025-10-14 13:10:00",118866,
"2025-10-14 13:20:00",120119,
"2025-10-14 13:30:00",119940,
"2025-10-14 13:40:00",119802,
"2025-10-14 13:50:00",120066,
"2025-10-14 14:00:00",120085,95938
"2025-10-14 14:10:00",121494,
"2025-10-14 14:20:00",120645,
"2025-10-14 14:30:00",119786,
"2025-10-14 14:40:00",118815,
"2025-10-14 14:50:00",117469,
"2025-10-14 15:00:00",117579,95899
"2025-10-14 15:10:00",117043,
"2025-10-14 15:20:00",116513,
"2025-10-14 15:30:00",113954,
"2025-10-14 15:40:00",112319,
"2025-10-14 15:50:00",111455,
"2025-10-14 16:00:00",109817,95834
"2025-10-14 16:10:00",107804,
"2025-10-14 16:20:00",106446,
"2025-10-14 16:30:00",105161,
"2025-10-14 16:40:00",103665,
"2025-10-14 16:50:00",102099,
"2025-10-14 17:00:00",101302,95767
"2025-10-14 17:10:00",100398,
"2025-10-14 17:20:00",99793,
"2025-10-14 17:30:00",100317,
"2025-10-14 17:40:00",98356,
"2025-10-14 17:50:00",97135,
"2025-10-14 18:00:00",96478,95697
"2025-10-14 18:10:00",95948,
"2025-10-14 18:20:00",94987,
"2025-10-14 18:30:00",95170,
"2025-10-14 18:40:00",93901,
"2025-10-14 18:50:00",92117,
"2025-10-14 19:00:00",91376,95712
"2025-10-14 19:10:00",90717,
"2025-10-14 19:20:00",89864,
"2025-10-14 19:30:00",88659,
"2025-10-14 19:40:00",87675,
"2025-10-14 19:50:00",86230,
"2025-10-14 20:00:00",84706,95672
"2025-10-14 20:10:00",83802,
"2025-10-14 20:20:00",80573,
"2025-10-14 20:30:00",80556,
"2025-10-14 20:40:00",80542,
"2025-10-14 20:50:00",78318,
"2025-10-14 21:00:00",77364,95619
"2025-10-14 21:10:00",73350,
"2025-10-14 21:20:00",71882,
"2025-10-14 21:30:00",71242,
"2025-10-14 21:40:00",70099,
"2025-10-14 21:50:00",69131,
"2025-10-14 22:00:00",68139,95463
"2025-10-14 22:10:00",61984,
"2025-10-14 22:20:00",63778,
"2025-10-14 22:30:00",63945,
"2025-10-14 22:40:00",62797,
"2025-10-14 22:50:00",62102,
"2025-10-14 23:00:00",61616,95251
"2025-10-14 23:10:00",61013,
"2025-10-14 23:20:00",60838,
"2025-10-14 23:30:00",60617,
"2025-10-14 23:40:00",60615,
"2025-10-14 23:50:00",60682,
"2025-10-15 00:00:00",61193,95077
"2025-10-15 00:10:00",61774,
"2025-10-15 00:20:00",62506,
"2025-10-15 00:30:00",63349,
"2025-10-15 00:40:00",64771,
"2025-10-15 00:50:00",66030,
"2025-10-15 01:00:00",67613,94895
"2025-10-15 01:10:00",69528,
"2025-10-15 01:20:00",71000,
"2025-10-15 01:30:00",72128,
"2025-10-15 01:40:00",73434,
"2025-10-15 01:50:00",74455,
"2025-10-15 02:00:00",75537,94765
"2025-10-15 02:10:00",77038,
"2025-10-15 02:20:00",78638,
"2025-10-15 02:30:00",79267,
"2025-10-15 02:40:00",79690,
"2025-10-15 02:50:00",81451,
"2025-10-15 03:00:00",81844,94629
"2025-10-15 03:10:00",80316,
"2025-10-15 03:20:00",80715,
"2025-10-15 03:30:00",81004,
"2025-10-15 03:40:00",81196,
"2025-10-15 03:50:00",81582,
"2025-10-15 04:00:00",81585,94457
"2025-10-15 04:10:00",82154,
"2025-10-15 04:20:00",83089,
"2025-10-15 04:30:00",83903,
"2025-10-15 04:40:00",83998,
"2025-10-15 04:50:00",84009,
"2025-10-15 05:00:00",83876,94306
"2025-10-15 05:10:00",84290,
"2025-10-15 05:20:00",84524,
"2025-10-15 05:30:00",84895,
"2025-10-15 05:40:00",85173,
"2025-10-15 05:50:00",86796,
"2025-10-15 06:00:00",89011,94287
"2025-10-15 06:10:00",90275,
"2025-10-15 06:20:00",91020,
"2025-10-15 06:30:00",93795,
"2025-10-15 06:40:00",94870,
"2025-10-15 06:50:00",95640,
"2025-10-15 07:00:00",95541,94186
"2025-10-15 07:10:00",95838,
"2025-10-15 07:20:00",96659,
"2025-10-15 07:30:00",98397,
"2025-10-15 07:40:00",99117,
"2025-10-15 07:50:00",99826,
"2025-10-15 08:00:00",100403,94102
"2025-10-15 08:10:00",100992,
"2025-10-15 08:20:00",101799,
"2025-10-15 08:30:00",102446,
"2025-10-15 08:40:00",102871,
"2025-10-15 08:50:00",103458,
"2025-10-15 09:00:00",103903,93968
"2025-10-15 09:10:00",103980,
"2025-10-15 09:20:00",104393,
"2025-10-15 09:30:00",104397,
"2025-10-15 09:40:00",103509,
"2025-10-15 09:50:00",103905,
"2025-10-15 10:00:00",104040,93838
"2025-10-15 10:10:00",102922,
"2025-10-15 10:20:00",103565,
"2025-10-15 10:30:00",103924,
"2025-10-15 10:40:00",103845,
"2025-10-15 10:50:00",104676,
"2025-10-15 11:00:00",105304,93751
"2025-10-15 11:10:00",106189,
"2025-10-15 11:20:00",107207,
"2025-10-15 11:30:00",108280,
"2025-10-15 11:40:00",108593,
"2025-10-15 11:50:00",109527,
"2025-10-15 12:00:00",110203,93677
"2025-10-15 12:10:00",111307,
"2025-10-15 12:20:00",112546,
"2025-10-15 12:30:00",113331,
"2025-10-15 12:40:00",113857,
"2025-10-15 12:50:00",115041,
"2025-10-15 13:00:00",116261,93631
"2025-10-15 13:10:00",116776,
"2025-10-15 13:20:00",117901,
"2025-10-15 13:30:00",118386,
"2025-10-15 13:40:00",118841,
"2025-10-15 13:50:00",119389,
"2025-10-15 14:00:00",119779,93553
"2025-10-15 14:10:00",119544,
"2025-10-15 14:20:00",119834,
"2025-10-15 14:30:00",119481,
"2025-10-15 14:40:00",118998,
"2025-10-15 14:50:00",115107,
"2025-10-15 15:00:00",114894,93437
"2025-10-15 15:10:00",113644,
"2025-10-15 15:20:00",112183,
"2025-10-15 15:30:00",111826,
"2025-10-15 15:40:00",110697,
"2025-10-15 15:50:00",109262,
"2025-10-15 16:00:00",107923,93373
"2025-10-15 16:10:00",105968,
"2025-10-15 16:20:00",104585,
"2025-10-15 16:30:00",103326,
"2025-10-15 16:40:00",101779,
"2025-10-15 16:50:00",98527,
"2025-10-15 17:00:00",97083,93224
"2025-10-15 17:10:00",95837,
"2025-10-15 17:20:00",94527,
"2025-10-15 17:30:00",93660,
"2025-10-15 17:40:00",92636,
"2025-10-15 17:50:00",92128,
"2025-10-15 18:00:00",91431,93064
"2025-10-15 18:10:00",90567,
"2025-10-15 18:20:00",89713,
"2025-10-15 18:30:00",88905,
"2025-10-15 18:40:00",87922,
"2025-10-15 18:50:00",87032,
"2025-10-15 19:00:00",85726,92885
"2025-10-15 19:10:00",84767,
"2025-10-15 19:20:00",83437,
"2025-10-15 19:30:00",82755,
"2025-10-15 19:40:00",79889,
"2025-10-15 19:50:00",78835,
"2025-10-15 20:00:00",77885,92669
"2025-10-15 20:10:00",76538,
"2025-10-15 20:20:00",76049,
"2025-10-15 20:30:00",75824,
"2025-10-15 20:40:00",75137,
"2025-10-15 20:50:00",74301,
"2025-10-15 21:00:00",73314,92562
"2025-10-15 21:10:00",72086,
"2025-10-15 21:20:00",71272,
"2025-10-15 21:30:00",70190,
"2025-10-15 21:40:00",69276,
"2025-10-15 21:50:00",68116,
"2025-10-15 22:00:00",67295,92569
"2025-10-15 22:10:00",66413,
"2025-10-15 22:20:00",65786,
"2025-10-15 22:30:00",65311,
"2025-10-15 22:40:00",64847,
"2025-10-15 22:50:00",64181,
"2025-10-15 23:00:00",63578,92674
"2025-10-15 23:10:00",63019,
"2025-10-15 23:20:00",62503,
"2025-10-15 23:30:00",62006,
"2025-10-15 23:40:00",61804,
"2025-10-15 23:50:00",61968,
"2025-10-16 00:00:00",62514,92746
"2025-10-16 00:10:00",62976,
"2025-10-16 00:20:00",63798,
"2025-10-16 00:30:00",64721,
"2025-10-16 00:40:00",66242,
"2025-10-16 00:50:00",67152,
"2025-10-16 01:00:00",68734,92796
"2025-10-16 01:10:00",69734,
"2025-10-16 01:20:00",67631,
"2025-10-16 01:30:00",71352,
"2025-10-16 01:40:00",73809,
"2025-10-16 01:50:00",75352,
"2025-10-16 02:00:00",76790,92818
"2025-10-16 02:10:00",78460,
"2025-10-16 02:20:00",78607,
"2025-10-16 02:30:00",79550,
"2025-10-16 02:40:00",80080,
"2025-10-16 02:50:00",81637,
"2025-10-16 03:00:00",82004,92848
"2025-10-16 03:10:00",80274,
"2025-10-16 03:20:00",80829,
"2025-10-16 03:30:00",81075,
"2025-10-16 03:40:00",81368,
"2025-10-16 03:50:00",81461,
"2025-10-16 04:00:00",81749,92869
"2025-10-16 04:10:00",82041,
"2025-10-16 04:20:00",82710,
"2025-10-16 04:30:00",83178,
"2025-10-16 04:40:00",83470,
"2025-10-16 04:50:00",83775,
"2025-10-16 05:00:00",83786,92882
"2025-10-16 05:10:00",84131,
"2025-10-16 05:20:00",84371,
"2025-10-16 05:30:00",84828,
"2025-10-16 05:40:00",85571,
"2025-10-16 05:50:00",86388,
"2025-10-16 06:00:00",87281,92773
"2025-10-16 06:10:00",88580,
"2025-10-16 06:20:00",89257,
"2025-10-16 06:30:00",89929,
"2025-10-16 06:40:00",90912,
"2025-10-16 06:50:00",91899,
"2025-10-16 07:00:00",92340,92656
"2025-10-16 07:10:00",92601,
"2025-10-16 07:20:00",94348,
"2025-10-16 07:30:00",94779,
"2025-10-16 07:40:00",95518,
"2025-10-16 07:50:00",96043,
"2025-10-16 08:00:00",97111,92566
"2025-10-16 08:10:00",97334,
"2025-10-16 08:20:00",98604,
"2025-10-16 08:30:00",98832,
"2025-10-16 08:40:00",99618,
"2025-10-16 08:50:00",100252,
"2025-10-16 09:00:00",100609,92467
"2025-10-16 09:10:00",100475,
"2025-10-16 09:20:00",101118,
"2025-10-16 09:30:00",101057,
"2025-10-16 09:40:00",100435,
"2025-10-16 09:50:00",100548,
"2025-10-16 10:00:00",100879,92382
"2025-10-16 10:10:00",99667,
"2025-10-16 10:20:00",100553,
"2025-10-16 10:30:00",101254,
"2025-10-16 10:40:00",101231,
"2025-10-16 10:50:00",101656,
"2025-10-16 11:00:00",102029,92291
"2025-10-16 11:10:00",102816,
"2025-10-16 11:20:00",103702,
"2025-10-16 11:30:00",104475,
"2025-10-16 11:40:00",105126,
"2025-10-16 11:50:00",106394,
"2025-10-16 12:00:00",107139,92169
"2025-10-16 12:10:00",107987,
"2025-10-16 12:20:00",109314,
"2025-10-16 12:30:00",110411,
"2025-10-16 12:40:00",111308,
"2025-10-16 12:50:00",111766,
"2025-10-16 13:00:00",113152,92050
"2025-10-16 13:10:00",113791,
"2025-10-16 13:20:00",114577,
"2025-10-16 13:30:00",115144,
"2025-10-16 13:40:00",115676,
"2025-10-16 13:50:00",116150,
"2025-10-16 14:00:00",116179,91909
"2025-10-16 14:10:00",116059,
"2025-10-16 14:20:00",115763,
"2025-10-16 14:30:00",115621,
"2025-10-16 14:40:00",115324,
"2025-10-16 14:50:00",115112,
"2025-10-16 15:00:00",114549,91900
"2025-10-16 15:10:00",113490,
"2025-10-16 15:20:00",111222,
"2025-10-16 15:30:00",110290,
"2025-10-16 15:40:00",109418,
"2025-10-16 15:50:00",108284,
"2025-10-16 16:00:00",107147,91879
"2025-10-16 16:10:00",105262,
"2025-10-16 16:20:00",103620,
"2025-10-16 16:30:00",102348,
"2025-10-16 16:40:00",100965,
"2025-10-16 16:50:00",99833,
"2025-10-16 17:00:00",98711,91953
"2025-10-16 17:10:00",97440,
"2025-10-16 17:20:00",96457,
"2025-10-16 17:30:00",95518,
"2025-10-16 17:40:00",95143,
"2025-10-16 17:50:00",94418,
"2025-10-16 18:00:00",93530,92055
"2025-10-16 18:10:00",92413,
"2025-10-16 18:20:00",91552,
"2025-10-16 18:30:00",90882,
"2025-10-16 18:40:00",89979,
"2025-10-16 18:50:00",88489,
"2025-10-16 19:00:00",88380,92177
"2025-10-16 19:10:00",87376,
"2025-10-16 19:20:00",86404,
"2025-10-16 19:30:00",85262,
"2025-10-16 19:40:00",84443,
"2025-10-16 19:50:00",83542,
"2025-10-16 20:00:00",82622,92380
"2025-10-16 20:10:00",80949,
"2025-10-16 20:20:00",79167,
"2025-10-16 20:30:00",78463,
"2025-10-16 20:40:00",77337,
"2025-10-16 20:50:00",76318,
"2025-10-16 21:00:00",78031,92603
"2025-10-16 21:10:00",78411,
"2025-10-16 21:20:00",77329,
"2025-10-16 21:30:00",76481,
"2025-10-16 21:40:00",70495,
"2025-10-16 21:50:00",69662,
"2025-10-16 22:00:00",71554,92830
"2025-10-16 22:10:00",72684,
"2025-10-16 22:20:00",71752,
"2025-10-16 22:30:00",71094,
"2025-10-16 22:40:00",67325,
"2025-10-16 22:50:00",66104,
"2025-10-16 23:00:00",68407,93035
"2025-10-16 23:10:00",68241,
"2025-10-16 23:20:00",67431,
"2025-10-16 23:30:00",67480,
"2025-10-16 23:40:00",64260,
"2025-10-16 23:50:00",64225,
"2025-10-17 00:00:00",67331,93154
"2025-10-17 00:10:00",68724,
"2025-10-17 00:20:00",69293,
"2025-10-17 00:30:00",69803,
"2025-10-17 00:40:00",68747,
"2025-10-17 00:50:00",69503,
"2025-10-17 01:00:00",73757,93247
"2025-10-17 01:10:00",75753,
"2025-10-17 01:20:00",77066,
"2025-10-17 01:30:00",77400,
"2025-10-17 01:40:00",76631,
"2025-10-17 01:50:00",77762,
"2025-10-17 02:00:00",81531,93361
"2025-10-17 02:10:00",83587,
"2025-10-17 02:20:00",84785,
"2025-10-17 02:30:00",85362,
"2025-10-17 02:40:00",83359,
"2025-10-17 02:50:00",84489,
"2025-10-17 03:00:00",84827,93484
"2025-10-17 03:10:00",85754,
"2025-10-17 03:20:00",86099,
"2025-10-17 03:30:00",86454,
"2025-10-17 03:40:00",83852,
"2025-10-17 03:50:00",84179,
"2025-10-17 04:00:00",86612,93605
"2025-10-17 04:10:00",87395,
"2025-10-17 04:20:00",87939,
"2025-10-17 04:30:00",88080,
"2025-10-17 04:40:00",85923,
"2025-10-17 04:50:00",86474,
"2025-10-17 05:00:00",89181,93718
"2025-10-17 05:10:00",89913,
"2025-10-17 05:20:00",90130,
"2025-10-17 05:30:00",89769,
"2025-10-17 05:40:00",88068,
"2025-10-17 05:50:00",88687,
"2025-10-17 06:00:00",92070,93807
"2025-10-17 06:10:00",93586,
"2025-10-17 06:20:00",94175,
"2025-10-17 06:30:00",94689,
"2025-10-17 06:40:00",93352,
"2025-10-17 06:50:00",94113,
"2025-10-17 07:00:00",97780,93941
"2025-10-17 07:10:00",98814,
"2025-10-17 07:20:00",99684,
"2025-10-17 07:30:00",100051,
"2025-10-17 07:40:00",97539,
"2025-10-17 07:50:00",98275,
"2025-10-17 08:00:00",101728,94037
"2025-10-17 08:10:00",102532,
"2025-10-17 08:20:00",103286,
"2025-10-17 08:30:00",103335,
"2025-10-17 08:40:00",101586,
"2025-10-17 08:50:00",102231,
"2025-10-17 09:00:00",104910,94182
"2025-10-17 09:10:00",104807,
"2025-10-17 09:20:00",105166,
"2025-10-17 09:30:00",105162,
"2025-10-17 09:40:00",102205,
"2025-10-17 09:50:00",102769,
"2025-10-17 10:00:00",105243,94327
"2025-10-17 10:10:00",104504,
"2025-10-17 10:20:00",104938,
"2025-10-17 10:30:00",105355,
"2025-10-17 10:40:00",102794,
"2025-10-17 10:50:00",103014,
"2025-10-17 11:00:00",104487,94341
"2025-10-17 11:10:00",104492,
"2025-10-17 11:20:00",105374,
"2025-10-17 11:30:00",105837,
"2025-10-17 11:40:00",104909,
"2025-10-17 11:50:00",105974,
"2025-10-17 12:00:00",109645,94385
"2025-10-17 12:10:00",110733,
"2025-10-17 12:20:00",111659,
"2025-10-17 12:30:00",111781,
"2025-10-17 12:40:00",110710,
"2025-10-17 12:50:00",111580,
"2025-10-17 13:00:00",112781,94375
"2025-10-17 13:10:00",113965,
"2025-10-17 13:20:00",114942,
"2025-10-17 13:30:00",114396,
"2025-10-17 13:40:00",113762,
"2025-10-17 13:50:00",114240,
"2025-10-17 14:00:00",116874,94454
"2025-10-17 14:10:00",117435,
"2025-10-17 14:20:00",117411,
"2025-10-17 14:30:00",117393,
"2025-10-17 14:40:00",115656,
"2025-10-17 14:50:00",114688,
"2025-10-17 15:00:00",116238,94540
"2025-10-17 15:10:00",115829,
"2025-10-17 15:20:00",114235,
"2025-10-17 15:30:00",113992,
"2025-10-17 15:40:00",111854,
"2025-10-17 15:50:00",109942,
"2025-10-17 16:00:00",110503,94681
"2025-10-17 16:10:00",109233,
"2025-10-17 16:20:00",108375,
"2025-10-17 16:30:00",107030,
"2025-10-17 16:40:00",104705,
"2025-10-17 16:50:00",103089,
"2025-10-17 17:00:00",104107,94895
"2025-10-17 17:10:00",103030,
"2025-10-17 17:20:00",102008,
"2025-10-17 17:30:00",100844,
"2025-10-17 17:40:00",99397,
"2025-10-17 17:50:00",97767,
"2025-10-17 18:00:00",98755,95099
"2025-10-17 18:10:00",98388,
"2025-10-17 18:20:00",96896,
"2025-10-17 18:30:00",95795,
"2025-10-17 18:40:00",95762,
"2025-10-17 18:50:00",95131,
"2025-10-17 19:00:00",95019,95350
"2025-10-17 19:10:00",94719,
"2025-10-17 19:20:00",94606,
"2025-10-17 19:30:00",94138,
"2025-10-17 19:40:00",91263,
"2025-10-17 19:50:00",89999,
"2025-10-17 20:00:00",90352,95631
"2025-10-17 20:10:00",90337,
"2025-10-17 20:20:00",89085,
"2025-10-17 20:30:00",88471,
"2025-10-17 20:40:00",85989,
"2025-10-17 20:50:00",84736,
"2025-10-17 21:00:00",84952,95873
"2025-10-17 21:10:00",85005,
"2025-10-17 21:20:00",84538,
"2025-10-17 21:30:00",82455,
"2025-10-17 21:40:00",80880,
"2025-10-17 21:50:00",79205,
"2025-10-17 22:00:00",78669,96109
"2025-10-17 22:10:00",79033,
"2025-10-17 22:20:00",78149,
"2025-10-17 22:30:00",77391,
"2025-10-17 22:40:00",74049,
"2025-10-17 22:50:00",72158,
"2025-10-17 23:00:00",73619,96296
"2025-10-17 23:10:00",73352,
"2025-10-17 23:20:00",73312,
"2025-10-17 23:30:00",72945,
"2025-10-17 23:40:00",70789,
"2025-10-17 23:50:00",70101,
"2025-10-18 00:00:00",71038,96367
"2025-10-18 00:10:00",71686,
"2025-10-18 00:20:00",71645,
"2025-10-18 00:30:00",71678,
"2025-10-18 00:40:00",70452,
"2025-10-18 00:50:00",70716,
"2025-10-18 01:00:00",72758,96238
"2025-10-18 01:10:00",73903,
"2025-10-18 01:20:00",74135,
"2025-10-18 01:30:00",74490,
"2025-10-18 01:40:00",73425,
"2025-10-18 01:50:00",74108,
"2025-10-18 02:00:00",75759,95973
"2025-10-18 02:10:00",77176,
"2025-10-18 02:20:00",77863,
"2025-10-18 02:30:00",77931,
"2025-10-18 02:40:00",77159,
"2025-10-18 02:50:00",78656,
"2025-10-18 03:00:00",78940,95716
"2025-10-18 03:10:00",78894,
"2025-10-18 03:20:00",79167,
"2025-10-18 03:30:00",79595,
"2025-10-18 03:40:00",79096,
"2025-10-18 03:50:00",80095,
"2025-10-18 04:00:00",81553,95544
"2025-10-18 04:10:00",82408,
"2025-10-18 04:20:00",83032,
"2025-10-18 04:30:00",83687,
"2025-10-18 04:40:00",83177,
"2025-10-18 04:50:00",84009,
"2025-10-18 05:00:00",85825,95456
"2025-10-18 05:10:00",86725,
"2025-10-18 05:20:00",87388,
"2025-10-18 05:30:00",88133,
"2025-10-18 05:40:00",87215,
"2025-10-18 05:50:00",87985,
"2025-10-18 06:00:00",89832,95359
"2025-10-18 06:10:00",91138,
"2025-10-18 06:20:00",91550,
"2025-10-18 06:30:00",92064,
"2025-10-18 06:40:00",91493,
"2025-10-18 06:50:00",92452,
"2025-10-18 07:00:00",93659,95227
"2025-10-18 07:10:00",95044,
"2025-10-18 07:20:00",95819,
"2025-10-18 07:30:00",96631,
"2025-10-18 07:40:00",96177,
"2025-10-18 07:50:00",97054,
"2025-10-18 08:00:00",98588,95191
"2025-10-18 08:10:00",100232,
"2025-10-18 08:20:00",101144,
"2025-10-18 08:30:00",102117,
"2025-10-18 08:40:00",102006,
"2025-10-18 08:50:00",102762,
"2025-10-18 09:00:00",104328,95266
"2025-10-18 09:10:00",105752,
"2025-10-18 09:20:00",106484,
"2025-10-18 09:30:00",106950,
"2025-10-18 09:40:00",107124,
"2025-10-18 09:50:00",107228,
"2025-10-18 10:00:00",108169,95511
"2025-10-18 10:10:00",108483,
"2025-10-18 10:20:00",109733,
"2025-10-18 10:30:00",111540,
"2025-10-18 10:40:00",111876,
"2025-10-18 10:50:00",111730,
"2025-10-18 11:00:00",112393,95876
"2025-10-18 11:10:00",113942,
"2025-10-18 11:20:00",114680,
"2025-10-18 11:30:00",115417,
"2025-10-18 11:40:00",115562,
"2025-10-18 11:50:00",115629,
"2025-10-18 12:00:00",117433,96187
"2025-10-18 12:10:00",118422,
"2025-10-18 12:20:00",119485,
"2025-10-18 12:30:00",119558,
"2025-10-18 12:40:00",119059,
"2025-10-18 12:50:00",119794,
"2025-10-18 13:00:00",121793,96483
"2025-10-18 13:10:00",122275,
"2025-10-18 13:20:00",122588,
"2025-10-18 13:30:00",122335,
"2025-10-18 13:40:00",122339,
"2025-10-18 13:50:00",121869,
"2025-10-18 14:00:00",122820,96699
"2025-10-18 14:10:00",122922,
"2025-10-18 14:20:00",123066,
"2025-10-18 14:30:00",122969,
"2025-10-18 14:40:00",122521,
"2025-10-18 14:50:00",121453,
"2025-10-18 15:00:00",120782,96877
"2025-10-18 15:10:00",120167,
"2025-10-18 15:20:00",119117,
"2025-10-18 15:30:00",118552,
"2025-10-18 15:40:00",117215,
"2025-10-18 15:50:00",113916,
"2025-10-18 16:00:00",113040,97011
"2025-10-18 16:10:00",114123,
"2025-10-18 16:20:00",113188,
"2025-10-18 16:30:00",112105,
"2025-10-18 16:40:00",109972,
"2025-10-18 16:50:00",106242,
"2025-10-18 17:00:00",105925,97113
"2025-10-18 17:10:00",106974,
"2025-10-18 17:20:00",102518,
"2025-10-18 17:30:00",101864,
"2025-10-18 17:40:00",101005,
"2025-10-18 17:50:00",99688,
"2025-10-18 18:00:00",99139,97158
"2025-10-18 18:10:00",100185,
"2025-10-18 18:20:00",97006,
"2025-10-18 18:30:00",95924,
"2025-10-18 18:40:00",95035,
"2025-10-18 18:50:00",94272,
"2025-10-18 19:00:00",93715,97100
"2025-10-18 19:10:00",93735,
"2025-10-18 19:20:00",91265,
"2025-10-18 19:30:00",90564,
"2025-10-18 19:40:00",89640,
"2025-10-18 19:50:00",89002,
"2025-10-18 20:00:00",88453,97075
"2025-10-18 20:10:00",89817,
"2025-10-18 20:20:00",89068,
"2025-10-18 20:30:00",85445,
"2025-10-18 20:40:00",84702,
"2025-10-18 20:50:00",83502,
"2025-10-18 21:00:00",82985,97051
"2025-10-18 21:10:00",84775,
"2025-10-18 21:20:00",82472,
"2025-10-18 21:30:00",79860,
"2025-10-18 21:40:00",78993,
"2025-10-18 21:50:00",77890,
"2025-10-18 22:00:00",77333,96965
"2025-10-18 22:10:00",76491,
"2025-10-18 22:20:00",75128,
"2025-10-18 22:30:00",74312,
"2025-10-18 22:40:00",73231,
"2025-10-18 22:50:00",72319,
"2025-10-18 23:00:00",72212,96966
"2025-10-18 23:10:00",73939,
"2025-10-18 23:20:00",73559,
"2025-10-18 23:30:00",73223,
"2025-10-18 23:40:00",69326,
"2025-10-18 23:50:00",68748,
"2025-10-19 00:00:00",68919,96907
"2025-10-19 00:10:00",70502,
"2025-10-19 00:20:00",68064,
"2025-10-19 00:30:00",68069,
"2025-10-19 00:40:00",68271,
"2025-10-19 00:50:00",68510,
"2025-10-19 01:00:00",68747,96811
"2025-10-19 01:10:00",71916,
"2025-10-19 01:20:00",69097,
"2025-10-19 01:30:00",69705,
"2025-10-19 01:40:00",70063,
"2025-10-19 01:50:00",70737,
"2025-10-19 02:00:00",71677,96680
"2025-10-19 02:10:00",74707,
"2025-10-19 02:20:00",72821,
"2025-10-19 02:30:00",73042,
"2025-10-19 02:40:00",73796,
"2025-10-19 02:50:00",73532,
"2025-10-19 03:00:00",73655,96548
"2025-10-19 03:10:00",73983,
"2025-10-19 03:20:00",74424,
"2025-10-19 03:30:00",74791,
"2025-10-19 03:40:00",74597,
"2025-10-19 03:50:00",75950,
"2025-10-19 04:00:00",77220,96457
"2025-10-19 04:10:00",78961,
"2025-10-19 04:20:00",79777,
"2025-10-19 04:30:00",79075,
"2025-10-19 04:40:00",80787,
"2025-10-19 04:50:00",80940,
"2025-10-19 05:00:00",82045,96373
"2025-10-19 05:10:00",84581,
"2025-10-19 05:20:00",83926,
"2025-10-19 05:30:00",83971,
"2025-10-19 05:40:00",84566,
"2025-10-19 05:50:00",85411,
"2025-10-19 06:00:00",86685,96213
"2025-10-19 06:10:00",87100,
"2025-10-19 06:20:00",85720,
"2025-10-19 06:30:00",86718,
"2025-10-19 06:40:00",87305,
"2025-10-19 06:50:00",88003,
"2025-10-19 07:00:00",88770,96093
"2025-10-19 07:10:00",90691,
"2025-10-19 07:20:00",90493,
"2025-10-19 07:30:00",91378,
"2025-10-19 07:40:00",92437,
"2025-10-19 07:50:00",93504,
"2025-10-19 08:00:00",94287,96084
"2025-10-19 08:10:00",97931,
"2025-10-19 08:20:00",96572,
"2025-10-19 08:30:00",98332,
"2025-10-19 08:40:00",101087,
"2025-10-19 08:50:00",102100,
"2025-10-19 09:00:00",102925,96056
"2025-10-19 09:10:00",104586,
"2025-10-19 09:20:00",104099,
"2025-10-19 09:30:00",105033,
"2025-10-19 09:40:00",105856,
"2025-10-19 09:50:00",106356,
"2025-10-19 10:00:00",107429,96012
"2025-10-19 10:10:00",110182,
"2025-10-19 10:20:00",109895,
"2025-10-19 10:30:00",109542,
"2025-10-19 10:40:00",110471,
"2025-10-19 10:50:00",110734,
"2025-10-19 11:00:00",111771,96052
"2025-10-19 11:10:00",114122,
"2025-10-19 11:20:00",115739,
"2025-10-19 11:30:00",114816,
"2025-10-19 11:40:00",116134,
"2025-10-19 11:50:00",116848,
"2025-10-19 12:00:00",117199,96069
"2025-10-19 12:10:00",119400,
"2025-10-19 12:20:00",120468,
"2025-10-19 12:30:00",119473,
"2025-10-19 12:40:00",119557,
"2025-10-19 12:50:00",120471,
"2025-10-19 13:00:00",120762,96046
"2025-10-19 13:10:00",121921,
"2025-10-19 13:20:00",121925,
"2025-10-19 13:30:00",121675,
"2025-10-19 13:40:00",121642,
"2025-10-19 13:50:00",122254,
"2025-10-19 14:00:00",122154,96078
"2025-10-19 14:10:00",123987,
"2025-10-19 14:20:00",122013,
"2025-10-19 14:30:00",120917,
"2025-10-19 14:40:00",120348,
"2025-10-19 14:50:00",119599,
"2025-10-19 15:00:00",118419,95978
"2025-10-19 15:10:00",117045,
"2025-10-19 15:20:00",115974,
"2025-10-19 15:30:00",114522,
"2025-10-19 15:40:00",113349,
"2025-10-19 15:50:00",112368,
"2025-10-19 16:00:00",111049,95853
"2025-10-19 16:10:00",109923,
"2025-10-19 16:20:00",108646,
"2025-10-19 16:30:00",106451,
"2025-10-19 16:40:00",104919,
"2025-10-19 16:50:00",103716,
"2025-10-19 17:00:00",102946,95687
"2025-10-19 17:10:00",101616,
"2025-10-19 17:20:00",100848,
"2025-10-19 17:30:00",99798,
"2025-10-19 17:40:00",98812,
"2025-10-19 17:50:00",97600,
"2025-10-19 18:00:00",96696,95544
"2025-10-19 18:10:00",95689,
"2025-10-19 18:20:00",95612,
"2025-10-19 18:30:00",93811,
"2025-10-19 18:40:00",90827,
"2025-10-19 18:50:00",91966,
"2025-10-19 19:00:00",91194,95440
"2025-10-19 19:10:00",90202,
"2025-10-19 19:20:00",90821,
"2025-10-19 19:30:00",89390,
"2025-10-19 19:40:00",87026,
"2025-10-19 19:50:00",85149,
"2025-10-19 20:00:00",83921,95202
"2025-10-19 20:10:00",82854,
"2025-10-19 20:20:00",82500,
"2025-10-19 20:30:00",80418,
"2025-10-19 20:40:00",79174,
"2025-10-19 20:50:00",77661,
"2025-10-19 21:00:00",76675,94876
"2025-10-19 21:10:00",73174,
"2025-10-19 21:20:00",75336,
"2025-10-19 21:30:00",75707,
"2025-10-19 21:40:00",74787,
"2025-10-19 21:50:00",71254,
"2025-10-19 22:00:00",70107,94661
"2025-10-19 22:10:00",70063,
"2025-10-19 22:20:00",72000,
"2025-10-19 22:30:00",71691,
"2025-10-19 22:40:00",70474,
"2025-10-19 22:50:00",66570,
"2025-10-19 23:00:00",66073,94417
"2025-10-19 23:10:00",66617,
"2025-10-19 23:20:00",67973,
"2025-10-19 23:30:00",67873,
"2025-10-19 23:40:00",67542,
"2025-10-19 23:50:00",64558,
"2025-10-20 00:00:00",65003,94425
"2025-10-20 00:10:00",67233,
"2025-10-20 00:20:00",68750,
"2025-10-20 00:30:00",70008,
"2025-10-20 00:40:00",70814,
"2025-10-20 00:50:00",69947,
"2025-10-20 01:00:00",71436,94756
"2025-10-20 01:10:00",74718,
"2025-10-20 01:20:00",76667,
"2025-10-20 01:30:00",77840,
"2025-10-20 01:40:00",79332,
"2025-10-20 01:50:00",78169,
"2025-10-20 02:00:00",79820,95226
"2025-10-20 02:10:00",82919,
"2025-10-20 02:20:00",85132,
"2025-10-20 02:30:00",85810,
"2025-10-20 02:40:00",85759,
"2025-10-20 02:50:00",85275,
"2025-10-20 03:00:00",85547,95692
"2025-10-20 03:10:00",86099,
"2025-10-20 03:20:00",87104,
"2025-10-20 03:30:00",87156,
"2025-10-20 03:40:00",86871,
"2025-10-20 03:50:00",85361,
"2025-10-20 04:00:00",85650,96057
"2025-10-20 04:10:00",87597,
"2025-10-20 04:20:00",88932,
"2025-10-20 04:30:00",89443,
"2025-10-20 04:40:00",89667,
"2025-10-20 04:50:00",88091,
"2025-10-20 05:00:00",87958,96312
"2025-10-20 05:10:00",89918,
"2025-10-20 05:20:00",90725,
"2025-10-20 05:30:00",91286,
"2025-10-20 05:40:00",91481,
"2025-10-20 05:50:00",90388,
"2025-10-20 06:00:00",91169,96678
"2025-10-20 06:10:00",94023,
"2025-10-20 06:20:00",95582,
"2025-10-20 06:30:00",96413,
"2025-10-20 06:40:00",96829,
"2025-10-20 06:50:00",96088,
"2025-10-20 07:00:00",96905,96997
"2025-10-20 07:10:00",99214,
"2025-10-20 07:20:00",100529,
"2025-10-20 07:30:00",101037,
"2025-10-20 07:40:00",101347,
"2025-10-20 07:50:00",100756,
"2025-10-20 08:00:00",100966,97139
"2025-10-20 08:10:00",103440,
"2025-10-20 08:20:00",104858,
"2025-10-20 08:30:00",105596,
"2025-10-20 08:40:00",105734,
"2025-10-20 08:50:00",105098,
"2025-10-20 09:00:00",104589,97163
"2025-10-20 09:10:00",106090,
"2025-10-20 09:20:00",107232,
"2025-10-20 09:30:00",107120,
"2025-10-20 09:40:00",106634,
"2025-10-20 09:50:00",106458,
"2025-10-20 10:00:00",106372,97015
"2025-10-20 10:10:00",106763,
"2025-10-20 10:20:00",106698,
"2025-10-20 10:30:00",107078,
"2025-10-20 10:40:00",107196,
"2025-10-20 10:50:00",107454,
"2025-10-20 11:00:00",107333,96829
"2025-10-20 11:10:00",109377,
"2025-10-20 11:20:00",110172,
"2025-10-20 11:30:00",111294,
"2025-10-20 11:40:00",112174,
"2025-10-20 11:50:00",112642,
"2025-10-20 12:00:00",113318,96634
"2025-10-20 12:10:00",112596,
"2025-10-20 12:20:00",113736,
"2025-10-20 12:30:00",114904,
"2025-10-20 12:40:00",115907,
"2025-10-20 12:50:00",116236,
"2025-10-20 13:00:00",116397,96528
"2025-10-20 13:10:00",118125,
"2025-10-20 13:20:00",119244,
"2025-10-20 13:30:00",119887,
"2025-10-20 13:40:00",120176,
"2025-10-20 13:50:00",120314,
"2025-10-20 14:00:00",119480,96380
"2025-10-20 14:10:00",120692,
"2025-10-20 14:20:00",121173,
"2025-10-20 14:30:00",120903,
"2025-10-20 14:40:00",120266,
"2025-10-20 14:50:00",119149,
"2025-10-20 15:00:00",117072,96292
"2025-10-20 15:10:00",115537,
"2025-10-20 15:20:00",114323,
"2025-10-20 15:30:00",113862,
"2025-10-20 15:40:00",112987,
"2025-10-20 15:50:00",111302,
"2025-10-20 16:00:00",108969,96178
"2025-10-20 16:10:00",107523,
"2025-10-20 16:20:00",106041,
"2025-10-20 16:30:00",105577,
"2025-10-20 16:40:00",104286,
"2025-10-20 16:50:00",103580,
"2025-10-20 17:00:00",101327,96094
"2025-10-20 17:10:00",100742,
"2025-10-20 17:20:00",99539,
"2025-10-20 17:30:00",99318,
"2025-10-20 17:40:00",98453,
"2025-10-20 17:50:00",97741,
"2025-10-20 18:00:00",95966,96057
"2025-10-20 18:10:00",95555,
"2025-10-20 18:20:00",94506,
"2025-10-20 18:30:00",94272,
"2025-10-20 18:40:00",93213,
"2025-10-20 18:50:00",92078,
"2025-10-20 19:00:00",90687,96037
"2025-10-20 19:10:00",89576,
"2025-10-20 19:20:00",88479,
"2025-10-20 19:30:00",87472,
"2025-10-20 19:40:00",86705,
"2025-10-20 19:50:00",85562,
"2025-10-20 20:00:00",84293,96059
"2025-10-20 20:10:00",82627,
"2025-10-20 20:20:00",81553,
"2025-10-20 20:30:00",80397,
"2025-10-20 20:40:00",79697,
"2025-10-20 20:50:00",78485,
"2025-10-20 21:00:00",77269,96100
"2025-10-20 21:10:00",75946,
"2025-10-20 21:20:00",74833,
"2025-10-20 21:30:00",73680,
"2025-10-20 21:40:00",72944,
"2025-10-20 21:50:00",72072,
"2025-10-20 22:00:00",70754,96074
"2025-10-20 22:10:00",69807,
"2025-10-20 22:20:00",69379,
"2025-10-20 22:30:00",68597,
"2025-10-20 22:40:00",67544,
"2025-10-20 22:50:00",67478,
"2025-10-20 23:00:00",66841,96061
"2025-10-20 23:10:00",66360,
"2025-10-20 23:20:00",66014,96061
"2025-10-20 23:30:00",65659,
"2025-10-20 23:40:00",65539,
"2025-10-20 23:50:00",65613,