"2025-09-20 00:00:00",720818,1063810
"2025-09-20 01:00:00",702438,1063544
"2025-09-20 02:00:00",751414,1062451
"2025-09-20 03:00:00",765445,1060825
"2025-09-20 04:00:00",761274,1059404
"2025-09-20 05:00:00",792229,1060135
"2025-09-20 06:00:00",867648,1062781
"2025-09-20 07:00:00",961051,1065347
"2025-09-20 08:00:00",1020893,1066771
"2025-09-20 09:00:00",1035451,1067813
"2025-09-20 10:00:00",1062868,1069052
"2025-09-20 11:00:00",1207826,1070194
"2025-09-20 12:00:00",1380303,1071643
"2025-09-20 13:00:00",1489836,1073341
"2025-09-20 14:00:00",1512900,1075423
"2025-09-20 15:00:00",1478630,1076656
"2025-09-20 16:00:00",1340775,1074596
"2025-09-20 17:00:00",1216942,1069851
"2025-09-20 18:00:00",1204644,1067462
"2025-09-20 19:00:00",1192629,1065800
"2025-09-20 20:00:00",1172509,1064058
"2025-09-20 21:00:00",1094286,1059575
"2025-09-20 22:00:00",969459,1052723
"2025-09-20 23:00:00",829175,1046449
"2025-09-21 00:00:00",725809,1042075
"2025-09-21 01:00:00",686667,1039379
"2025-09-21 02:00:00",722210,1037203
"2025-09-21 03:00:00",741073,1033500
"2025-09-21 04:00:00",787948,1028765
"2025-09-21 05:00:00",863129,1022759
"2025-09-21 06:00:00",934020,1013873
"2025-09-21 07:00:00",997975,1002412
"2025-09-21 08:00:00",1048029,990615
"2025-09-21 09:00:00",1066515,979624
"2025-09-21 10:00:00",1087192,969051
"2025-09-21 11:00:00",1234341,960684
"2025-09-21 12:00:00",1409443,952731
"2025-09-21 13:00:00",1527578,945499
"2025-09-21 14:00:00",1530847,939159
"2025-09-21 15:00:00",1420034,933146
"2025-09-21 16:00:00",1219853,928249
"2025-09-21 17:00:00",1153977,925571
"2025-09-21 18:00:00",1159783,924514
"2025-09-21 19:00:00",1146290,923290
"2025-09-21 20:00:00",1060786,921745
"2025-09-21 21:00:00",927649,919977
"2025-09-21 22:00:00",821161,918322
"2025-09-21 23:00:00",719939,916854
"2025-09-22 00:00:00",658647,916027
"2025-09-22 01:00:00",632771,915919
"2025-09-22 02:00:00",630062,915867
"2025-09-22 03:00:00",620964,916286
"2025-09-22 04:00:00",633919,916855
"2025-09-22 05:00:00",636626,917480
"2025-09-22 06:00:00",643498,917959
"2025-09-22 07:00:00",698548,918534
"2025-09-22 08:00:00",767745,919214
"2025-09-22 09:00:00",796177,920086
"2025-09-22 10:00:00",871465,920863
"2025-09-22 11:00:00",1028269,921085
"2025-09-22 12:00:00",1220425,921678
"2025-09-22 13:00:00",1361580,922409
"2025-09-22 14:00:00",1376827,923437
"2025-09-22 15:00:00",1297576,924284
"2025-09-22 16:00:00",1150406,924854
"2025-09-22 17:00:00",1124621,925492
"2025-09-22 18:00:00",1126336,925357
"2025-09-22 19:00:00",1108809,925279
"2025-09-22 20:00:00",1021339,925125
"2025-09-22 21:00:00",890230,924606
"2025-09-22 22:00:00",786249,924093
"2025-09-22 23:00:00",698776,923274
"2025-09-23 00:00:00",655135,918311
"2025-09-23 01:00:00",633612,915111
"2025-09-23 02:00:00",645375,914873
"2025-09-23 03:00:00",643097,916015
"2025-09-23 04:00:00",663535,917366
"2025-09-23 05:00:00",668241,920294
"2025-09-23 06:00:00",679247,924122
"2025-09-23 07:00:00",736422,927912
"2025-09-23 08:00:00",810723,931839
"2025-09-23 09:00:00",832957,935947
"2025-09-23 10:00:00",893704,939863
"2025-09-23 11:00:00",1059361,943167
"2025-09-23 12:00:00",1253724,947477
"2025-09-23 13:00:00",1402143,952470
"2025-09-23 14:00:00",1410279,958261
"2025-09-23 15:00:00",1319258,963917
"2025-09-23 16:00:00",1170279,968763
"2025-09-23 17:00:00",1124679,972419
"2025-09-23 18:00:00",1128412,976089
"2025-09-23 19:00:00",1109180,980058
"2025-09-23 20:00:00",1011957,983347
"2025-09-23 21:00:00",880867,986091
"2025-09-23 22:00:00",767350,988016
"2025-09-23 23:00:00",567914,988979
"2025-09-24 00:00:00",570310,993509
"2025-09-24 01:00:00",625875,996389
"2025-09-24 02:00:00",673656,996986
"2025-09-24 03:00:00",676100,996502
"2025-09-24 04:00:00",738570,996090
"2025-09-24 05:00:00",767036,992981
"2025-09-24 06:00:00",776950,988879
"2025-09-24 07:00:00",837395,985270
"2025-09-24 08:00:00",917495,981915
"2025-09-24 09:00:00",936557,978273
"2025-09-24 10:00:00",979902,975125
"2025-09-24 11:00:00",1172679,972618
"2025-09-24 12:00:00",1384841,968759
"2025-09-24 13:00:00",1556126,963402
"2025-09-24 14:00:00",1562493,957513
"2025-09-24 15:00:00",1450109,952318
"2025-09-24 16:00:00",1271691,948356
"2025-09-24 17:00:00",1226510,945680
"2025-09-24 18:00:00",1238957,943475
"2025-09-24 19:00:00",1202841,941062
"2025-09-24 20:00:00",1090954,939280
"2025-09-24 21:00:00",939029,938477
"2025-09-24 22:00:00",815666,938213
"2025-09-24 23:00:00",708262,938698
"2025-09-25 00:00:00",654264,939256
"2025-09-25 01:00:00",641536,939165
"2025-09-25 02:00:00",658621,938206
"2025-09-25 03:00:00",656384,937123
"2025-09-25 04:00:00",639945,935498
"2025-09-25 05:00:00",640366,934391
"2025-09-25 06:00:00",662758,933860
"2025-09-25 07:00:00",728682,933057
"2025-09-25 08:00:00",800618,932044
"2025-09-25 09:00:00",835688,931314
"2025-09-25 10:00:00",891867,930763
"2025-09-25 11:00:00",1043053,930283
"2025-09-25 12:00:00",1208320,929621
"2025-09-25 13:00:00",1363876,929828
"2025-09-25 14:00:00",1392494,930152
"2025-09-25 15:00:00",1319230,930863
"2025-09-25 16:00:00",1176365,933798
"2025-09-25 17:00:00",1142325,937441
"2025-09-25 18:00:00",1151346,939169
"2025-09-25 19:00:00",1135331,940401
"2025-09-25 20:00:00",1054706,942075
"2025-09-25 21:00:00",919723,945236
"2025-09-25 22:00:00",800022,949485
"2025-09-25 23:00:00",705041,953997
"2025-09-26 00:00:00",645430,956920
"2025-09-26 01:00:00",613741,958467
"2025-09-26 02:00:00",628125,960424
"2025-09-26 03:00:00",626043,963229
"2025-09-26 04:00:00",630408,966528
"2025-09-26 05:00:00",645323,970520
"2025-09-26 06:00:00",659108,975787
"2025-09-26 07:00:00",720968,982533
"2025-09-26 08:00:00",798133,990155
"2025-09-26 09:00:00",836014,996710
"2025-09-26 10:00:00",903406,1002264
"2025-09-26 11:00:00",1059880,1006217
"2025-09-26 12:00:00",1254614,1009531
"2025-09-26 13:00:00",1409467,1012038
"2025-09-26 14:00:00",1441483,1013063
"2025-09-26 15:00:00",1426145,1013726
"2025-09-26 16:00:00",1302307,1012763
"2025-09-26 17:00:00",1213272,1010222
"2025-09-26 18:00:00",1203562,1008706
"2025-09-26 19:00:00",1193781,1007630
"2025-09-26 20:00:00",1153543,1007036
"2025-09-26 21:00:00",1050363,1007331
"2025-09-26 22:00:00",935977,1009037
"2025-09-26 23:00:00",795543,1010568
"2025-09-27 00:00:00",699851,1011871
"2025-09-27 01:00:00",681295,1013019
"2025-09-27 02:00:00",721381,1012985
"2025-09-27 03:00:00",729313,1012101
"2025-09-27 04:00:00",751222,1011421
"2025-09-27 05:00:00",807055,1011203
"2025-09-27 06:00:00",866937,1010036
"2025-09-27 07:00:00",954634,1008150
"2025-09-27 08:00:00",999632,1005331
"2025-09-27 09:00:00",1004962,1003585
"2025-09-27 10:00:00",1022938,1003359
"2025-09-27 11:00:00",1152572,1004300
"2025-09-27 12:00:00",1323097,1005843
"2025-09-27 13:00:00",1431943,1007130
"2025-09-27 14:00:00",1437094,1008551
"2025-09-27 15:00:00",1366439,1009573
"2025-09-27 16:00:00",1208804,1011102
"2025-09-27 17:00:00",1155893,1013069
"2025-09-27 18:00:00",1157547,1014499
"2025-09-27 19:00:00",1150838,1015444
"2025-09-27 20:00:00",1128481,1016182
"2025-09-27 21:00:00",1066803,1015997
"2025-09-27 22:00:00",959762,1013117
"2025-09-27 23:00:00",822522,1009499
"2025-09-28 00:00:00",718103,1006952
"2025-09-28 01:00:00",654966,1005315
"2025-09-28 02:00:00",665157,1004490
"2025-09-28 03:00:00",673637,1003641
"2025-09-28 04:00:00",696974,1002437
"2025-09-28 05:00:00",708229,1000224
"2025-09-28 06:00:00",736535,997272
"2025-09-28 07:00:00",803620,994008
"2025-09-28 08:00:00",891287,989943
"2025-09-28 09:00:00",959150,985676
"2025-09-28 10:00:00",1021907,981188
"2025-09-28 11:00:00",1178003,975508
"2025-09-28 12:00:00",1355042,969764
"2025-09-28 13:00:00",1476903,963739
"2025-09-28 14:00:00",1487559,958773
"2025-09-28 15:00:00",1444561,954253
"2025-09-28 16:00:00",1289581,950223
"2025-09-28 17:00:00",1216208,946770
"2025-09-28 18:00:00",1201649,944557
"2025-09-28 19:00:00",1182544,943064
"2025-09-28 20:00:00",1116602,941083
"2025-09-28 21:00:00",965389,937114
"2025-09-28 22:00:00",833014,933032
"2025-09-28 23:00:00",732870,929696
"2025-09-29 00:00:00",673153,927128
"2025-09-29 01:00:00",646898,925115
"2025-09-29 02:00:00",656232,924037
"2025-09-29 03:00:00",652853,922639
"2025-09-29 04:00:00",659392,920797
"2025-09-29 05:00:00",658187,918833
"2025-09-29 06:00:00",684089,917199
"2025-09-29 07:00:00",709547,915174
"2025-09-29 08:00:00",767460,913551
"2025-09-29 09:00:00",811099,911545
"2025-09-29 10:00:00",824015,908553
"2025-09-29 11:00:00",974708,906457
"2025-09-29 12:00:00",1136618,903792
"2025-09-29 13:00:00",1290539,901454
"2025-09-29 14:00:00",1304518,898746
"2025-09-29 15:00:00",1275807,896534
"2025-09-29 16:00:00",1147126,895254
"2025-09-29 17:00:00",1120866,896659
"2025-09-29 18:00:00",1134807,897733
"2025-09-29 19:00:00",1116303,898334
"2025-09-29 20:00:00",1019232,897992
"2025-09-29 21:00:00",874444,897550
"2025-09-29 22:00:00",752319,897407
"2025-09-29 23:00:00",659905,897916
"2025-09-30 00:00:00",603678,898191
"2025-09-30 01:00:00",609300,899695
"2025-09-30 02:00:00",612564,902844
"2025-09-30 03:00:00",601049,906582
"2025-09-30 04:00:00",608639,910524
"2025-09-30 05:00:00",619721,913227
"2025-09-30 06:00:00",650105,917456
"2025-09-30 07:00:00",702396,922895
"2025-09-30 08:00:00",758093,928023
"2025-09-30 09:00:00",790041,932359
"2025-09-30 10:00:00",836941,936455
"2025-09-30 11:00:00",975484,939405
"2025-09-30 12:00:00",1135311,942012
"2025-09-30 13:00:00",1275628,944075
"2025-09-30 14:00:00",1301054,945382
"2025-09-30 15:00:00",1293633,947160
"2025-09-30 16:00:00",1237867,949398
"2025-09-30 17:00:00",1187701,951343
"2025-09-30 18:00:00",1185280,954084
"2025-09-30 19:00:00",1148585,956481
"2025-09-30 20:00:00",1045455,958116
"2025-09-30 21:00:00",906900,958930
"2025-09-30 22:00:00",804594,959680
"2025-09-30 23:00:00",702725,960220
"2025-10-01 00:00:00",675299,961211
"2025-10-01 01:00:00",742797,961398
"2025-10-01 02:00:00",771725,961149
"2025-10-01 03:00:00",767828,960916
"2025-10-01 04:00:00",725889,960063
"2025-10-01 05:00:00",790102,960873
"2025-10-01 06:00:00",851481,962064
"2025-10-01 07:00:00",894489,962757
"2025-10-01 08:00:00",928326,963645
"2025-10-01 09:00:00",935170,963874
"2025-10-01 10:00:00",947292,963451
"2025-10-01 11:00:00",1074908,963281
"2025-10-01 12:00:00",1222356,962812
"2025-10-01 13:00:00",1329581,961647
"2025-10-01 14:00:00",1361379,960566
"2025-10-01 15:00:00",1332682,958895
"2025-10-01 16:00:00",1278596,957780
"2025-10-01 17:00:00",1266268,957671
"2025-10-01 18:00:00",1261013,957445
"2025-10-01 19:00:00",1199606,957013
"2025-10-01 20:00:00",1062880,956860
"2025-10-01 21:00:00",911112,957842
"2025-10-01 22:00:00",805996,959352
"2025-10-01 23:00:00",704880,960674
"2025-10-02 00:00:00",612965,960836
"2025-10-02 01:00:00",649047,960602
"2025-10-02 02:00:00",673272,959834
"2025-10-02 03:00:00",672892,958800
"2025-10-02 04:00:00",662492,958198
"2025-10-02 05:00:00",722400,956941
"2025-10-02 06:00:00",769164,954731
"2025-10-02 07:00:00",830995,953514
"2025-10-02 08:00:00",853394,952060
"2025-10-02 09:00:00",854831,950922
"2025-10-02 10:00:00",882145,950232
"2025-10-02 11:00:00",1004946,949818
"2025-10-02 12:00:00",1144775,949092
"2025-10-02 13:00:00",1250839,948264
"2025-10-02 14:00:00",1272142,947004
"2025-10-02 15:00:00",1263281,946165
"2025-10-02 16:00:00",1224541,945636
"2025-10-02 17:00:00",1208846,945158
"2025-10-02 18:00:00",1210222,944698
"2025-10-02 19:00:00",1179903,945329
"2025-10-02 20:00:00",1095408,947324
"2025-10-02 21:00:00",966105,950570
"2025-10-02 22:00:00",853420,954473
"2025-10-02 23:00:00",747755,957816
"2025-10-03 00:00:00",660766,960651
"2025-10-03 01:00:00",679474,962692
"2025-10-03 02:00:00",691488,963353
"2025-10-03 03:00:00",688301,964299
"2025-10-03 04:00:00",655132,965236
"2025-10-03 05:00:00",687059,966200
"2025-10-03 06:00:00",761125,968162
"2025-10-03 07:00:00",821354,969732
"2025-10-03 08:00:00",860218,971835
"2025-10-03 09:00:00",869865,973968
"2025-10-03 10:00:00",911809,976495
"2025-10-03 11:00:00",1027687,978600
"2025-10-03 12:00:00",1164656,980273
"2025-10-03 13:00:00",1260874,981502
"2025-10-03 14:00:00",1286010,982453
"2025-10-03 15:00:00",1279567,983281
"2025-10-03 16:00:00",1245532,984118
"2025-10-03 17:00:00",1226290,984659
"2025-10-03 18:00:00",1250719,985123
"2025-10-03 19:00:00",1239649,984815
"2025-10-03 20:00:00",1190654,985479
"2025-10-03 21:00:00",1093985,987594
"2025-10-03 22:00:00",961862,990311
"2025-10-03 23:00:00",831895,992726
"2025-10-04 00:00:00",724871,994337
"2025-10-04 01:00:00",695302,994687
"2025-10-04 02:00:00",721221,994593
"2025-10-04 03:00:00",734532,994580
"2025-10-04 04:00:00",723552,994790
"2025-10-04 05:00:00",777396,995871
"2025-10-04 06:00:00",836653,997042
"2025-10-04 07:00:00",907319,998535
"2025-10-04 08:00:00",941614,1000054
"2025-10-04 09:00:00",957018,1001620
"2025-10-04 10:00:00",986703,1003234
"2025-10-04 11:00:00",1086663,1005375
"2025-10-04 12:00:00",1212517,1007904
"2025-10-04 13:00:00",1294079,1010339
"2025-10-04 14:00:00",1312089,1012641
"2025-10-04 15:00:00",1302407,1014788
"2025-10-04 16:00:00",1258450,1016737
"2025-10-04 17:00:00",1217491,1017999
"2025-10-04 18:00:00",1192892,1017737
"2025-10-04 19:00:00",1194748,1018251
"2025-10-04 20:00:00",1181689,1018645
"2025-10-04 21:00:00",1126426,1018377
"2025-10-04 22:00:00",1000607,1016434
"2025-10-04 23:00:00",851747,1013721
"2025-10-05 00:00:00",729128,1011364
"2025-10-05 01:00:00",668452,1009558
"2025-10-05 02:00:00",683825,1008478
"2025-10-05 03:00:00",687905,1006950
"2025-10-05 04:00:00",696379,1005603
"2025-10-05 05:00:00",766286,1004301
"2025-10-05 06:00:00",830497,1003161
"2025-10-05 07:00:00",905789,1002311
"2025-10-05 08:00:00",936803,1001005
"2025-10-05 09:00:00",964507,999767
"2025-10-05 10:00:00",1031504,998677
"2025-10-05 11:00:00",1158692,996334
"2025-10-05 12:00:00",1293345,993970
"2025-10-05 13:00:00",1375413,992086
"2025-10-05 14:00:00",1389582,990693
"2025-10-05 15:00:00",1380083,989771
"2025-10-05 16:00:00",1324669,988679
"2025-10-05 17:00:00",1258816,987623
"2025-10-05 18:00:00",1258608,988136
"2025-10-05 19:00:00",1222472,987755
"2025-10-05 20:00:00",1140896,986143
"2025-10-05 21:00:00",1001906,982589
"2025-10-05 22:00:00",857150,978583
"2025-10-05 23:00:00",738627,975454
"2025-10-06 00:00:00",670370,973915
"2025-10-06 01:00:00",653484,973709
"2025-10-06 02:00:00",656787,973098
"2025-10-06 03:00:00",650817,970580
"2025-10-06 04:00:00",645906,967835
"2025-10-06 05:00:00",718425,965689
"2025-10-06 06:00:00",791683,963636
"2025-10-06 07:00:00",848297,958247
"2025-10-06 08:00:00",870186,954998
"2025-10-06 09:00:00",867648,952095
"2025-10-06 10:00:00",846833,947414
"2025-10-06 11:00:00",962831,943260
"2025-10-06 12:00:00",1118587,939723
"2025-10-06 13:00:00",1226802,936827
"2025-10-06 14:00:00",1262400,934360
"2025-10-06 15:00:00",1255258,931477
"2025-10-06 16:00:00",1226101,928957
"2025-10-06 17:00:00",1210815,927535
"2025-10-06 18:00:00",1205723,923942
"2025-10-06 19:00:00",1180264,921992
"2025-10-06 20:00:00",1091060,920070
"2025-10-06 21:00:00",950194,917835
"2025-10-06 22:00:00",817111,915736
"2025-10-06 23:00:00",719832,914884
"2025-10-07 00:00:00",671193,911795
"2025-10-07 01:00:00",647183,909891
"2025-10-07 02:00:00",566155,907952
"2025-10-07 03:00:00",563056,907937
"2025-10-07 04:00:00",585197,908548
"2025-10-07 05:00:00",652339,909190
"2025-10-07 06:00:00",577438,906875
"2025-10-07 07:00:00",751859,909978
"2025-10-07 08:00:00",825006,912282
"2025-10-07 09:00:00",830960,913568
"2025-10-07 10:00:00",850625,915690
"2025-10-07 11:00:00",975359,918338
"2025-10-07 12:00:00",1135316,921793
"2025-10-07 13:00:00",1241949,925598
"2025-10-07 14:00:00",1254130,929097
"2025-10-07 15:00:00",1235936,932070
"2025-10-07 16:00:00",1205334,933655
"2025-10-07 17:00:00",1082586,931130
"2025-10-07 18:00:00",1150468,932467
"2025-10-07 19:00:00",1135455,932937
"2025-10-07 20:00:00",1032026,932632
"2025-10-07 21:00:00",884305,932464
"2025-10-07 22:00:00",791472,933223
"2025-10-07 23:00:00",551447,929029
"2025-10-08 00:00:00",573678,928727
"2025-10-08 01:00:00",650790,929622
"2025-10-08 02:00:00",669905,931451
"2025-10-08 03:00:00",668048,933135
"2025-10-08 04:00:00",699594,934995
"2025-10-08 05:00:00",793698,937230
"2025-10-08 06:00:00",866430,942053
"2025-10-08 07:00:00",934663,943344
"2025-10-08 08:00:00",942818,942610
"2025-10-08 09:00:00",943595,942834
"2025-10-08 10:00:00",981558,944343
"2025-10-08 11:00:00",1146078,947342
"2025-10-08 12:00:00",1328383,950647
"2025-10-08 13:00:00",1449843,954301
"2025-10-08 14:00:00",1448667,958037
"2025-10-08 15:00:00",1356244,960061
"2025-10-08 16:00:00",1239707,959893
"2025-10-08 17:00:00",1237029,962719
"2025-10-08 18:00:00",1243370,964127
"2025-10-08 19:00:00",1204619,965031
"2025-10-08 20:00:00",1119177,966663
"2025-10-08 21:00:00",970021,968321
"2025-10-08 22:00:00",791906,967916
"2025-10-08 23:00:00",677533,971343
"2025-10-09 00:00:00",629164,973440
"2025-10-09 01:00:00",620265,973060
"2025-10-09 02:00:00",628280,972200
"2025-10-09 03:00:00",622459,971519
"2025-10-09 04:00:00",636343,970329
"2025-10-09 05:00:00",668781,967784
"2025-10-09 06:00:00",684884,963360
"2025-10-09 07:00:00",725876,958201
"2025-10-09 08:00:00",795872,953966
"2025-10-09 09:00:00",844086,950844
"2025-10-09 10:00:00",910337,948354
"2025-10-09 11:00:00",1058415,945630
"2025-10-09 12:00:00",1237625,943063
"2025-10-09 13:00:00",1381989,941351
"2025-10-09 14:00:00",1387791,939615
"2025-10-09 15:00:00",1292012,937836
"2025-10-09 16:00:00",1173318,936493
"2025-10-09 17:00:00",1177165,934799
"2025-10-09 18:00:00",1188287,933011
"2025-10-09 19:00:00",1165346,931910
"2025-10-09 20:00:00",1082882,931295
"2025-10-09 21:00:00",939365,931616
"2025-10-09 22:00:00",799949,933830
"2025-10-09 23:00:00",714095,937031
"2025-10-10 00:00:00",648486,939163
"2025-10-10 01:00:00",627685,940430
"2025-10-10 02:00:00",653703,941817
"2025-10-10 03:00:00",644944,942950
"2025-10-10 04:00:00",674388,944611
"2025-10-10 05:00:00",681805,945691
"2025-10-10 06:00:00",697476,946800
"2025-10-10 07:00:00",696457,946754
"2025-10-10 08:00:00",759517,947511
"2025-10-10 09:00:00",801343,948482
"2025-10-10 10:00:00",880390,949891
"2025-10-10 11:00:00",1044306,951814
"2025-10-10 12:00:00",1240573,954301
"2025-10-10 13:00:00",1371898,956264
"2025-10-10 14:00:00",1381046,957940
"2025-10-10 15:00:00",1318036,960619
"2025-10-10 16:00:00",1165529,962502
"2025-10-10 17:00:00",1155159,964585
"2025-10-10 18:00:00",1184194,966435
"2025-10-10 19:00:00",1188650,968006
"2025-10-10 20:00:00",1159080,970444
"2025-10-10 21:00:00",1073960,974358
"2025-10-10 22:00:00",950437,979014
"2025-10-10 23:00:00",824480,982712
"2025-10-11 00:00:00",722617,985403
"2025-10-11 01:00:00",677389,987150
"2025-10-11 02:00:00",691638,988514
"2025-10-11 03:00:00",690289,990527
"2025-10-11 04:00:00",726580,992888
"2025-10-11 05:00:00",737168,995392
"2025-10-11 06:00:00",752501,998812
"2025-10-11 07:00:00",821329,1005013
"2025-10-11 08:00:00",912916,1012152
"2025-10-11 09:00:00",962432,1019044
"2025-10-11 10:00:00",1048543,1025364
"2025-10-11 11:00:00",1220499,1031318
"2025-10-11 12:00:00",1406490,1036566
"2025-10-11 13:00:00",1512141,1040792
"2025-10-11 14:00:00",1529240,1045477
"2025-10-11 15:00:00",1477525,1050358
"2025-10-11 16:00:00",1369432,1055612
"2025-10-11 17:00:00",1307792,1058721
"2025-10-11 18:00:00",1261920,1060346
"2025-10-11 19:00:00",1221871,1061119
"2025-10-11 20:00:00",1180010,1061745
"2025-10-11 21:00:00",1115698,1062376
"2025-10-11 22:00:00",1004012,1062549
"2025-10-11 23:00:00",878801,1062561
"2025-10-12 00:00:00",757884,1062137
"2025-10-12 01:00:00",708864,1062268
"2025-10-12 02:00:00",755994,1063638
"2025-10-12 03:00:00",766459,1064760
"2025-10-12 04:00:00",806950,1065929
"2025-10-12 05:00:00",888376,1068794
"2025-10-12 06:00:00",964509,1072210
"2025-10-12 07:00:00",1043221,1075201
"2025-10-12 08:00:00",1099318,1076951
"2025-10-12 09:00:00",1088850,1077346
"2025-10-12 10:00:00",1127992,1076878
"2025-10-12 11:00:00",1267008,1075600
"2025-10-12 12:00:00",1430116,1073687
"2025-10-12 13:00:00",1552698,1072671
"2025-10-12 14:00:00",1558375,1071783
"2025-10-12 15:00:00",1432143,1068768
"2025-10-12 16:00:00",1269795,1064756
"2025-10-12 17:00:00",1262683,1062604
"2025-10-12 18:00:00",1252186,1061556
"2025-10-12 19:00:00",1229014,1061480
"2025-10-12 20:00:00",1137635,1059844
"2025-10-12 21:00:00",1006512,1056191
"2025-10-12 22:00:00",878194,1052079
"2025-10-12 23:00:00",761872,1047966
"2025-10-13 00:00:00",694953,1045633
"2025-10-13 01:00:00",667011,1044220
"2025-10-13 02:00:00",662899,1041482
"2025-10-13 03:00:00",665203,1038522
"2025-10-13 04:00:00",668485,1034085
"2025-10-13 05:00:00",639488,1026270
"2025-10-13 06:00:00",649527,1016872
"2025-10-13 07:00:00",708022,1006484
"2025-10-13 08:00:00",797803,997070
"2025-10-13 09:00:00",831090,988812
"2025-10-13 10:00:00",882966,980937
"2025-10-13 11:00:00",1024067,973044
"2025-10-13 12:00:00",1218426,965893
"2025-10-13 13:00:00",1380347,960082
"2025-10-13 14:00:00",1396478,954661
"2025-10-13 15:00:00",1327580,951049
"2025-10-13 16:00:00",1182818,947964
"2025-10-13 17:00:00",1177202,944931
"2025-10-13 18:00:00",1207227,943094
"2025-10-13 19:00:00",1179854,940823
"2025-10-13 20:00:00",1091808,938731
"2025-10-13 21:00:00",966208,936921
"2025-10-13 22:00:00",813327,934378
"2025-10-13 23:00:00",707854,932566
"2025-10-13 23:10:00",692725,
"2025-10-13 23:20:00",691351,
"2025-10-13 23:30:00",681986,
"2025-10-13 23:40:00",672588,
"2025-10-13 23:50:00",669215,
"2025-10-14 00:00:00",666001,930144
"2025-10-14 00:10:00",647554,
"2025-10-14 00:20:00",653196,
"2025-10-14 00:30:00",656093,
"2025-10-14 00:40:00",647520,
"2025-10-14 00:50:00",650302,
"2025-10-14 01:00:00",663130,929166
"2025-10-14 01:10:00",647302,
"2025-10-14 01:20:00",646427,
"2025-10-14 01:30:00",648425,
"2025-10-14 01:40:00",639145,
"2025-10-14 01:50:00",636957,
"2025-10-14 02:00:00",638382,928782
"2025-10-14 02:10:00",636627,
"2025-10-14 02:20:00",639875,
"2025-10-14 02:30:00",662891,
"2025-10-14 02:40:00",634849,
"2025-10-14 02:50:00",634907,
"2025-10-14 03:00:00",636048,927734
"2025-10-14 03:10:00",626413,
"2025-10-14 03:20:00",621425,
"2025-10-14 03:30:00",620342,
"2025-10-14 03:40:00",611978,
"2025-10-14 03:50:00",608746,
"2025-10-14 04:00:00",611423,927158
"2025-10-14 04:10:00",617998,
"2025-10-14 04:20:00",627822,
"2025-10-14 04:30:00",631662,
"2025-10-14 04:40:00",646156,
"2025-10-14 04:50:00",646933,
"2025-10-14 05:00:00",666107,928550
"2025-10-14 05:10:00",663793,
"2025-10-14 05:20:00",647116,
"2025-10-14 05:30:00",644154,
"2025-10-14 05:40:00",666525,
"2025-10-14 05:50:00",656794,
"2025-10-14 06:00:00",635662,928771
"2025-10-14 06:10:00",636398,
"2025-10-14 06:20:00",635364,
"2025-10-14 06:30:00",633511,
"2025-10-14 06:40:00",645930,
"2025-10-14 06:50:00",644428,
"2025-10-14 07:00:00",652440,928966
"2025-10-14 07:10:00",662127,
"2025-10-14 07:20:00",669053,
"2025-10-14 07:30:00",699990,
"2025-10-14 07:40:00",687282,
"2025-10-14 07:50:00",698313,
"2025-10-14 08:00:00",717776,928509
"2025-10-14 08:10:00",729343,
"2025-10-14 08:20:00",744755,
"2025-10-14 08:30:00",732389,
"2025-10-14 08:40:00",771613,
"2025-10-14 08:50:00",765108,
"2025-10-14 09:00:00",779778,928187
"2025-10-14 09:10:00",777696,
"2025-10-14 09:20:00",789462,
"2025-10-14 09:30:00",785395,
"2025-10-14 09:40:00",805724,
"2025-10-14 09:50:00",792163,
"2025-10-14 10:00:00",796694,927578
"2025-10-14 10:10:00",803740,
"2025-10-14 10:20:00",816781,
"2025-10-14 10:30:00",829181,
"2025-10-14 10:40:00",837971,
"2025-10-14 10:50:00",851811,
"2025-10-14 11:00:00",863345,926462
"2025-10-14 11:10:00",896367,
"2025-10-14 11:20:00",906172,
"2025-10-14 11:30:00",920305,
"2025-10-14 11:40:00",941927,
"2025-10-14 11:50:00",970906,
"2025-10-14 12:00:00",1011165,926181
"2025-10-14 12:10:00",1057664,
"2025-10-14 12:20:00",1068034,
"2025-10-14 12:30:00",1103116,
"2025-10-14 12:40:00",1142171,
"2025-10-14 12:50:00",1176504,
"2025-10-14 13:00:00",1200927,926485
"2025-10-14 13:10:00",1252276,
"2025-10-14 13:20:00",1278959,
"2025-10-14 13:30:00",1301881,
"2025-10-14 13:40:00",1328219,
"2025-10-14 13:50:00",1345861,
"2025-10-14 14:00:00",1351515,926800
"2025-10-14 14:10:00",1358663,
"2025-10-14 14:20:00",1362252,
"2025-10-14 14:30:00",1355054,
"2025-10-14 14:40:00",1339646,
"2025-10-14 14:50:00",1323599,
"2025-10-14 15:00:00",1290750,926964
"2025-10-14 15:10:00",1263731,
"2025-10-14 15:20:00",1230335,
"2025-10-14 15:30:00",1209596,
"2025-10-14 15:40:00",1185875,
"2025-10-14 15:50:00",1167156,
"2025-10-14 16:00:00",1147109,927123
"2025-10-14 16:10:00",1130486,
"2025-10-14 16:20:00",1122463,
"2025-10-14 16:30:00",1115614,
"2025-10-14 16:40:00",1110769,
"2025-10-14 16:50:00",1108003,
"2025-10-14 17:00:00",1107175,926664
"2025-10-14 17:10:00",1119655,
"2025-10-14 17:20:00",1124290,
"2025-10-14 17:30:00",1124669,
"2025-10-14 17:40:00",1127408,
"2025-10-14 17:50:00",1132062,
"2025-10-14 18:00:00",1128062,925156
"2025-10-14 18:10:00",1131030,
"2025-10-14 18:20:00",1126367,
"2025-10-14 18:30:00",1121913,
"2025-10-14 18:40:00",1126456,
"2025-10-14 18:50:00",1120631,
"2025-10-14 19:00:00",1110922,923894
"2025-10-14 19:10:00",1097978,
"2025-10-14 19:20:00",1091861,
"2025-10-14 19:30:00",1079240,
"2025-10-14 19:40:00",1063948,
"2025-10-14 19:50:00",1053006,
"2025-10-14 20:00:00",1033647,923001
"2025-10-14 20:10:00",1006082,
"2025-10-14 20:20:00",986052,
"2025-10-14 20:30:00",970661,
"2025-10-14 20:40:00",951783,
"2025-10-14 20:50:00",932288,
"2025-10-14 21:00:00",913603,922207
"2025-10-14 21:10:00",891762,
"2025-10-14 21:20:00",869401,
"2025-10-14 21:30:00",859220,
"2025-10-14 21:40:00",839106,
"2025-10-14 21:50:00",821156,
"2025-10-14 22:00:00",801337,922394
"2025-10-14 22:10:00",531406,
"2025-10-14 22:20:00",575355,
"2025-10-14 22:30:00",577474,
"2025-10-14 22:40:00",547496,
"2025-10-14 22:50:00",530029,
"2025-10-14 23:00:00",517893,917156
"2025-10-14 23:10:00",529589,
"2025-10-14 23:20:00",541101,
"2025-10-14 23:30:00",544118,
"2025-10-14 23:40:00",544861,
"2025-10-14 23:50:00",545505,
"2025-10-15 00:00:00",545731,915383
"2025-10-15 00:10:00",547555,
"2025-10-15 00:20:00",549631,
"2025-10-15 00:30:00",554581,
"2025-10-15 00:40:00",561973,
"2025-10-15 00:50:00",569841,
"2025-10-15 01:00:00",579801,914516
"2025-10-15 01:10:00",595957,
"2025-10-15 01:20:00",603145,
"2025-10-15 01:30:00",609403,
"2025-10-15 01:40:00",614256,
"2025-10-15 01:50:00",616283,
"2025-10-15 02:00:00",621414,913987
"2025-10-15 02:10:00",629537,
"2025-10-15 02:20:00",635722,
"2025-10-15 02:30:00",640967,
"2025-10-15 02:40:00",645279,
"2025-10-15 02:50:00",645890,
"2025-10-15 03:00:00",643722,913783
"2025-10-15 03:10:00",636730,
"2025-10-15 03:20:00",633911,
"2025-10-15 03:30:00",628404,
"2025-10-15 03:40:00",622100,
"2025-10-15 03:50:00",621629,
"2025-10-15 04:00:00",624166,915057
"2025-10-15 04:10:00",633166,
"2025-10-15 04:20:00",649879,
"2025-10-15 04:30:00",668600,
"2025-10-15 04:40:00",686330,
"2025-10-15 04:50:00",697272,
"2025-10-15 05:00:00",698216,915621
"2025-10-15 05:10:00",697665,
"2025-10-15 05:20:00",694019,
"2025-10-15 05:30:00",688983,
"2025-10-15 05:40:00",684943,
"2025-10-15 05:50:00",678587,
"2025-10-15 06:00:00",674187,916686
"2025-10-15 06:10:00",673383,
"2025-10-15 06:20:00",675660,
"2025-10-15 06:30:00",682037,
"2025-10-15 06:40:00",685685,
"2025-10-15 06:50:00",691187,
"2025-10-15 07:00:00",696122,917773
"2025-10-15 07:10:00",700507,
"2025-10-15 07:20:00",710448,
"2025-10-15 07:30:00",718036,
"2025-10-15 07:40:00",729225,
"2025-10-15 07:50:00",739563,
"2025-10-15 08:00:00",750309,919391
"2025-10-15 08:10:00",766051,
"2025-10-15 08:20:00",782909,
"2025-10-15 08:30:00",798541,
"2025-10-15 08:40:00",811584,
"2025-10-15 08:50:00",823986,
"2025-10-15 09:00:00",831886,920643
"2025-10-15 09:10:00",838084,
"2025-10-15 09:20:00",843692,
"2025-10-15 09:30:00",842719,
"2025-10-15 09:40:00",846455,
"2025-10-15 09:50:00",848162,
"2025-10-15 10:00:00",854747,922813
"2025-10-15 10:10:00",858490,
"2025-10-15 10:20:00",872452,
"2025-10-15 10:30:00",888205,
"2025-10-15 10:40:00",901862,
"2025-10-15 10:50:00",919866,
"2025-10-15 11:00:00",941799,926771
"2025-10-15 11:10:00",972885,
"2025-10-15 11:20:00",998510,
"2025-10-15 11:30:00",1031744,
"2025-10-15 11:40:00",1066874,
"2025-10-15 11:50:00",1093603,
"2025-10-15 12:00:00",1122365,931844
"2025-10-15 12:10:00",1173782,
"2025-10-15 12:20:00",1212875,
"2025-10-15 12:30:00",1268631,
"2025-10-15 12:40:00",1305477,
"2025-10-15 12:50:00",1340530,
"2025-10-15 13:00:00",1375691,936627
"2025-10-15 13:10:00",1407868,
"2025-10-15 13:20:00",1442169,
"2025-10-15 13:30:00",1471696,
"2025-10-15 13:40:00",1498046,
"2025-10-15 13:50:00",1512807,
"2025-10-15 14:00:00",1521522,941217
"2025-10-15 14:10:00",1522574,
"2025-10-15 14:20:00",1524220,
"2025-10-15 14:30:00",1519464,
"2025-10-15 14:40:00",1506511,
"2025-10-15 14:50:00",1482844,
"2025-10-15 15:00:00",1450344,945920
"2025-10-15 15:10:00",1406857,
"2025-10-15 15:20:00",1379560,
"2025-10-15 15:30:00",1351224,
"2025-10-15 15:40:00",1320559,
"2025-10-15 15:50:00",1295581,
"2025-10-15 16:00:00",1273212,949466
"2025-10-15 16:10:00",1248567,
"2025-10-15 16:20:00",1242860,
"2025-10-15 16:30:00",1236313,
"2025-10-15 16:40:00",1231136,
"2025-10-15 16:50:00",1228457,
"2025-10-15 17:00:00",1227234,953285
"2025-10-15 17:10:00",1233060,
"2025-10-15 17:20:00",1241531,
"2025-10-15 17:30:00",1247810,
"2025-10-15 17:40:00",1254478,
"2025-10-15 17:50:00",1258608,
"2025-10-15 18:00:00",1259199,957149
"2025-10-15 18:10:00",1257429,
"2025-10-15 18:20:00",1258256,
"2025-10-15 18:30:00",1260728,
"2025-10-15 18:40:00",1257859,
"2025-10-15 18:50:00",1253624,
"2025-10-15 19:00:00",1244522,961221
"2025-10-15 19:10:00",1230723,
"2025-10-15 19:20:00",1219562,
"2025-10-15 19:30:00",1206585,
"2025-10-15 19:40:00",1193411,
"2025-10-15 19:50:00",1176102,
"2025-10-15 20:00:00",1159357,964940
"2025-10-15 20:10:00",1129828,
"2025-10-15 20:20:00",1098023,
"2025-10-15 20:30:00",1074274,
"2025-10-15 20:40:00",1051144,
"2025-10-15 20:50:00",1029439,
"2025-10-15 21:00:00",995307,967318
"2025-10-15 21:10:00",962939,
"2025-10-15 21:20:00",948164,
"2025-10-15 21:30:00",915405,
"2025-10-15 21:40:00",891208,
"2025-10-15 21:50:00",868459,
"2025-10-15 22:00:00",837396,968402
"2025-10-15 22:10:00",821614,
"2025-10-15 22:20:00",810001,
"2025-10-15 22:30:00",787448,
"2025-10-15 22:40:00",767308,
"2025-10-15 22:50:00",753313,
"2025-10-15 23:00:00",738202,975110
"2025-10-15 23:10:00",718299,
"2025-10-15 23:20:00",702609,
"2025-10-15 23:30:00",695213,
"2025-10-15 23:40:00",685590,
"2025-10-15 23:50:00",686152,
"2025-10-16 00:00:00",672402,978727
"2025-10-16 00:10:00",661212,
"2025-10-16 00:20:00",640973,
"2025-10-16 00:30:00",637183,
"2025-10-16 00:40:00",636294,
"2025-10-16 00:50:00",636747,
"2025-10-16 01:00:00",637076,979501
"2025-10-16 01:10:00",634309,
"2025-10-16 01:20:00",551826,
"2025-10-16 01:30:00",557641,
"2025-10-16 01:40:00",564506,
"2025-10-16 01:50:00",568940,
"2025-10-16 02:00:00",575265,978145
"2025-10-16 02:10:00",583142,
"2025-10-16 02:20:00",585303,
"2025-10-16 02:30:00",595417,
"2025-10-16 02:40:00",600831,
"2025-10-16 02:50:00",602715,
"2025-10-16 03:00:00",603676,977209
"2025-10-16 03:10:00",602286,
"2025-10-16 03:20:00",601369,
"2025-10-16 03:30:00",604346,
"2025-10-16 03:40:00",602357,
"2025-10-16 03:50:00",600998,
"2025-10-16 04:00:00",607178,975842
"2025-10-16 04:10:00",614203,
"2025-10-16 04:20:00",623496,
"2025-10-16 04:30:00",634062,
"2025-10-16 04:40:00",644433,
"2025-10-16 04:50:00",646440,
"2025-10-16 05:00:00",651588,974484
"2025-10-16 05:10:00",649956,
"2025-10-16 05:20:00",650882,
"2025-10-16 05:30:00",646741,
"2025-10-16 05:40:00",642764,
"2025-10-16 05:50:00",640989,
"2025-10-16 06:00:00",642735,974063
"2025-10-16 06:10:00",645109,
"2025-10-16 06:20:00",649929,
"2025-10-16 06:30:00",656994,
"2025-10-16 06:40:00",661980,
"2025-10-16 06:50:00",671198,
"2025-10-16 07:00:00",678251,974050
"2025-10-16 07:10:00",685163,
"2025-10-16 07:20:00",691915,
"2025-10-16 07:30:00",699692,
"2025-10-16 07:40:00",718355,
"2025-10-16 07:50:00",731193,
"2025-10-16 08:00:00",741790,973723
"2025-10-16 08:10:00",751565,
"2025-10-16 08:20:00",763804,
"2025-10-16 08:30:00",782646,
"2025-10-16 08:40:00",800792,
"2025-10-16 08:50:00",811067,
"2025-10-16 09:00:00",815006,973527
"2025-10-16 09:10:00",819262,
"2025-10-16 09:20:00",822053,
"2025-10-16 09:30:00",828040,
"2025-10-16 09:40:00",834146,
"2025-10-16 09:50:00",840185,
"2025-10-16 10:00:00",846541,972996
"2025-10-16 10:10:00",847996,
"2025-10-16 10:20:00",856458,
"2025-10-16 10:30:00",870242,
"2025-10-16 10:40:00",885172,
"2025-10-16 10:50:00",899728,
"2025-10-16 11:00:00",922000,971119
"2025-10-16 11:10:00",943665,
"2025-10-16 11:20:00",970004,
"2025-10-16 11:30:00",996869,
"2025-10-16 11:40:00",1001178,
"2025-10-16 11:50:00",1030600,
"2025-10-16 12:00:00",1053752,967409
"2025-10-16 12:10:00",1090885,
"2025-10-16 12:20:00",1124502,
"2025-10-16 12:30:00",1154628,
"2025-10-16 12:40:00",1182283,
"2025-10-16 12:50:00",1220858,
"2025-10-16 13:00:00",1256450,963486
"2025-10-16 13:10:00",1282545,
"2025-10-16 13:20:00",1316205,
"2025-10-16 13:30:00",1344960,
"2025-10-16 13:40:00",1365173,
"2025-10-16 13:50:00",1385743,
"2025-10-16 14:00:00",1409525,960296
"2025-10-16 14:10:00",1419510,
"2025-10-16 14:20:00",1418060,
"2025-10-16 14:30:00",1404750,
"2025-10-16 14:40:00",1389346,
"2025-10-16 14:50:00",1366151,
"2025-10-16 15:00:00",1341358,956865
"2025-10-16 15:10:00",1305931,
"2025-10-16 15:20:00",1284986,
"2025-10-16 15:30:00",1261728,
"2025-10-16 15:40:00",1239832,
"2025-10-16 15:50:00",1219334,
"2025-10-16 16:00:00",1196748,954891
"2025-10-16 16:10:00",1175971,
"2025-10-16 16:20:00",1168518,
"2025-10-16 16:30:00",1160621,
"2025-10-16 16:40:00",1157431,
"2025-10-16 16:50:00",1156548,
"2025-10-16 17:00:00",1154697,952612
"2025-10-16 17:10:00",1155117,
"2025-10-16 17:20:00",1158361,
"2025-10-16 17:30:00",1163775,
"2025-10-16 17:40:00",1166771,
"2025-10-16 17:50:00",1169931,
"2025-10-16 18:00:00",1169171,950269
"2025-10-16 18:10:00",1176583,
"2025-10-16 18:20:00",1176554,
"2025-10-16 18:30:00",1173895,
"2025-10-16 18:40:00",1178827,
"2025-10-16 18:50:00",1161610,
"2025-10-16 19:00:00",1134754,947247
"2025-10-16 19:10:00",1144772,
"2025-10-16 19:20:00",1147779,
"2025-10-16 19:30:00",1134349,
"2025-10-16 19:40:00",1117168,
"2025-10-16 19:50:00",1107687,
"2025-10-16 20:00:00",1086501,944975
"2025-10-16 20:10:00",1074369,
"2025-10-16 20:20:00",1049316,
"2025-10-16 20:30:00",1029198,
"2025-10-16 20:40:00",1010117,
"2025-10-16 20:50:00",985556,
"2025-10-16 21:00:00",963308,944301
"2025-10-16 21:10:00",932174,
"2025-10-16 21:20:00",913006,
"2025-10-16 21:30:00",889388,
"2025-10-16 21:40:00",865858,
"2025-10-16 21:50:00",847270,
"2025-10-16 22:00:00",827548,944116
"2025-10-16 22:10:00",803964,
"2025-10-16 22:20:00",788000,
"2025-10-16 22:30:00",771379,
"2025-10-16 22:40:00",757308,
"2025-10-16 22:50:00",742565,
"2025-10-16 23:00:00",733987,944371
"2025-10-16 23:10:00",713413,
"2025-10-16 23:20:00",701017,
"2025-10-16 23:30:00",696843,
"2025-10-16 23:40:00",687024,
"2025-10-16 23:50:00",679795,
"2025-10-17 00:00:00",669003,944425
"2025-10-17 00:10:00",660626,
"2025-10-17 00:20:00",659048,
"2025-10-17 00:30:00",655061,
"2025-10-17 00:40:00",651024,
"2025-10-17 00:50:00",653262,
"2025-10-17 01:00:00",648875,944951
"2025-10-17 01:10:00",648809,
"2025-10-17 01:20:00",650458,
"2025-10-17 01:30:00",647753,
"2025-10-17 01:40:00",649485,
"2025-10-17 01:50:00",648177,
"2025-10-17 02:00:00",647201,947172
"2025-10-17 02:10:00",650890,
"2025-10-17 02:20:00",655417,
"2025-10-17 02:30:00",658880,
"2025-10-17 02:40:00",660194,
"2025-10-17 02:50:00",660749,
"2025-10-17 03:00:00",657956,949457
"2025-10-17 03:10:00",659863,
"2025-10-17 03:20:00",654179,
"2025-10-17 03:30:00",649287,
"2025-10-17 03:40:00",645073,
"2025-10-17 03:50:00",648704,
"2025-10-17 04:00:00",641844,951063
"2025-10-17 04:10:00",646378,
"2025-10-17 04:20:00",651595,
"2025-10-17 04:30:00",661213,
"2025-10-17 04:40:00",668812,
"2025-10-17 04:50:00",682067,
"2025-10-17 05:00:00",688321,952767
"2025-10-17 05:10:00",685988,
"2025-10-17 05:20:00",685960,
"2025-10-17 05:30:00",683840,
"2025-10-17 05:40:00",679392,
"2025-10-17 05:50:00",677098,
"2025-10-17 06:00:00",683753,954769
"2025-10-17 06:10:00",681778,
"2025-10-17 06:20:00",686265,
"2025-10-17 06:30:00",697442,
"2025-10-17 06:40:00",697099,
"2025-10-17 06:50:00",708427,
"2025-10-17 07:00:00",731920,956117
"2025-10-17 07:10:00",728769,
"2025-10-17 07:20:00",744759,
"2025-10-17 07:30:00",744371,
"2025-10-17 07:40:00",718350,
"2025-10-17 07:50:00",734128,
"2025-10-17 08:00:00",740816,957353
"2025-10-17 08:10:00",760638,
"2025-10-17 08:20:00",778866,
"2025-10-17 08:30:00",786501,
"2025-10-17 08:40:00",802405,
"2025-10-17 08:50:00",818234,
"2025-10-17 09:00:00",823416,959027
"2025-10-17 09:10:00",839564,
"2025-10-17 09:20:00",845349,
"2025-10-17 09:30:00",846515,
"2025-10-17 09:40:00",863193,
"2025-10-17 09:50:00",862460,
"2025-10-17 10:00:00",867578,961602
"2025-10-17 10:10:00",889948,
"2025-10-17 10:20:00",899493,
"2025-10-17 10:30:00",911572,
"2025-10-17 10:40:00",933065,
"2025-10-17 10:50:00",952697,
"2025-10-17 11:00:00",982499,965177
"2025-10-17 11:10:00",1003870,
"2025-10-17 11:20:00",1029487,
"2025-10-17 11:30:00",1063800,
"2025-10-17 11:40:00",1092282,
"2025-10-17 11:50:00",1116457,
"2025-10-17 12:00:00",1148115,969168
"2025-10-17 12:10:00",1182494,
"2025-10-17 12:20:00",1214628,
"2025-10-17 12:30:00",1253048,
"2025-10-17 12:40:00",1287836,
"2025-10-17 12:50:00",1319025,
"2025-10-17 13:00:00",1348918,972733
"2025-10-17 13:10:00",1376822,
"2025-10-17 13:20:00",1406612,
"2025-10-17 13:30:00",1428093,
"2025-10-17 13:40:00",1450915,
"2025-10-17 13:50:00",1477065,
"2025-10-17 14:00:00",1480462,975683
"2025-10-17 14:10:00",1482658,
"2025-10-17 14:20:00",1491309,
"2025-10-17 14:30:00",1499747,
"2025-10-17 14:40:00",1490799,
"2025-10-17 14:50:00",1483384,
"2025-10-17 15:00:00",1475052,980563
"2025-10-17 15:10:00",1452194,
"2025-10-17 15:20:00",1437610,
"2025-10-17 15:30:00",1414552,
"2025-10-17 15:40:00",1401353,
"2025-10-17 15:50:00",1381409,
"2025-10-17 16:00:00",1357767,986416
"2025-10-17 16:10:00",1323793,
"2025-10-17 16:20:00",1308815,
"2025-10-17 16:30:00",1296984,
"2025-10-17 16:40:00",1291772,
"2025-10-17 16:50:00",1285716,
"2025-10-17 17:00:00",1280271,990499
"2025-10-17 17:10:00",1281842,
"2025-10-17 17:20:00",1274368,
"2025-10-17 17:30:00",1273699,
"2025-10-17 17:40:00",1272917,
"2025-10-17 17:50:00",1236352,
"2025-10-17 18:00:00",1259506,993824
"2025-10-17 18:10:00",1261735,
"2025-10-17 18:20:00",1269160,
"2025-10-17 18:30:00",1261601,
"2025-10-17 18:40:00",1226557,
"2025-10-17 18:50:00",1225422,
"2025-10-17 19:00:00",1221915,996464
"2025-10-17 19:10:00",1216207,
"2025-10-17 19:20:00",1213773,
"2025-10-17 19:30:00",1210912,
"2025-10-17 19:40:00",1207086,
"2025-10-17 19:50:00",1197524,
"2025-10-17 20:00:00",1185704,1000192
"2025-10-17 20:10:00",1169660,
"2025-10-17 20:20:00",1164292,
"2025-10-17 20:30:00",1113121,
"2025-10-17 20:40:00",1089565,
"2025-10-17 20:50:00",996563,
"2025-10-17 21:00:00",1005550,1001869
"2025-10-17 21:10:00",1008273,
"2025-10-17 21:20:00",1005995,
"2025-10-17 21:30:00",971332,
"2025-10-17 21:40:00",951209,
"2025-10-17 21:50:00",937590,
"2025-10-17 22:00:00",916952,1005598
"2025-10-17 22:10:00",851835,
"2025-10-17 22:20:00",852040,
"2025-10-17 22:30:00",850313,
"2025-10-17 22:40:00",835734,
"2025-10-17 22:50:00",799501,
"2025-10-17 23:00:00",782424,1007622
"2025-10-17 23:10:00",767442,
"2025-10-17 23:20:00",752577,
"2025-10-17 23:30:00",736204,
"2025-10-17 23:40:00",723953,
"2025-10-17 23:50:00",701601,
"2025-10-18 00:00:00",691916,1008712
"2025-10-18 00:10:00",692764,
"2025-10-18 00:20:00",690286,
"2025-10-18 00:30:00",679837,
"2025-10-18 00:40:00",677522,
"2025-10-18 00:50:00",675559,
"2025-10-18 01:00:00",677053,1010237
"2025-10-18 01:10:00",675333,
"2025-10-18 01:20:00",675367,
"2025-10-18 01:30:00",681272,
"2025-10-18 01:40:00",680779,
"2025-10-18 01:50:00",687534,
"2025-10-18 02:00:00",693220,1012686
"2025-10-18 02:10:00",700969,
"2025-10-18 02:20:00",710747,
"2025-10-18 02:30:00",717356,
"2025-10-18 02:40:00",724445,
"2025-10-18 02:50:00",727359,
"2025-10-18 03:00:00",731081,1015441
"2025-10-18 03:10:00",733144,
"2025-10-18 03:20:00",734923,
"2025-10-18 03:30:00",735810,
"2025-10-18 03:40:00",734582,
"2025-10-18 03:50:00",733843,
"2025-10-18 04:00:00",733377,1018671
"2025-10-18 04:10:00",735969,
"2025-10-18 04:20:00",742282,
"2025-10-18 04:30:00",751550,
"2025-10-18 04:40:00",761918,
"2025-10-18 04:50:00",770156,
"2025-10-18 05:00:00",778763,1024090
"2025-10-18 05:10:00",789601,
"2025-10-18 05:20:00",800688,
"2025-10-18 05:30:00",810115,
"2025-10-18 05:40:00",823095,
"2025-10-18 05:50:00",833231,
"2025-10-18 06:00:00",839466,1031268
"2025-10-18 06:10:00",854550,
"2025-10-18 06:20:00",864401,
"2025-10-18 06:30:00",876246,
"2025-10-18 06:40:00",889047,
"2025-10-18 06:50:00",898487,
"2025-10-18 07:00:00",912149,1039591
"2025-10-18 07:10:00",923006,
"2025-10-18 07:20:00",934832,
"2025-10-18 07:30:00",947153,
"2025-10-18 07:40:00",956857,
"2025-10-18 07:50:00",964041,
"2025-10-18 08:00:00",976119,1047005
"2025-10-18 08:10:00",988469,
"2025-10-18 08:20:00",996924,
"2025-10-18 08:30:00",998112,
"2025-10-18 08:40:00",1004245,
"2025-10-18 08:50:00",1012454,
"2025-10-18 09:00:00",1016128,1052976
"2025-10-18 09:10:00",1016559,
"2025-10-18 09:20:00",1018955,
"2025-10-18 09:30:00",1019370,
"2025-10-18 09:40:00",1017759,
"2025-10-18 09:50:00",1015421,
"2025-10-18 10:00:00",1017022,1057334
"2025-10-18 10:10:00",1020164,
"2025-10-18 10:20:00",1026567,
"2025-10-18 10:30:00",1033414,
"2025-10-18 10:40:00",1050038,
"2025-10-18 10:50:00",1066386,
"2025-10-18 11:00:00",1088146,1061399
"2025-10-18 11:10:00",1111981,
"2025-10-18 11:20:00",1139653,
"2025-10-18 11:30:00",1165664,
"2025-10-18 11:40:00",1192107,
"2025-10-18 11:50:00",1222484,
"2025-10-18 12:00:00",1245242,1064038
"2025-10-18 12:10:00",1281849,
"2025-10-18 12:20:00",1315175,
"2025-10-18 12:30:00",1342653,
"2025-10-18 12:40:00",1368822,
"2025-10-18 12:50:00",1388171,
"2025-10-18 13:00:00",1406631,1064977
"2025-10-18 13:10:00",1429729,
"2025-10-18 13:20:00",1450403,
"2025-10-18 13:30:00",1469228,
"2025-10-18 13:40:00",1489445,
"2025-10-18 13:50:00",1501179,
"2025-10-18 14:00:00",1505397,1065358
"2025-10-18 14:10:00",1507752,
"2025-10-18 14:20:00",1509865,
"2025-10-18 14:30:00",1510229,
"2025-10-18 14:40:00",1503376,
"2025-10-18 14:50:00",1487259,
"2025-10-18 15:00:00",1473066,1065251
"2025-10-18 15:10:00",1454697,
"2025-10-18 15:20:00",1438867,
"2025-10-18 15:30:00",1418708,
"2025-10-18 15:40:00",1396977,
"2025-10-18 15:50:00",1379867,
"2025-10-18 16:00:00",1364811,1065287
"2025-10-18 16:10:00",1343804,
"2025-10-18 16:20:00",1332232,
"2025-10-18 16:30:00",1318774,
"2025-10-18 16:40:00",1309210,
"2025-10-18 16:50:00",1303757,
"2025-10-18 17:00:00",1296901,1065540
"2025-10-18 17:10:00",1286643,
"2025-10-18 17:20:00",1284127,
"2025-10-18 17:30:00",1278391,
"2025-10-18 17:40:00",1272537,
"2025-10-18 17:50:00",1276261,
"2025-10-18 18:00:00",1263907,1065070
"2025-10-18 18:10:00",1256437,
"2025-10-18 18:20:00",1258177,
"2025-10-18 18:30:00",1258524,
"2025-10-18 18:40:00",1256898,
"2025-10-18 18:50:00",1255979,
"2025-10-18 19:00:00",1249300,1065987
"2025-10-18 19:10:00",1248732,
"2025-10-18 19:20:00",1249699,
"2025-10-18 19:30:00",1228824,
"2025-10-18 19:40:00",1226219,
"2025-10-18 19:50:00",1215350,
"2025-10-18 20:00:00",1207168,1066567
"2025-10-18 20:10:00",1198271,
"2025-10-18 20:20:00",1186409,
"2025-10-18 20:30:00",1175524,
"2025-10-18 20:40:00",1163522,
"2025-10-18 20:50:00",1143602,
"2025-10-18 21:00:00",1121810,1070603
"2025-10-18 21:10:00",1096145,
"2025-10-18 21:20:00",1077202,
"2025-10-18 21:30:00",1057030,
"2025-10-18 21:40:00",1036949,
"2025-10-18 21:50:00",1014039,
"2025-10-18 22:00:00",990739,1072996
"2025-10-18 22:10:00",969211,
"2025-10-18 22:20:00",948658,
"2025-10-18 22:30:00",917071,
"2025-10-18 22:40:00",896555,
"2025-10-18 22:50:00",876997,
"2025-10-18 23:00:00",855558,1075437
"2025-10-18 23:10:00",836549,
"2025-10-18 23:20:00",818946,
"2025-10-18 23:30:00",799882,
"2025-10-18 23:40:00",783625,
"2025-10-18 23:50:00",766110,
"2025-10-19 00:00:00",750494,1077373
"2025-10-19 00:10:00",733736,
"2025-10-19 00:20:00",722150,
"2025-10-19 00:30:00",711610,
"2025-10-19 00:40:00",709485,
"2025-10-19 00:50:00",703523,
"2025-10-19 01:00:00",697268,1077561
"2025-10-19 01:10:00",692862,
"2025-10-19 01:20:00",691111,
"2025-10-19 01:30:00",690144,
"2025-10-19 01:40:00",692995,
"2025-10-19 01:50:00",694241,
"2025-10-19 02:00:00",696355,1077279
"2025-10-19 02:10:00",701856,
"2025-10-19 02:20:00",707696,
"2025-10-19 02:30:00",713867,
"2025-10-19 02:40:00",719194,
"2025-10-19 02:50:00",723268,
"2025-10-19 03:00:00",727106,1076981
"2025-10-19 03:10:00",731183,
"2025-10-19 03:20:00",731605,
"2025-10-19 03:30:00",732369,
"2025-10-19 03:40:00",732378,
"2025-10-19 03:50:00",733324,
"2025-10-19 04:00:00",734042,1076902
"2025-10-19 04:10:00",738043,
"2025-10-19 04:20:00",745141,
"2025-10-19 04:30:00",753051,
"2025-10-19 04:40:00",761960,
"2025-10-19 04:50:00",774096,
"2025-10-19 05:00:00",783922,1077101
"2025-10-19 05:10:00",797015,
"2025-10-19 05:20:00",810252,
"2025-10-19 05:30:00",822091,
"2025-10-19 05:40:00",834094,
"2025-10-19 05:50:00",845203,
"2025-10-19 06:00:00",856009,1077289
"2025-10-19 06:10:00",870272,
"2025-10-19 06:20:00",883530,
"2025-10-19 06:30:00",894842,
"2025-10-19 06:40:00",907253,
"2025-10-19 06:50:00",913959,
"2025-10-19 07:00:00",926424,1077608
"2025-10-19 07:10:00",940414,
"2025-10-19 07:20:00",952311,
"2025-10-19 07:30:00",964105,
"2025-10-19 07:40:00",975544,
"2025-10-19 07:50:00",985932,
"2025-10-19 08:00:00",995427,1077830
"2025-10-19 08:10:00",1006954,
"2025-10-19 08:20:00",1009386,
"2025-10-19 08:30:00",1016287,
"2025-10-19 08:40:00",1024910,
"2025-10-19 08:50:00",1031298,
"2025-10-19 09:00:00",1032629,1078101
"2025-10-19 09:10:00",1036514,
"2025-10-19 09:20:00",1035647,
"2025-10-19 09:30:00",1036408,
"2025-10-19 09:40:00",1032718,
"2025-10-19 09:50:00",1034049,
"2025-10-19 10:00:00",1032639,1078306
"2025-10-19 10:10:00",1036566,
"2025-10-19 10:20:00",1042250,
"2025-10-19 10:30:00",1051666,
"2025-10-19 10:40:00",1065402,
"2025-10-19 10:50:00",1080409,
"2025-10-19 11:00:00",1096948,1078302
"2025-10-19 11:10:00",1118051,
"2025-10-19 11:20:00",1141649,
"2025-10-19 11:30:00",1166980,
"2025-10-19 11:40:00",1198908,
"2025-10-19 11:50:00",1229413,
"2025-10-19 12:00:00",1252645,1078567
"2025-10-19 12:10:00",1288480,
"2025-10-19 12:20:00",1319568,
"2025-10-19 12:30:00",1345004,
"2025-10-19 12:40:00",1373279,
"2025-10-19 12:50:00",1401271,
"2025-10-19 13:00:00",1421236,1078407
"2025-10-19 13:10:00",1442258,
"2025-10-19 13:20:00",1466579,
"2025-10-19 13:30:00",1473031,
"2025-10-19 13:40:00",1494630,
"2025-10-19 13:50:00",1503643,
"2025-10-19 14:00:00",1509635,1078232
"2025-10-19 14:10:00",1506898,
"2025-10-19 14:20:00",1503910,
"2025-10-19 14:30:00",1485524,
"2025-10-19 14:40:00",1466608,
"2025-10-19 14:50:00",1440755,
"2025-10-19 15:00:00",1407120,1075482
"2025-10-19 15:10:00",1385400,
"2025-10-19 15:20:00",1359832,
"2025-10-19 15:30:00",1337648,
"2025-10-19 15:40:00",1311365,
"2025-10-19 15:50:00",1290585,
"2025-10-19 16:00:00",1266135,1071490
"2025-10-19 16:10:00",1248231,
"2025-10-19 16:20:00",1235427,
"2025-10-19 16:30:00",1227433,
"2025-10-19 16:40:00",1220378,
"2025-10-19 16:50:00",1217600,
"2025-10-19 17:00:00",1208914,1068221
"2025-10-19 17:10:00",1205814,
"2025-10-19 17:20:00",1202913,
"2025-10-19 17:30:00",1206000,
"2025-10-19 17:40:00",1210532,
"2025-10-19 17:50:00",1214794,
"2025-10-19 18:00:00",1215260,1066375
"2025-10-19 18:10:00",1215090,
"2025-10-19 18:20:00",1212665,
"2025-10-19 18:30:00",1209563,
"2025-10-19 18:40:00",1186494,
"2025-10-19 18:50:00",1182817,
"2025-10-19 19:00:00",1166649,1063185
"2025-10-19 19:10:00",1160998,
"2025-10-19 19:20:00",1148059,
"2025-10-19 19:30:00",1132309,
"2025-10-19 19:40:00",1115510,
"2025-10-19 19:50:00",1098002,
"2025-10-19 20:00:00",1078782,1058234
"2025-10-19 20:10:00",1058232,
"2025-10-19 20:20:00",1034563,
"2025-10-19 20:30:00",1012259,
"2025-10-19 20:40:00",986110,
"2025-10-19 20:50:00",966394,
"2025-10-19 21:00:00",948497,1051445
"2025-10-19 21:10:00",928778,
"2025-10-19 21:20:00",911088,
"2025-10-19 21:30:00",891532,
"2025-10-19 21:40:00",866584,
"2025-10-19 21:50:00",851141,
"2025-10-19 22:00:00",834361,1045261
"2025-10-19 22:10:00",815016,
"2025-10-19 22:20:00",792880,
"2025-10-19 22:30:00",768293,
"2025-10-19 22:40:00",759267,
"2025-10-19 22:50:00",741722,
"2025-10-19 23:00:00",725220,1040081
"2025-10-19 23:10:00",708687,
"2025-10-19 23:20:00",696266,
"2025-10-19 23:30:00",684957,
"2025-10-19 23:40:00",674837,
"2025-10-19 23:50:00",665880,
"2025-10-20 00:00:00",659805,1036523
"2025-10-20 00:10:00",652338,
"2025-10-20 00:20:00",647220,
"2025-10-20 00:30:00",640876,
"2025-10-20 00:40:00",637047,
"2025-10-20 00:50:00",632872,
"2025-10-20 01:00:00",629357,1034293
"2025-10-20 01:10:00",627104,
"2025-10-20 01:20:00",627707,
"2025-10-20 01:30:00",625223,
"2025-10-20 01:40:00",623320,
"2025-10-20 01:50:00",622170,
"2025-10-20 02:00:00",621346,1030721
"2025-10-20 02:10:00",620139,
"2025-10-20 02:20:00",620596,
"2025-10-20 02:30:00",620752,
"2025-10-20 02:40:00",619364,
"2025-10-20 02:50:00",618865,
"2025-10-20 03:00:00",613675,1026431
"2025-10-20 03:10:00",610973,
"2025-10-20 03:20:00",607110,
"2025-10-20 03:30:00",603604,
"2025-10-20 03:40:00",601037,
"2025-10-20 03:50:00",597965,
"2025-10-20 04:00:00",596561,1021269
"2025-10-20 04:10:00",599739,
"2025-10-20 04:20:00",609346,
"2025-10-20 04:30:00",617998,
"2025-10-20 04:40:00",628754,
"2025-10-20 04:50:00",633022,
"2025-10-20 05:00:00",633880,1013212
"2025-10-20 05:10:00",631871,
"2025-10-20 05:20:00",629482,
"2025-10-20 05:30:00",626064,
"2025-10-20 05:40:00",621488,
"2025-10-20 05:50:00",607946,
"2025-10-20 06:00:00",609693,1002504
"2025-10-20 06:10:00",613911,
"2025-10-20 06:20:00",616430,
"2025-10-20 06:30:00",622129,
"2025-10-20 06:40:00",630609,
"2025-10-20 06:50:00",638007,
"2025-10-20 07:00:00",645230,991600
"2025-10-20 07:10:00",655344,
"2025-10-20 07:20:00",667381,
"2025-10-20 07:30:00",680701,
"2025-10-20 07:40:00",691932,
"2025-10-20 07:50:00",706091,
"2025-10-20 08:00:00",720228,982098
"2025-10-20 08:10:00",736073,
"2025-10-20 08:20:00",753492,
"2025-10-20 08:30:00",765698,
"2025-10-20 08:40:00",779090,
"2025-10-20 08:50:00",788849,
"2025-10-20 09:00:00",793681,973013
"2025-10-20 09:10:00",798482,
"2025-10-20 09:20:00",802346,
"2025-10-20 09:30:00",803400,
"2025-10-20 09:40:00",806191,
"2025-10-20 09:50:00",807662,
"2025-10-20 10:00:00",813396,964755
"2025-10-20 10:10:00",825005,
"2025-10-20 10:20:00",832183,
"2025-10-20 10:30:00",839645,
"2025-10-20 10:40:00",857155,
"2025-10-20 10:50:00",873030,
"2025-10-20 11:00:00",889673,956393
"2025-10-20 11:10:00",914549,
"2025-10-20 11:20:00",939738,
"2025-10-20 11:30:00",965642,
"2025-10-20 11:40:00",996267,
"2025-10-20 11:50:00",1022217,
"2025-10-20 12:00:00",1046460,947221
"2025-10-20 12:10:00",1076455,
"2025-10-20 12:20:00",1104856,
"2025-10-20 12:30:00",1128090,
"2025-10-20 12:40:00",1152099,
"2025-10-20 12:50:00",1179761,
"2025-10-20 13:00:00",1208609,939585
"2025-10-20 13:10:00",1242129,
"2025-10-20 13:20:00",1268796,
"2025-10-20 13:30:00",1291403,
"2025-10-20 13:40:00",1311922,
"2025-10-20 13:50:00",1325321,
"2025-10-20 14:00:00",1328940,931893
"2025-10-20 14:10:00",1335181,
"2025-10-20 14:20:00",1332908,
"2025-10-20 14:30:00",1317374,
"2025-10-20 14:40:00",1308151,
"2025-10-20 14:50:00",1286703,
"2025-10-20 15:00:00",1261147,925340
"2025-10-20 15:10:00",1235369,
"2025-10-20 15:20:00",1221386,
"2025-10-20 15:30:00",1202766,
"2025-10-20 15:40:00",1184481,
"2025-10-20 15:50:00",1167422,
"2025-10-20 16:00:00",1152048,920184
"2025-10-20 16:10:00",1137334,
"2025-10-20 16:20:00",1133285,
"2025-10-20 16:30:00",1128936,
"2025-10-20 16:40:00",1129881,
"2025-10-20 16:50:00",1108433,
"2025-10-20 17:00:00",1121727,917184
"2025-10-20 17:10:00",1144521,
"2025-10-20 17:20:00",1135775,
"2025-10-20 17:30:00",1134408,
"2025-10-20 17:40:00",1142342,
"2025-10-20 17:50:00",1149680,
"2025-10-20 18:00:00",1157559,914997
"2025-10-20 18:10:00",1164298,
"2025-10-20 18:20:00",1168738,
"2025-10-20 18:30:00",1169944,
"2025-10-20 18:40:00",1169079,
"2025-10-20 18:50:00",1166164,
"2025-10-20 19:00:00",1159797,914371
"2025-10-20 19:10:00",1146994,
"2025-10-20 19:20:00",1138480,
"2025-10-20 19:30:00",1111624,
"2025-10-20 19:40:00",1104561,
"2025-10-20 19:50:00",1086598,
"2025-10-20 20:00:00",1058305,913192
"2025-10-20 20:10:00",1031498,
"2025-10-20 20:20:00",1005827,
"2025-10-20 20:30:00",958286,
"2025-10-20 20:40:00",936434,
"2025-10-20 20:50:00",912519,
"2025-10-20 21:00:00",888172,910495
"2025-10-20 21:10:00",864065,
"2025-10-20 21:20:00",840742,
"2025-10-20 21:30:00",809652,
"2025-10-20 21:40:00",791597,
"2025-10-20 21:50:00",772704,
"2025-10-20 22:00:00",749449,906997
"2025-10-20 22:10:00",721855,
"2025-10-20 22:20:00",712555,
"2025-10-20 22:30:00",701180,
"2025-10-20 22:40:00",690416,
"2025-10-20 22:50:00",678539,
"2025-10-20 23:00:00",661350,904552
"2025-10-20 23:10:00",653504,904552
"2025-10-20 23:20:00",645110,
"2025-10-20 23:30:00",638313,
"2025-10-20 23:40:00",633044,
"2025-10-20 23:50:00",629235,