"2025-09-20 00:00:00",57057,140760
"2025-09-20 01:00:00",76508,140711
"2025-09-20 02:00:00",101244,140723
"2025-09-20 03:00:00",117949,140868
"2025-09-20 04:00:00",137802,141108
"2025-09-20 05:00:00",152709,141427
"2025-09-20 06:00:00",162970,141921
"2025-09-20 07:00:00",171833,142517
"2025-09-20 08:00:00",175128,143096
"2025-09-20 09:00:00",174634,143594
"2025-09-20 10:00:00",167028,144026
"2025-09-20 11:00:00",187894,144282
"2025-09-20 12:00:00",216907,144452
"2025-09-20 13:00:00",236779,144623
"2025-09-20 14:00:00",238176,144682
"2025-09-20 15:00:00",228324,144669
"2025-09-20 16:00:00",188263,144035
"2025-09-20 17:00:00",144378,142670
"2025-09-20 18:00:00",112300,141255
"2025-09-20 19:00:00",89811,140150
"2025-09-20 20:00:00",74156,139369
"2025-09-20 21:00:00",62392,138796
"2025-09-20 22:00:00",54370,138357
"2025-09-20 23:00:00",49616,138003
"2025-09-21 00:00:00",58272,137784
"2025-09-21 01:00:00",78469,137407
"2025-09-21 02:00:00",105795,136534
"2025-09-21 03:00:00",124159,135106
"2025-09-21 04:00:00",145442,133325
"2025-09-21 05:00:00",164232,131589
"2025-09-21 06:00:00",176678,129139
"2025-09-21 07:00:00",185014,125918
"2025-09-21 08:00:00",186353,122704
"2025-09-21 09:00:00",184465,120017
"2025-09-21 10:00:00",171979,117705
"2025-09-21 11:00:00",189854,116427
"2025-09-21 12:00:00",218262,115658
"2025-09-21 13:00:00",235333,115088
"2025-09-21 14:00:00",235252,114828
"2025-09-21 15:00:00",211357,114574
"2025-09-21 16:00:00",154686,114397
"2025-09-21 17:00:00",110484,114166
"2025-09-21 18:00:00",86645,113934
"2025-09-21 19:00:00",72591,113720
"2025-09-21 20:00:00",62416,113513
"2025-09-21 21:00:00",54190,113323
"2025-09-21 22:00:00",48427,113154
"2025-09-21 23:00:00",44052,113001
"2025-09-22 00:00:00",48724,112916
"2025-09-22 01:00:00",56471,112829
"2025-09-22 02:00:00",69844,112727
"2025-09-22 03:00:00",79222,112554
"2025-09-22 04:00:00",101337,112612
"2025-09-22 05:00:00",102003,112731
"2025-09-22 06:00:00",94984,112818
"2025-09-22 07:00:00",103300,113187
"2025-09-22 08:00:00",117655,113648
"2025-09-22 09:00:00",125225,114116
"2025-09-22 10:00:00",138765,114558
"2025-09-22 11:00:00",169389,114982
"2025-09-22 12:00:00",202921,115468
"2025-09-22 13:00:00",227865,116002
"2025-09-22 14:00:00",228692,116442
"2025-09-22 15:00:00",207731,116871
"2025-09-22 16:00:00",149786,117229
"2025-09-22 17:00:00",105162,117618
"2025-09-22 18:00:00",81311,118011
"2025-09-22 19:00:00",67142,118349
"2025-09-22 20:00:00",57175,118642
"2025-09-22 21:00:00",49341,118901
"2025-09-22 22:00:00",43994,119159
"2025-09-22 23:00:00",41618,119385
"2025-09-23 00:00:00",47123,119570
"2025-09-23 01:00:00",55586,119803
"2025-09-23 02:00:00",67851,120121
"2025-09-23 03:00:00",83278,120611
"2025-09-23 04:00:00",108506,120861
"2025-09-23 05:00:00",110052,120966
"2025-09-23 06:00:00",110594,121171
"2025-09-23 07:00:00",120528,121503
"2025-09-23 08:00:00",134544,121816
"2025-09-23 09:00:00",139461,122003
"2025-09-23 10:00:00",151542,122077
"2025-09-23 11:00:00",183448,121900
"2025-09-23 12:00:00",217645,121678
"2025-09-23 13:00:00",240064,121399
"2025-09-23 14:00:00",240422,121187
"2025-09-23 15:00:00",217743,120990
"2025-09-23 16:00:00",160705,120875
"2025-09-23 17:00:00",116241,120737
"2025-09-23 18:00:00",90989,120573
"2025-09-23 19:00:00",75652,120441
"2025-09-23 20:00:00",64799,120348
"2025-09-23 21:00:00",56918,120299
"2025-09-23 22:00:00",50576,120249
"2025-09-23 23:00:00",47016,120212
"2025-09-24 00:00:00",53755,120184
"2025-09-24 01:00:00",64614,120093
"2025-09-24 02:00:00",80833,119936
"2025-09-24 03:00:00",89521,119648
"2025-09-24 04:00:00",110760,119281
"2025-09-24 05:00:00",114090,118888
"2025-09-24 06:00:00",117833,118450
"2025-09-24 07:00:00",127224,117753
"2025-09-24 08:00:00",138178,116973
"2025-09-24 09:00:00",140169,116242
"2025-09-24 10:00:00",145272,115569
"2025-09-24 11:00:00",175825,115076
"2025-09-24 12:00:00",208758,114520
"2025-09-24 13:00:00",232966,114036
"2025-09-24 14:00:00",233907,113626
"2025-09-24 15:00:00",213271,113240
"2025-09-24 16:00:00",155558,113017
"2025-09-24 17:00:00",110532,113043
"2025-09-24 18:00:00",86243,113228
"2025-09-24 19:00:00",72080,113320
"2025-09-24 20:00:00",62388,113368
"2025-09-24 21:00:00",54610,113371
"2025-09-24 22:00:00",48787,113349
"2025-09-24 23:00:00",45232,113355
"2025-09-25 00:00:00",49870,113370
"2025-09-25 01:00:00",58269,113454
"2025-09-25 02:00:00",71815,113562
"2025-09-25 03:00:00",78903,113760
"2025-09-25 04:00:00",99103,114044
"2025-09-25 05:00:00",100608,114452
"2025-09-25 06:00:00",97179,114808
"2025-09-25 07:00:00",104650,115072
"2025-09-25 08:00:00",117358,115029
"2025-09-25 09:00:00",122104,115356
"2025-09-25 10:00:00",132401,115813
"2025-09-25 11:00:00",161400,116361
"2025-09-25 12:00:00",196035,117037
"2025-09-25 13:00:00",222210,117746
"2025-09-25 14:00:00",223478,118409
"2025-09-25 15:00:00",207519,119158
"2025-09-25 16:00:00",156938,120204
"2025-09-25 17:00:00",116295,121466
"2025-09-25 18:00:00",89190,122415
"2025-09-25 19:00:00",73573,123120
"2025-09-25 20:00:00",62560,123591
"2025-09-25 21:00:00",54022,123931
"2025-09-25 22:00:00",48973,124226
"2025-09-25 23:00:00",46101,124447
"2025-09-26 00:00:00",53219,124643
"2025-09-26 01:00:00",62847,124922
"2025-09-26 02:00:00",79361,125543
"2025-09-26 03:00:00",89161,126446
"2025-09-26 04:00:00",113406,127556
"2025-09-26 05:00:00",114931,128495
"2025-09-26 06:00:00",109380,129918
"2025-09-26 07:00:00",107676,131827
"2025-09-26 08:00:00",130642,134144
"2025-09-26 09:00:00",138165,135824
"2025-09-26 10:00:00",151540,137258
"2025-09-26 11:00:00",184005,137904
"2025-09-26 12:00:00",219311,138134
"2025-09-26 13:00:00",244184,138193
"2025-09-26 14:00:00",247028,138080
"2025-09-26 15:00:00",238275,137966
"2025-09-26 16:00:00",193195,137646
"2025-09-26 17:00:00",144039,137092
"2025-09-26 18:00:00",110158,136644
"2025-09-26 19:00:00",88008,136354
"2025-09-26 20:00:00",73311,136227
"2025-09-26 21:00:00",63326,136204
"2025-09-26 22:00:00",55939,136209
"2025-09-26 23:00:00",51725,136224
"2025-09-27 00:00:00",61041,136232
"2025-09-27 01:00:00",80166,136183
"2025-09-27 02:00:00",104505,135947
"2025-09-27 03:00:00",119532,135569
"2025-09-27 04:00:00",138668,134988
"2025-09-27 05:00:00",155363,134646
"2025-09-27 06:00:00",166845,134033
"2025-09-27 07:00:00",175008,133210
"2025-09-27 08:00:00",178194,132201
"2025-09-27 09:00:00",177575,131390
"2025-09-27 10:00:00",166218,130417
"2025-09-27 11:00:00",185819,129848
"2025-09-27 12:00:00",216226,129583
"2025-09-27 13:00:00",235341,129352
"2025-09-27 14:00:00",236086,129265
"2025-09-27 15:00:00",219411,129101
"2025-09-27 16:00:00",169286,128834
"2025-09-27 17:00:00",125116,128408
"2025-09-27 18:00:00",97769,128024
"2025-09-27 19:00:00",81604,127763
"2025-09-27 20:00:00",70457,127611
"2025-09-27 21:00:00",61943,127502
"2025-09-27 22:00:00",55270,127410
"2025-09-27 23:00:00",50151,127308
"2025-09-28 00:00:00",54870,127167
"2025-09-28 01:00:00",65784,126943
"2025-09-28 02:00:00",84007,126573
"2025-09-28 03:00:00",94029,126027
"2025-09-28 04:00:00",115884,125412
"2025-09-28 05:00:00",118691,124586
"2025-09-28 06:00:00",120199,123603
"2025-09-28 07:00:00",128212,122420
"2025-09-28 08:00:00",139892,121315
"2025-09-28 09:00:00",141647,120300
"2025-09-28 10:00:00",146936,119591
"2025-09-28 11:00:00",177663,119164
"2025-09-28 12:00:00",210994,118847
"2025-09-28 13:00:00",235349,118621
"2025-09-28 14:00:00",236278,118411
"2025-09-28 15:00:00",218052,118199
"2025-09-28 16:00:00",161289,117986
"2025-09-28 17:00:00",116317,117820
"2025-09-28 18:00:00",90895,117708
"2025-09-28 19:00:00",77047,117594
"2025-09-28 20:00:00",66781,117443
"2025-09-28 21:00:00",58547,117280
"2025-09-28 22:00:00",51869,117124
"2025-09-28 23:00:00",47075,116985
"2025-09-29 00:00:00",51990,116885
"2025-09-29 01:00:00",60341,116817
"2025-09-29 02:00:00",74711,116748
"2025-09-29 03:00:00",81536,116650
"2025-09-29 04:00:00",101561,116502
"2025-09-29 05:00:00",102942,116292
"2025-09-29 06:00:00",98060,116037
"2025-09-29 07:00:00",105611,115955
"2025-09-29 08:00:00",119390,115862
"2025-09-29 09:00:00",125130,115732
"2025-09-29 10:00:00",135514,115600
"2025-09-29 11:00:00",168782,115493
"2025-09-29 12:00:00",203124,115277
"2025-09-29 13:00:00",227925,114951
"2025-09-29 14:00:00",229328,114499
"2025-09-29 15:00:00",213640,114103
"2025-09-29 16:00:00",158768,113943
"2025-09-29 17:00:00",114861,114357
"2025-09-29 18:00:00",88502,114941
"2025-09-29 19:00:00",73046,115401
"2025-09-29 20:00:00",62284,115686
"2025-09-29 21:00:00",54244,115842
"2025-09-29 22:00:00",48047,115912
"2025-09-29 23:00:00",44460,115966
"2025-09-30 00:00:00",51543,116111
"2025-09-30 01:00:00",61446,116375
"2025-09-30 02:00:00",76223,116860
"2025-09-30 03:00:00",82161,117435
"2025-09-30 04:00:00",100722,118017
"2025-09-30 05:00:00",103344,118407
"2025-09-30 06:00:00",104663,119268
"2025-09-30 07:00:00",111063,120440
"2025-09-30 08:00:00",121927,121581
"2025-09-30 09:00:00",125442,122402
"2025-09-30 10:00:00",135646,123063
"2025-09-30 11:00:00",164731,123081
"2025-09-30 12:00:00",195043,122869
"2025-09-30 13:00:00",215293,122478
"2025-09-30 14:00:00",217451,121930
"2025-09-30 15:00:00",209117,121441
"2025-09-30 16:00:00",173784,121178
"2025-09-30 17:00:00",136368,121106
"2025-09-30 18:00:00",106482,121086
"2025-09-30 19:00:00",85174,121073
"2025-09-30 20:00:00",69855,121038
"2025-09-30 21:00:00",58578,120986
"2025-09-30 22:00:00",51293,120953
"2025-09-30 23:00:00",49951,120970
"2025-10-01 00:00:00",60507,121005
"2025-10-01 01:00:00",78098,121123
"2025-10-01 02:00:00",96604,121289
"2025-10-01 03:00:00",103559,121444
"2025-10-01 04:00:00",114745,121494
"2025-10-01 05:00:00",131237,121784
"2025-10-01 06:00:00",144388,122283
"2025-10-01 07:00:00",151283,122790
"2025-10-01 08:00:00",151854,123165
"2025-10-01 09:00:00",149790,123481
"2025-10-01 10:00:00",138955,123480
"2025-10-01 11:00:00",161778,123388
"2025-10-01 12:00:00",187961,123239
"2025-10-01 13:00:00",202114,122974
"2025-10-01 14:00:00",202551,122662
"2025-10-01 15:00:00",192233,122315
"2025-10-01 16:00:00",160330,122021
"2025-10-01 17:00:00",126571,121782
"2025-10-01 18:00:00",99940,121627
"2025-10-01 19:00:00",80196,121497
"2025-10-01 20:00:00",65927,121404
"2025-10-01 21:00:00",55954,121353
"2025-10-01 22:00:00",49225,121318
"2025-10-01 23:00:00",46641,121267
"2025-10-02 00:00:00",55981,121180
"2025-10-02 01:00:00",73197,121065
"2025-10-02 02:00:00",90632,120893
"2025-10-02 03:00:00",97639,120710
"2025-10-02 04:00:00",109958,120568
"2025-10-02 05:00:00",127410,120440
"2025-10-02 06:00:00",140415,120318
"2025-10-02 07:00:00",148076,120221
"2025-10-02 08:00:00",149476,120148
"2025-10-02 09:00:00",147531,120074
"2025-10-02 10:00:00",136881,120016
"2025-10-02 11:00:00",159969,119989
"2025-10-02 12:00:00",185360,119951
"2025-10-02 13:00:00",198777,119908
"2025-10-02 14:00:00",199081,119872
"2025-10-02 15:00:00",188818,119843
"2025-10-02 16:00:00",156863,119824
"2025-10-02 17:00:00",124379,119851
"2025-10-02 18:00:00",97786,119867
"2025-10-02 19:00:00",78860,119849
"2025-10-02 20:00:00",65401,119877
"2025-10-02 21:00:00",55732,119925
"2025-10-02 22:00:00",49164,119993
"2025-10-02 23:00:00",45916,120041
"2025-10-03 00:00:00",54456,120042
"2025-10-03 01:00:00",70094,120000
"2025-10-03 02:00:00",87113,119949
"2025-10-03 03:00:00",94983,119936
"2025-10-03 04:00:00",107259,119956
"2025-10-03 05:00:00",125038,120012
"2025-10-03 06:00:00",138547,120110
"2025-10-03 07:00:00",146646,120246
"2025-10-03 08:00:00",147902,120395
"2025-10-03 09:00:00",146484,120561
"2025-10-03 10:00:00",136905,120741
"2025-10-03 11:00:00",160103,120900
"2025-10-03 12:00:00",185791,121024
"2025-10-03 13:00:00",199638,121160
"2025-10-03 14:00:00",200156,121307
"2025-10-03 15:00:00",190378,121470
"2025-10-03 16:00:00",159436,121702
"2025-10-03 17:00:00",126460,121954
"2025-10-03 18:00:00",97954,122133
"2025-10-03 19:00:00",80376,122346
"2025-10-03 20:00:00",67486,122521
"2025-10-03 21:00:00",58541,122682
"2025-10-03 22:00:00",51662,122799
"2025-10-03 23:00:00",47027,122870
"2025-10-04 00:00:00",54972,122914
"2025-10-04 01:00:00",70575,122897
"2025-10-04 02:00:00",88522,122903
"2025-10-04 03:00:00",97847,122961
"2025-10-04 04:00:00",111388,123071
"2025-10-04 05:00:00",130605,123221
"2025-10-04 06:00:00",145402,123430
"2025-10-04 07:00:00",154176,123688
"2025-10-04 08:00:00",155844,123982
"2025-10-04 09:00:00",154188,124277
"2025-10-04 10:00:00",143699,124555
"2025-10-04 11:00:00",165220,124744
"2025-10-04 12:00:00",191081,124922
"2025-10-04 13:00:00",205298,125103
"2025-10-04 14:00:00",206103,125264
"2025-10-04 15:00:00",198529,125459
"2025-10-04 16:00:00",168843,125626
"2025-10-04 17:00:00",134310,125722
"2025-10-04 18:00:00",106212,125815
"2025-10-04 19:00:00",86536,125883
"2025-10-04 20:00:00",72495,125924
"2025-10-04 21:00:00",61918,125922
"2025-10-04 22:00:00",54169,125901
"2025-10-04 23:00:00",48836,125863
"2025-10-05 00:00:00",54096,125774
"2025-10-05 01:00:00",69997,125704
"2025-10-05 02:00:00",88994,125605
"2025-10-05 03:00:00",99501,125458
"2025-10-05 04:00:00",113617,125235
"2025-10-05 05:00:00",134350,125020
"2025-10-05 06:00:00",150723,124844
"2025-10-05 07:00:00",160773,124706
"2025-10-05 08:00:00",162633,124543
"2025-10-05 09:00:00",161017,124364
"2025-10-05 10:00:00",147985,124112
"2025-10-05 11:00:00",168873,123796
"2025-10-05 12:00:00",194542,123517
"2025-10-05 13:00:00",207572,123260
"2025-10-05 14:00:00",207907,123054
"2025-10-05 15:00:00",197944,122809
"2025-10-05 16:00:00",166324,122549
"2025-10-05 17:00:00",131267,122295
"2025-10-05 18:00:00",103878,122087
"2025-10-05 19:00:00",83969,121895
"2025-10-05 20:00:00",69372,121715
"2025-10-05 21:00:00",58724,121545
"2025-10-05 22:00:00",50808,121383
"2025-10-05 23:00:00",45605,121230
"2025-10-06 00:00:00",51416,121115
"2025-10-06 01:00:00",65020,120936
"2025-10-06 02:00:00",80567,120666
"2025-10-06 03:00:00",86878,120340
"2025-10-06 04:00:00",99895,120071
"2025-10-06 05:00:00",120805,119793
"2025-10-06 06:00:00",137647,119401
"2025-10-06 07:00:00",146212,118853
"2025-10-06 08:00:00",147182,118467
"2025-10-06 09:00:00",144426,118130
"2025-10-06 10:00:00",128910,117788
"2025-10-06 11:00:00",151601,117617
"2025-10-06 12:00:00",179407,117507
"2025-10-06 13:00:00",195284,117433
"2025-10-06 14:00:00",196126,117326
"2025-10-06 15:00:00",187292,117232
"2025-10-06 16:00:00",156480,117122
"2025-10-06 17:00:00",122916,116998
"2025-10-06 18:00:00",96509,116549
"2025-10-06 19:00:00",77733,116358
"2025-10-06 20:00:00",63689,116214
"2025-10-06 21:00:00",53603,116097
"2025-10-06 22:00:00",45996,115986
"2025-10-06 23:00:00",42059,115913
"2025-10-07 00:00:00",47176,115819
"2025-10-07 01:00:00",59935,115753
"2025-10-07 02:00:00",77273,115752
"2025-10-07 03:00:00",87631,115832
"2025-10-07 04:00:00",100153,115888
"2025-10-07 05:00:00",114866,115854
"2025-10-07 06:00:00",125444,115864
"2025-10-07 07:00:00",143289,116200
"2025-10-07 08:00:00",148101,116482
"2025-10-07 09:00:00",147950,116782
"2025-10-07 10:00:00",139273,117225
"2025-10-07 11:00:00",162852,117673
"2025-10-07 12:00:00",189418,118128
"2025-10-07 13:00:00",203109,118572
"2025-10-07 14:00:00",203395,119024
"2025-10-07 15:00:00",192952,119436
"2025-10-07 16:00:00",159760,119516
"2025-10-07 17:00:00",108105,118812
"2025-10-07 18:00:00",93848,118625
"2025-10-07 19:00:00",76876,118334
"2025-10-07 20:00:00",63654,118079
"2025-10-07 21:00:00",53497,117937
"2025-10-07 22:00:00",46459,117864
"2025-10-07 23:00:00",42226,117811
"2025-10-08 00:00:00",49913,117833
"2025-10-08 01:00:00",63982,117865
"2025-10-08 02:00:00",80742,117781
"2025-10-08 03:00:00",90419,117630
"2025-10-08 04:00:00",105833,117501
"2025-10-08 05:00:00",130850,117705
"2025-10-08 06:00:00",147547,117649
"2025-10-08 07:00:00",157807,117138
"2025-10-08 08:00:00",160327,116553
"2025-10-08 09:00:00",159327,116152
"2025-10-08 10:00:00",149728,115808
"2025-10-08 11:00:00",175306,115885
"2025-10-08 12:00:00",204144,116112
"2025-10-08 13:00:00",219088,116446
"2025-10-08 14:00:00",219275,116943
"2025-10-08 15:00:00",193570,117062
"2025-10-08 16:00:00",140539,116714
"2025-10-08 17:00:00",101593,116619
"2025-10-08 18:00:00",79071,116264
"2025-10-08 19:00:00",62925,115922
"2025-10-08 20:00:00",56098,115770
"2025-10-08 21:00:00",49001,115653
"2025-10-08 22:00:00",43557,115582
"2025-10-08 23:00:00",39979,115537
"2025-10-09 00:00:00",46419,115458
"2025-10-09 01:00:00",54557,115218
"2025-10-09 02:00:00",68303,114897
"2025-10-09 03:00:00",75068,114503
"2025-10-09 04:00:00",95092,114246
"2025-10-09 05:00:00",95975,113372
"2025-10-09 06:00:00",96556,112089
"2025-10-09 07:00:00",105355,110769
"2025-10-09 08:00:00",119524,109748
"2025-10-09 09:00:00",122961,108821
"2025-10-09 10:00:00",135025,108440
"2025-10-09 11:00:00",165977,108205
"2025-10-09 12:00:00",199252,108079
"2025-10-09 13:00:00",223905,108197
"2025-10-09 14:00:00",224291,108269
"2025-10-09 15:00:00",200443,108392
"2025-10-09 16:00:00",143579,108481
"2025-10-09 17:00:00",101563,108529
"2025-10-09 18:00:00",78655,108564
"2025-10-09 19:00:00",64290,108631
"2025-10-09 20:00:00",54970,108634
"2025-10-09 21:00:00",48193,108647
"2025-10-09 22:00:00",43315,108680
"2025-10-09 23:00:00",39694,108703
"2025-10-10 00:00:00",45546,108703
"2025-10-10 01:00:00",53471,108676
"2025-10-10 02:00:00",67446,108675
"2025-10-10 03:00:00",75464,108723
"2025-10-10 04:00:00",95960,108796
"2025-10-10 05:00:00",97584,108910
"2025-10-10 06:00:00",98585,109058
"2025-10-10 07:00:00",107576,109263
"2025-10-10 08:00:00",120690,109427
"2025-10-10 09:00:00",123096,109552
"2025-10-10 10:00:00",135630,109694
"2025-10-10 11:00:00",166219,109840
"2025-10-10 12:00:00",198727,109971
"2025-10-10 13:00:00",220117,110027
"2025-10-10 14:00:00",220514,110098
"2025-10-10 15:00:00",201014,110304
"2025-10-10 16:00:00",146753,110698
"2025-10-10 17:00:00",104590,111247
"2025-10-10 18:00:00",80712,111741
"2025-10-10 19:00:00",66554,112110
"2025-10-10 20:00:00",57283,112375
"2025-10-10 21:00:00",50886,112575
"2025-10-10 22:00:00",45413,112712
"2025-10-10 23:00:00",41394,112813
"2025-10-11 00:00:00",45728,112859
"2025-10-11 01:00:00",55055,112978
"2025-10-11 02:00:00",70118,113221
"2025-10-11 03:00:00",78964,113596
"2025-10-11 04:00:00",100891,114096
"2025-10-11 05:00:00",104109,114617
"2025-10-11 06:00:00",108763,115499
"2025-10-11 07:00:00",116970,116502
"2025-10-11 08:00:00",129408,117493
"2025-10-11 09:00:00",132167,118349
"2025-10-11 10:00:00",145746,119162
"2025-10-11 11:00:00",176815,119602
"2025-10-11 12:00:00",210527,119936
"2025-10-11 13:00:00",233022,120229
"2025-10-11 14:00:00",234672,120461
"2025-10-11 15:00:00",223541,120914
"2025-10-11 16:00:00",180999,121504
"2025-10-11 17:00:00",137020,121907
"2025-10-11 18:00:00",103886,122126
"2025-10-11 19:00:00",82205,122287
"2025-10-11 20:00:00",67446,122402
"2025-10-11 21:00:00",57694,122489
"2025-10-11 22:00:00",50475,122558
"2025-10-11 23:00:00",45564,122619
"2025-10-12 00:00:00",52407,122763
"2025-10-12 01:00:00",68743,123062
"2025-10-12 02:00:00",92049,123493
"2025-10-12 03:00:00",107474,123984
"2025-10-12 04:00:00",127810,124340
"2025-10-12 05:00:00",150710,125262
"2025-10-12 06:00:00",166625,126268
"2025-10-12 07:00:00",175936,127110
"2025-10-12 08:00:00",177507,127623
"2025-10-12 09:00:00",174962,128141
"2025-10-12 10:00:00",158588,127859
"2025-10-12 11:00:00",178728,127571
"2025-10-12 12:00:00",206640,127212
"2025-10-12 13:00:00",221212,126671
"2025-10-12 14:00:00",220941,126193
"2025-10-12 15:00:00",193186,125222
"2025-10-12 16:00:00",139278,123996
"2025-10-12 17:00:00",101636,122951
"2025-10-12 18:00:00",81067,122249
"2025-10-12 19:00:00",68414,121809
"2025-10-12 20:00:00",59173,121535
"2025-10-12 21:00:00",52042,121346
"2025-10-12 22:00:00",46231,121201
"2025-10-12 23:00:00",41889,121080
"2025-10-13 00:00:00",44344,120832
"2025-10-13 01:00:00",51093,120295
"2025-10-13 02:00:00",62610,119380
"2025-10-13 03:00:00",70100,118223
"2025-10-13 04:00:00",88061,116980
"2025-10-13 05:00:00",88578,115039
"2025-10-13 06:00:00",86550,112536
"2025-10-13 07:00:00",94271,109984
"2025-10-13 08:00:00",108808,107821
"2025-10-13 09:00:00",114012,105845
"2025-10-13 10:00:00",125154,104721
"2025-10-13 11:00:00",154074,103862
"2025-10-13 12:00:00",186971,103164
"2025-10-13 13:00:00",212125,102837
"2025-10-13 14:00:00",212956,102559
"2025-10-13 15:00:00",193644,102550
"2025-10-13 16:00:00",139056,102527
"2025-10-13 17:00:00",98046,102393
"2025-10-13 18:00:00",76312,102226
"2025-10-13 19:00:00",63484,102051
"2025-10-13 20:00:00",54625,101890
"2025-10-13 21:00:00",47580,101736
"2025-10-13 22:00:00",42457,101607
"2025-10-13 23:00:00",38830,101503
"2025-10-13 23:10:00",38398,
"2025-10-13 23:20:00",38247,
"2025-10-13 23:30:00",38016,
"2025-10-13 23:40:00",37980,
"2025-10-13 23:50:00",37935,
"2025-10-14 00:00:00",38098,101422
"2025-10-14 00:10:00",38504,
"2025-10-14 00:20:00",39194,
"2025-10-14 00:30:00",39975,
"2025-10-14 00:40:00",41007,
"2025-10-14 00:50:00",42062,
"2025-10-14 01:00:00",42996,101314
"2025-10-14 01:10:00",43951,
"2025-10-14 01:20:00",44825,
"2025-10-14 01:30:00",45579,
"2025-10-14 01:40:00",46410,
"2025-10-14 01:50:00",47833,
"2025-10-14 02:00:00",49575,101238
"2025-10-14 02:10:00",51787,
"2025-10-14 02:20:00",54220,
"2025-10-14 02:30:00",56390,
"2025-10-14 02:40:00",58363,
"2025-10-14 02:50:00",60160,
"2025-10-14 03:00:00",61454,101124
"2025-10-14 03:10:00",62419,
"2025-10-14 03:20:00",63604,
"2025-10-14 03:30:00",64364,
"2025-10-14 03:40:00",65196,
"2025-10-14 03:50:00",66729,
"2025-10-14 04:00:00",68921,101026
"2025-10-14 04:10:00",71998,
"2025-10-14 04:20:00",75860,
"2025-10-14 04:30:00",79528,
"2025-10-14 04:40:00",82976,
"2025-10-14 04:50:00",85244,
"2025-10-14 05:00:00",86153,100941
"2025-10-14 05:10:00",86154,
"2025-10-14 05:20:00",86003,
"2025-10-14 05:30:00",85329,
"2025-10-14 05:40:00",84447,
"2025-10-14 05:50:00",83324,
"2025-10-14 06:00:00",82801,100892
"2025-10-14 06:10:00",82626,
"2025-10-14 06:20:00",83170,
"2025-10-14 06:30:00",83703,
"2025-10-14 06:40:00",84415,
"2025-10-14 06:50:00",85078,
"2025-10-14 07:00:00",85840,100840
"2025-10-14 07:10:00",86753,
"2025-10-14 07:20:00",87985,
"2025-10-14 07:30:00",88773,
"2025-10-14 07:40:00",90139,
"2025-10-14 07:50:00",92055,
"2025-10-14 08:00:00",93891,100632
"2025-10-14 08:10:00",95704,
"2025-10-14 08:20:00",97378,
"2025-10-14 08:30:00",99159,
"2025-10-14 08:40:00",100333,
"2025-10-14 08:50:00",101666,
"2025-10-14 09:00:00",103288,100407
"2025-10-14 09:10:00",104493,
"2025-10-14 09:20:00",105366,
"2025-10-14 09:30:00",105539,
"2025-10-14 09:40:00",105787,
"2025-10-14 09:50:00",106155,
"2025-10-14 10:00:00",106940,100135
"2025-10-14 10:10:00",108492,
"2025-10-14 10:20:00",109952,
"2025-10-14 10:30:00",111472,
"2025-10-14 10:40:00",113838,
"2025-10-14 10:50:00",116461,
"2025-10-14 11:00:00",120147,99871
"2025-10-14 11:10:00",125275,
"2025-10-14 11:20:00",129511,
"2025-10-14 11:30:00",134157,
"2025-10-14 11:40:00",138828,
"2025-10-14 11:50:00",145779,
"2025-10-14 12:00:00",152841,99715
"2025-10-14 12:10:00",158918,
"2025-10-14 12:20:00",164981,
"2025-10-14 12:30:00",170958,
"2025-10-14 12:40:00",176858,
"2025-10-14 12:50:00",182489,
"2025-10-14 13:00:00",187986,99571
"2025-10-14 13:10:00",193456,
"2025-10-14 13:20:00",198813,
"2025-10-14 13:30:00",203297,
"2025-10-14 13:40:00",206711,
"2025-10-14 13:50:00",209088,
"2025-10-14 14:00:00",210099,99424
"2025-10-14 14:10:00",210158,
"2025-10-14 14:20:00",209588,
"2025-10-14 14:30:00",207532,
"2025-10-14 14:40:00",203769,
"2025-10-14 14:50:00",198588,
"2025-10-14 15:00:00",191451,99298
"2025-10-14 15:10:00",180714,
"2025-10-14 15:20:00",171533,
"2025-10-14 15:30:00",162834,
"2025-10-14 15:40:00",153279,
"2025-10-14 15:50:00",144725,
"2025-10-14 16:00:00",136522,99163
"2025-10-14 16:10:00",127406,
"2025-10-14 16:20:00",119479,
"2025-10-14 16:30:00",112199,
"2025-10-14 16:40:00",106085,
"2025-10-14 16:50:00",100663,
"2025-10-14 17:00:00",95915,99062
"2025-10-14 17:10:00",91143,
"2025-10-14 17:20:00",87021,
"2025-10-14 17:30:00",81310,
"2025-10-14 17:40:00",79722,
"2025-10-14 17:50:00",76717,
"2025-10-14 18:00:00",74072,98974
"2025-10-14 18:10:00",71505,
"2025-10-14 18:20:00",68847,
"2025-10-14 18:30:00",66455,
"2025-10-14 18:40:00",64711,
"2025-10-14 18:50:00",62840,
"2025-10-14 19:00:00",61325,98897
"2025-10-14 19:10:00",59719,
"2025-10-14 19:20:00",58202,
"2025-10-14 19:30:00",56802,
"2025-10-14 19:40:00",55545,
"2025-10-14 19:50:00",54300,
"2025-10-14 20:00:00",53057,98845
"2025-10-14 20:10:00",51758,
"2025-10-14 20:20:00",50559,
"2025-10-14 20:30:00",49402,
"2025-10-14 20:40:00",48296,
"2025-10-14 20:50:00",47322,
"2025-10-14 21:00:00",46255,98799
"2025-10-14 21:10:00",45397,
"2025-10-14 21:20:00",44572,
"2025-10-14 21:30:00",43678,
"2025-10-14 21:40:00",42818,
"2025-10-14 21:50:00",42161,
"2025-10-14 22:00:00",41410,98765
"2025-10-14 22:10:00",39241,
"2025-10-14 22:20:00",39549,
"2025-10-14 22:30:00",39094,
"2025-10-14 22:40:00",38560,
"2025-10-14 22:50:00",38105,
"2025-10-14 23:00:00",37617,98724
"2025-10-14 23:10:00",37160,
"2025-10-14 23:20:00",37044,
"2025-10-14 23:30:00",36992,
"2025-10-14 23:40:00",36908,
"2025-10-14 23:50:00",36947,
"2025-10-15 00:00:00",37295,98699
"2025-10-15 00:10:00",37805,
"2025-10-15 00:20:00",38594,
"2025-10-15 00:30:00",39450,
"2025-10-15 00:40:00",40415,
"2025-10-15 00:50:00",41260,
"2025-10-15 01:00:00",42203,98695
"2025-10-15 01:10:00",43330,
"2025-10-15 01:20:00",44485,
"2025-10-15 01:30:00",45201,
"2025-10-15 01:40:00",46276,
"2025-10-15 01:50:00",47752,
"2025-10-15 02:00:00",49377,98664
"2025-10-15 02:10:00",51340,
"2025-10-15 02:20:00",53702,
"2025-10-15 02:30:00",55712,
"2025-10-15 02:40:00",57543,
"2025-10-15 02:50:00",59244,
"2025-10-15 03:00:00",60267,98624
"2025-10-15 03:10:00",61270,
"2025-10-15 03:20:00",62014,
"2025-10-15 03:30:00",62970,
"2025-10-15 03:40:00",63971,
"2025-10-15 03:50:00",65596,
"2025-10-15 04:00:00",67705,98584
"2025-10-15 04:10:00",70844,
"2025-10-15 04:20:00",74733,
"2025-10-15 04:30:00",78325,
"2025-10-15 04:40:00",81775,
"2025-10-15 04:50:00",84136,
"2025-10-15 05:00:00",85075,98553
"2025-10-15 05:10:00",85464,
"2025-10-15 05:20:00",85600,
"2025-10-15 05:30:00",85361,
"2025-10-15 05:40:00",84542,
"2025-10-15 05:50:00",83818,
"2025-10-15 06:00:00",83638,98607
"2025-10-15 06:10:00",83716,
"2025-10-15 06:20:00",84212,
"2025-10-15 06:30:00",84958,
"2025-10-15 06:40:00",85906,
"2025-10-15 06:50:00",87030,
"2025-10-15 07:00:00",88051,98666
"2025-10-15 07:10:00",89152,
"2025-10-15 07:20:00",90328,
"2025-10-15 07:30:00",91465,
"2025-10-15 07:40:00",92747,
"2025-10-15 07:50:00",94433,
"2025-10-15 08:00:00",96517,98761
"2025-10-15 08:10:00",98574,
"2025-10-15 08:20:00",100540,
"2025-10-15 08:30:00",102354,
"2025-10-15 08:40:00",103730,
"2025-10-15 08:50:00",105012,
"2025-10-15 09:00:00",105909,98792
"2025-10-15 09:10:00",106462,
"2025-10-15 09:20:00",106824,
"2025-10-15 09:30:00",106810,
"2025-10-15 09:40:00",107053,
"2025-10-15 09:50:00",107406,
"2025-10-15 10:00:00",108013,98817
"2025-10-15 10:10:00",108841,
"2025-10-15 10:20:00",110234,
"2025-10-15 10:30:00",112045,
"2025-10-15 10:40:00",114441,
"2025-10-15 10:50:00",117264,
"2025-10-15 11:00:00",120765,98782
"2025-10-15 11:10:00",125261,
"2025-10-15 11:20:00",129484,
"2025-10-15 11:30:00",134819,
"2025-10-15 11:40:00",139749,
"2025-10-15 11:50:00",144688,
"2025-10-15 12:00:00",149810,98610
"2025-10-15 12:10:00",155540,
"2025-10-15 12:20:00",161038,
"2025-10-15 12:30:00",166423,
"2025-10-15 12:40:00",172164,
"2025-10-15 12:50:00",177315,
"2025-10-15 13:00:00",182603,98387
"2025-10-15 13:10:00",187544,
"2025-10-15 13:20:00",192253,
"2025-10-15 13:30:00",196481,
"2025-10-15 13:40:00",200314,
"2025-10-15 13:50:00",202599,
"2025-10-15 14:00:00",203770,98156
"2025-10-15 14:10:00",203638,
"2025-10-15 14:20:00",202609,
"2025-10-15 14:30:00",200901,
"2025-10-15 14:40:00",197198,
"2025-10-15 14:50:00",192585,
"2025-10-15 15:00:00",185270,97929
"2025-10-15 15:10:00",175576,
"2025-10-15 15:20:00",166926,
"2025-10-15 15:30:00",158691,
"2025-10-15 15:40:00",149700,
"2025-10-15 15:50:00",141020,
"2025-10-15 16:00:00",132763,97789
"2025-10-15 16:10:00",124144,
"2025-10-15 16:20:00",116248,
"2025-10-15 16:30:00",109836,
"2025-10-15 16:40:00",104001,
"2025-10-15 16:50:00",98768,
"2025-10-15 17:00:00",94135,97730
"2025-10-15 17:10:00",89467,
"2025-10-15 17:20:00",85434,
"2025-10-15 17:30:00",82046,
"2025-10-15 17:40:00",78762,
"2025-10-15 17:50:00",75683,
"2025-10-15 18:00:00",73211,97708
"2025-10-15 18:10:00",70798,
"2025-10-15 18:20:00",68519,
"2025-10-15 18:30:00",66420,
"2025-10-15 18:40:00",64412,
"2025-10-15 18:50:00",62674,
"2025-10-15 19:00:00",61107,97705
"2025-10-15 19:10:00",59375,
"2025-10-15 19:20:00",57928,
"2025-10-15 19:30:00",56593,
"2025-10-15 19:40:00",55238,
"2025-10-15 19:50:00",54055,
"2025-10-15 20:00:00",52727,97697
"2025-10-15 20:10:00",51472,
"2025-10-15 20:20:00",50228,
"2025-10-15 20:30:00",49175,
"2025-10-15 20:40:00",48123,
"2025-10-15 20:50:00",47065,
"2025-10-15 21:00:00",46116,97695
"2025-10-15 21:10:00",45301,
"2025-10-15 21:20:00",44439,
"2025-10-15 21:30:00",43555,
"2025-10-15 21:40:00",42747,
"2025-10-15 21:50:00",41872,
"2025-10-15 22:00:00",41171,97691
"2025-10-15 22:10:00",40313,
"2025-10-15 22:20:00",39660,
"2025-10-15 22:30:00",39115,
"2025-10-15 22:40:00",38463,
"2025-10-15 22:50:00",38062,
"2025-10-15 23:00:00",37682,97698
"2025-10-15 23:10:00",37196,
"2025-10-15 23:20:00",37010,
"2025-10-15 23:30:00",36878,
"2025-10-15 23:40:00",36740,
"2025-10-15 23:50:00",36694,
"2025-10-16 00:00:00",37137,97683
"2025-10-16 00:10:00",37525,
"2025-10-16 00:20:00",38232,
"2025-10-16 00:30:00",39179,
"2025-10-16 00:40:00",40138,
"2025-10-16 00:50:00",40854,
"2025-10-16 01:00:00",42004,97684
"2025-10-16 01:10:00",43074,
"2025-10-16 01:20:00",44247,
"2025-10-16 01:30:00",45266,
"2025-10-16 01:40:00",46421,
"2025-10-16 01:50:00",47632,
"2025-10-16 02:00:00",49368,97677
"2025-10-16 02:10:00",51267,
"2025-10-16 02:20:00",53461,
"2025-10-16 02:30:00",55400,
"2025-10-16 02:40:00",57317,
"2025-10-16 02:50:00",58840,
"2025-10-16 03:00:00",60134,97676
"2025-10-16 03:10:00",61186,
"2025-10-16 03:20:00",61954,
"2025-10-16 03:30:00",62860,
"2025-10-16 03:40:00",63700,
"2025-10-16 03:50:00",65109,
"2025-10-16 04:00:00",67339,97639
"2025-10-16 04:10:00",70266,
"2025-10-16 04:20:00",74020,
"2025-10-16 04:30:00",77433,
"2025-10-16 04:40:00",80478,
"2025-10-16 04:50:00",82377,
"2025-10-16 05:00:00",83612,97601
"2025-10-16 05:10:00",83695,
"2025-10-16 05:20:00",83777,
"2025-10-16 05:30:00",83260,
"2025-10-16 05:40:00",82547,
"2025-10-16 05:50:00",81729,
"2025-10-16 06:00:00",81328,97522
"2025-10-16 06:10:00",81426,
"2025-10-16 06:20:00",81970,
"2025-10-16 06:30:00",82420,
"2025-10-16 06:40:00",83242,
"2025-10-16 06:50:00",83956,
"2025-10-16 07:00:00",84721,97462
"2025-10-16 07:10:00",85372,
"2025-10-16 07:20:00",86858,
"2025-10-16 07:30:00",87898,
"2025-10-16 07:40:00",89360,
"2025-10-16 07:50:00",91652,
"2025-10-16 08:00:00",93769,97435
"2025-10-16 08:10:00",95390,
"2025-10-16 08:20:00",97897,
"2025-10-16 08:30:00",100020,
"2025-10-16 08:40:00",101884,
"2025-10-16 08:50:00",103290,
"2025-10-16 09:00:00",104129,97450
"2025-10-16 09:10:00",104716,
"2025-10-16 09:20:00",105254,
"2025-10-16 09:30:00",105716,
"2025-10-16 09:40:00",106100,
"2025-10-16 09:50:00",106731,
"2025-10-16 10:00:00",107273,97487
"2025-10-16 10:10:00",107809,
"2025-10-16 10:20:00",109308,
"2025-10-16 10:30:00",111604,
"2025-10-16 10:40:00",114013,
"2025-10-16 10:50:00",117185,
"2025-10-16 11:00:00",120844,97551
"2025-10-16 11:10:00",125239,
"2025-10-16 11:20:00",129773,
"2025-10-16 11:30:00",134419,
"2025-10-16 11:40:00",139985,
"2025-10-16 11:50:00",145058,
"2025-10-16 12:00:00",150217,97590
"2025-10-16 12:10:00",155353,
"2025-10-16 12:20:00",160693,
"2025-10-16 12:30:00",166034,
"2025-10-16 12:40:00",171405,
"2025-10-16 12:50:00",176948,
"2025-10-16 13:00:00",182189,97565
"2025-10-16 13:10:00",187228,
"2025-10-16 13:20:00",191705,
"2025-10-16 13:30:00",195854,
"2025-10-16 13:40:00",198828,
"2025-10-16 13:50:00",200786,
"2025-10-16 14:00:00",201646,97500
"2025-10-16 14:10:00",201554,
"2025-10-16 14:20:00",200734,
"2025-10-16 14:30:00",198865,
"2025-10-16 14:40:00",195581,
"2025-10-16 14:50:00",190568,
"2025-10-16 15:00:00",183586,97454
"2025-10-16 15:10:00",174037,
"2025-10-16 15:20:00",166131,
"2025-10-16 15:30:00",157795,
"2025-10-16 15:40:00",148782,
"2025-10-16 15:50:00",140978,
"2025-10-16 16:00:00",133005,97524
"2025-10-16 16:10:00",125339,
"2025-10-16 16:20:00",117946,
"2025-10-16 16:30:00",111436,
"2025-10-16 16:40:00",105526,
"2025-10-16 16:50:00",100189,
"2025-10-16 17:00:00",95111,97680
"2025-10-16 17:10:00",90525,
"2025-10-16 17:20:00",86805,
"2025-10-16 17:30:00",83063,
"2025-10-16 17:40:00",79707,
"2025-10-16 17:50:00",76517,
"2025-10-16 18:00:00",73725,97803
"2025-10-16 18:10:00",71124,
"2025-10-16 18:20:00",68857,
"2025-10-16 18:30:00",66890,
"2025-10-16 18:40:00",64959,
"2025-10-16 18:50:00",62971,
"2025-10-16 19:00:00",61411,97881
"2025-10-16 19:10:00",59785,
"2025-10-16 19:20:00",58129,
"2025-10-16 19:30:00",56998,
"2025-10-16 19:40:00",55621,
"2025-10-16 19:50:00",54328,
"2025-10-16 20:00:00",52984,97928
"2025-10-16 20:10:00",51638,
"2025-10-16 20:20:00",50588,
"2025-10-16 20:30:00",49512,
"2025-10-16 20:40:00",48431,
"2025-10-16 20:50:00",47569,
"2025-10-16 21:00:00",46652,97966
"2025-10-16 21:10:00",45594,
"2025-10-16 21:20:00",44745,
"2025-10-16 21:30:00",43912,
"2025-10-16 21:40:00",43119,
"2025-10-16 21:50:00",42325,
"2025-10-16 22:00:00",41651,97993
"2025-10-16 22:10:00",40563,
"2025-10-16 22:20:00",40104,
"2025-10-16 22:30:00",39406,
"2025-10-16 22:40:00",38759,
"2025-10-16 22:50:00",38050,
"2025-10-16 23:00:00",37445,97990
"2025-10-16 23:10:00",37106,
"2025-10-16 23:20:00",36848,
"2025-10-16 23:30:00",36659,
"2025-10-16 23:40:00",36663,
"2025-10-16 23:50:00",36768,
"2025-10-17 00:00:00",37025,98020
"2025-10-17 00:10:00",37632,
"2025-10-17 00:20:00",38453,
"2025-10-17 00:30:00",39389,
"2025-10-17 00:40:00",40650,
"2025-10-17 00:50:00",41496,
"2025-10-17 01:00:00",42596,98077
"2025-10-17 01:10:00",43571,
"2025-10-17 01:20:00",44903,
"2025-10-17 01:30:00",46006,
"2025-10-17 01:40:00",47216,
"2025-10-17 01:50:00",48624,
"2025-10-17 02:00:00",50444,98220
"2025-10-17 02:10:00",52735,
"2025-10-17 02:20:00",55110,
"2025-10-17 02:30:00",57266,
"2025-10-17 02:40:00",59407,
"2025-10-17 02:50:00",61122,
"2025-10-17 03:00:00",62706,98451
"2025-10-17 03:10:00",63939,
"2025-10-17 03:20:00",65140,
"2025-10-17 03:30:00",66180,
"2025-10-17 03:40:00",67369,
"2025-10-17 03:50:00",68909,
"2025-10-17 04:00:00",70915,98713
"2025-10-17 04:10:00",73555,
"2025-10-17 04:20:00",77186,
"2025-10-17 04:30:00",80699,
"2025-10-17 04:40:00",83954,
"2025-10-17 04:50:00",86495,
"2025-10-17 05:00:00",87838,98982
"2025-10-17 05:10:00",88142,
"2025-10-17 05:20:00",88283,
"2025-10-17 05:30:00",88223,
"2025-10-17 05:40:00",87567,
"2025-10-17 05:50:00",87198,
"2025-10-17 06:00:00",87102,99384
"2025-10-17 06:10:00",87528,
"2025-10-17 06:20:00",88128,
"2025-10-17 06:30:00",88740,
"2025-10-17 06:40:00",89340,
"2025-10-17 06:50:00",90087,
"2025-10-17 07:00:00",90770,99820
"2025-10-17 07:10:00",91424,
"2025-10-17 07:20:00",92642,
"2025-10-17 07:30:00",94035,
"2025-10-17 07:40:00",95350,
"2025-10-17 07:50:00",97324,
"2025-10-17 08:00:00",99748,100285
"2025-10-17 08:10:00",102039,
"2025-10-17 08:20:00",104282,
"2025-10-17 08:30:00",106256,
"2025-10-17 08:40:00",108243,
"2025-10-17 08:50:00",109724,
"2025-10-17 09:00:00",110400,100704
"2025-10-17 09:10:00",111296,
"2025-10-17 09:20:00",111906,
"2025-10-17 09:30:00",112452,
"2025-10-17 09:40:00",113000,
"2025-10-17 09:50:00",113510,
"2025-10-17 10:00:00",114276,101164
"2025-10-17 10:10:00",115348,
"2025-10-17 10:20:00",117176,
"2025-10-17 10:30:00",119618,
"2025-10-17 10:40:00",122299,
"2025-10-17 10:50:00",125849,
"2025-10-17 11:00:00",129625,101547
"2025-10-17 11:10:00",134150,
"2025-10-17 11:20:00",138760,
"2025-10-17 11:30:00",143580,
"2025-10-17 11:40:00",148939,
"2025-10-17 11:50:00",154048,
"2025-10-17 12:00:00",159097,101839
"2025-10-17 12:10:00",164132,
"2025-10-17 12:20:00",169560,
"2025-10-17 12:30:00",174742,
"2025-10-17 12:40:00",179596,
"2025-10-17 12:50:00",184046,
"2025-10-17 13:00:00",188428,101945
"2025-10-17 13:10:00",192510,
"2025-10-17 13:20:00",196235,
"2025-10-17 13:30:00",199257,
"2025-10-17 13:40:00",201883,
"2025-10-17 13:50:00",203397,
"2025-10-17 14:00:00",204448,102052
"2025-10-17 14:10:00",204602,
"2025-10-17 14:20:00",204113,
"2025-10-17 14:30:00",203417,
"2025-10-17 14:40:00",201696,
"2025-10-17 14:50:00",198835,
"2025-10-17 15:00:00",194892,102465
"2025-10-17 15:10:00",188618,
"2025-10-17 15:20:00",182749,
"2025-10-17 15:30:00",176456,
"2025-10-17 15:40:00",169097,
"2025-10-17 15:50:00",161956,
"2025-10-17 16:00:00",154721,103257
"2025-10-17 16:10:00",146336,
"2025-10-17 16:20:00",138650,
"2025-10-17 16:30:00",131869,
"2025-10-17 16:40:00",125923,
"2025-10-17 16:50:00",120359,
"2025-10-17 17:00:00",114527,103979
"2025-10-17 17:10:00",108951,
"2025-10-17 17:20:00",103926,
"2025-10-17 17:30:00",99186,
"2025-10-17 17:40:00",95024,
"2025-10-17 17:50:00",88734,
"2025-10-17 18:00:00",86882,104479
"2025-10-17 18:10:00",83331,
"2025-10-17 18:20:00",80131,
"2025-10-17 18:30:00",76941,
"2025-10-17 18:40:00",74331,
"2025-10-17 18:50:00",71717,
"2025-10-17 19:00:00",69427,104787
"2025-10-17 19:10:00",67068,
"2025-10-17 19:20:00",64958,
"2025-10-17 19:30:00",62868,
"2025-10-17 19:40:00",61070,
"2025-10-17 19:50:00",59378,
"2025-10-17 20:00:00",57821,104972
"2025-10-17 20:10:00",56418,
"2025-10-17 20:20:00",54938,
"2025-10-17 20:30:00",53465,
"2025-10-17 20:40:00",52249,
"2025-10-17 20:50:00",50475,
"2025-10-17 21:00:00",49988,105096
"2025-10-17 21:10:00",48910,
"2025-10-17 21:20:00",47903,
"2025-10-17 21:30:00",46934,
"2025-10-17 21:40:00",46052,
"2025-10-17 21:50:00",45181,
"2025-10-17 22:00:00",44241,105189
"2025-10-17 22:10:00",43381,
"2025-10-17 22:20:00",42688,
"2025-10-17 22:30:00",41945,
"2025-10-17 22:40:00",41390,
"2025-10-17 22:50:00",40968,
"2025-10-17 23:00:00",40427,105292
"2025-10-17 23:10:00",39956,
"2025-10-17 23:20:00",40021,
"2025-10-17 23:30:00",40028,
"2025-10-17 23:40:00",40001,
"2025-10-17 23:50:00",40435,
"2025-10-18 00:00:00",40728,105485
"2025-10-18 00:10:00",41486,
"2025-10-18 00:20:00",42583,
"2025-10-18 00:30:00",43948,
"2025-10-18 00:40:00",45395,
"2025-10-18 00:50:00",46960,
"2025-10-18 01:00:00",48770,105963
"2025-10-18 01:10:00",50918,
"2025-10-18 01:20:00",53304,
"2025-10-18 01:30:00",56051,
"2025-10-18 01:40:00",58792,
"2025-10-18 01:50:00",61797,
"2025-10-18 02:00:00",64568,106680
"2025-10-18 02:10:00",67673,
"2025-10-18 02:20:00",70760,
"2025-10-18 02:30:00",74356,
"2025-10-18 02:40:00",77706,
"2025-10-18 02:50:00",80649,
"2025-10-18 03:00:00",83296,107565
"2025-10-18 03:10:00",85648,
"2025-10-18 03:20:00",87624,
"2025-10-18 03:30:00",89430,
"2025-10-18 03:40:00",90992,
"2025-10-18 03:50:00",92667,
"2025-10-18 04:00:00",94564,108419
"2025-10-18 04:10:00",96566,
"2025-10-18 04:20:00",99658,
"2025-10-18 04:30:00",102660,
"2025-10-18 04:40:00",105989,
"2025-10-18 04:50:00",109213,
"2025-10-18 05:00:00",112601,109848
"2025-10-18 05:10:00",115506,
"2025-10-18 05:20:00",118484,
"2025-10-18 05:30:00",121110,
"2025-10-18 05:40:00",123610,
"2025-10-18 05:50:00",126079,
"2025-10-18 06:00:00",128168,111705
"2025-10-18 06:10:00",130617,
"2025-10-18 06:20:00",132661,
"2025-10-18 06:30:00",134813,
"2025-10-18 06:40:00",136895,
"2025-10-18 06:50:00",138755,
"2025-10-18 07:00:00",140414,113607
"2025-10-18 07:10:00",142033,
"2025-10-18 07:20:00",143414,
"2025-10-18 07:30:00",144642,
"2025-10-18 07:40:00",145877,
"2025-10-18 07:50:00",147054,
"2025-10-18 08:00:00",147815,115097
"2025-10-18 08:10:00",148124,
"2025-10-18 08:20:00",148511,
"2025-10-18 08:30:00",148509,
"2025-10-18 08:40:00",148202,
"2025-10-18 08:50:00",148040,
"2025-10-18 09:00:00",147214,116398
"2025-10-18 09:10:00",146189,
"2025-10-18 09:20:00",144778,
"2025-10-18 09:30:00",143083,
"2025-10-18 09:40:00",141231,
"2025-10-18 09:50:00",139243,
"2025-10-18 10:00:00",138318,117007
"2025-10-18 10:10:00",137369,
"2025-10-18 10:20:00",136934,
"2025-10-18 10:30:00",137279,
"2025-10-18 10:40:00",138804,
"2025-10-18 10:50:00",141373,
"2025-10-18 11:00:00",144095,117425
"2025-10-18 11:10:00",147830,
"2025-10-18 11:20:00",151834,
"2025-10-18 11:30:00",155979,
"2025-10-18 11:40:00",160487,
"2025-10-18 11:50:00",165212,
"2025-10-18 12:00:00",169548,117675
"2025-10-18 12:10:00",174128,
"2025-10-18 12:20:00",178553,
"2025-10-18 12:30:00",182904,
"2025-10-18 12:40:00",186973,
"2025-10-18 12:50:00",191088,
"2025-10-18 13:00:00",194500,117822
"2025-10-18 13:10:00",197907,
"2025-10-18 13:20:00",201170,
"2025-10-18 13:30:00",203757,
"2025-10-18 13:40:00",206203,
"2025-10-18 13:50:00",207731,
"2025-10-18 14:00:00",208322,117943
"2025-10-18 14:10:00",208446,
"2025-10-18 14:20:00",207867,
"2025-10-18 14:30:00",206612,
"2025-10-18 14:40:00",204330,
"2025-10-18 14:50:00",200789,
"2025-10-18 15:00:00",196489,117976
"2025-10-18 15:10:00",190788,
"2025-10-18 15:20:00",185841,
"2025-10-18 15:30:00",179621,
"2025-10-18 15:40:00",173024,
"2025-10-18 15:50:00",166249,
"2025-10-18 16:00:00",159464,118095
"2025-10-18 16:10:00",152015,
"2025-10-18 16:20:00",145127,
"2025-10-18 16:30:00",138749,
"2025-10-18 16:40:00",132706,
"2025-10-18 16:50:00",127093,
"2025-10-18 17:00:00",121405,118261
"2025-10-18 17:10:00",115934,
"2025-10-18 17:20:00",110771,
"2025-10-18 17:30:00",105640,
"2025-10-18 17:40:00",101252,
"2025-10-18 17:50:00",97290,
"2025-10-18 18:00:00",93625,118443
"2025-10-18 18:10:00",89935,
"2025-10-18 18:20:00",86450,
"2025-10-18 18:30:00",83334,
"2025-10-18 18:40:00",80725,
"2025-10-18 18:50:00",77890,
"2025-10-18 19:00:00",75381,118624
"2025-10-18 19:10:00",72839,
"2025-10-18 19:20:00",70397,
"2025-10-18 19:30:00",68318,
"2025-10-18 19:40:00",66030,
"2025-10-18 19:50:00",64160,
"2025-10-18 20:00:00",62499,118777
"2025-10-18 20:10:00",60917,
"2025-10-18 20:20:00",59452,
"2025-10-18 20:30:00",57948,
"2025-10-18 20:40:00",56603,
"2025-10-18 20:50:00",55199,
"2025-10-18 21:00:00",53907,118914
"2025-10-18 21:10:00",52761,
"2025-10-18 21:20:00",51463,
"2025-10-18 21:30:00",50328,
"2025-10-18 21:40:00",49254,
"2025-10-18 21:50:00",48243,
"2025-10-18 22:00:00",47198,119022
"2025-10-18 22:10:00",46192,
"2025-10-18 22:20:00",45313,
"2025-10-18 22:30:00",44469,
"2025-10-18 22:40:00",43741,
"2025-10-18 22:50:00",43146,
"2025-10-18 23:00:00",42272,119090
"2025-10-18 23:10:00",41814,
"2025-10-18 23:20:00",41451,
"2025-10-18 23:30:00",41286,
"2025-10-18 23:40:00",41379,
"2025-10-18 23:50:00",41607,
"2025-10-19 00:00:00",41801,119112
"2025-10-19 00:10:00",42524,
"2025-10-19 00:20:00",43240,
"2025-10-19 00:30:00",44611,
"2025-10-19 00:40:00",46115,
"2025-10-19 00:50:00",47543,
"2025-10-19 01:00:00",49197,119108
"2025-10-19 01:10:00",51233,
"2025-10-19 01:20:00",53594,
"2025-10-19 01:30:00",56186,
"2025-10-19 01:40:00",58947,
"2025-10-19 01:50:00",61943,
"2025-10-19 02:00:00",65047,119134
"2025-10-19 02:10:00",68486,
"2025-10-19 02:20:00",72025,
"2025-10-19 02:30:00",75326,
"2025-10-19 02:40:00",78812,
"2025-10-19 02:50:00",82144,
"2025-10-19 03:00:00",84889,119190
"2025-10-19 03:10:00",87403,
"2025-10-19 03:20:00",89751,
"2025-10-19 03:30:00",91641,
"2025-10-19 03:40:00",93776,
"2025-10-19 03:50:00",95486,
"2025-10-19 04:00:00",97520,119250
"2025-10-19 04:10:00",100036,
"2025-10-19 04:20:00",102835,
"2025-10-19 04:30:00",105985,
"2025-10-19 04:40:00",109260,
"2025-10-19 04:50:00",112531,
"2025-10-19 05:00:00",115973,119434
"2025-10-19 05:10:00",119566,
"2025-10-19 05:20:00",123195,
"2025-10-19 05:30:00",126422,
"2025-10-19 05:40:00",129720,
"2025-10-19 05:50:00",132465,
"2025-10-19 06:00:00",134003,119584
"2025-10-19 06:10:00",136404,
"2025-10-19 06:20:00",138840,
"2025-10-19 06:30:00",141282,
"2025-10-19 06:40:00",143379,
"2025-10-19 06:50:00",145342,
"2025-10-19 07:00:00",147110,119702
"2025-10-19 07:10:00",148552,
"2025-10-19 07:20:00",149989,
"2025-10-19 07:30:00",151553,
"2025-10-19 07:40:00",152569,
"2025-10-19 07:50:00",153403,
"2025-10-19 08:00:00",154214,119843
"2025-10-19 08:10:00",154704,
"2025-10-19 08:20:00",155174,
"2025-10-19 08:30:00",155149,
"2025-10-19 08:40:00",154969,
"2025-10-19 08:50:00",154572,
"2025-10-19 09:00:00",153530,120003
"2025-10-19 09:10:00",151834,
"2025-10-19 09:20:00",150016,
"2025-10-19 09:30:00",147887,
"2025-10-19 09:40:00",145400,
"2025-10-19 09:50:00",142933,
"2025-10-19 10:00:00",140556,119901
"2025-10-19 10:10:00",138685,
"2025-10-19 10:20:00",137577,
"2025-10-19 10:30:00",137170,
"2025-10-19 10:40:00",137754,
"2025-10-19 10:50:00",139800,
"2025-10-19 11:00:00",142707,119717
"2025-10-19 11:10:00",145590,
"2025-10-19 11:20:00",149079,
"2025-10-19 11:30:00",152822,
"2025-10-19 11:40:00",156641,
"2025-10-19 11:50:00",160867,
"2025-10-19 12:00:00",165596,119543
"2025-10-19 12:10:00",170445,
"2025-10-19 12:20:00",175052,
"2025-10-19 12:30:00",178885,
"2025-10-19 12:40:00",182687,
"2025-10-19 12:50:00",186589,
"2025-10-19 13:00:00",189976,119283
"2025-10-19 13:10:00",193038,
"2025-10-19 13:20:00",196083,
"2025-10-19 13:30:00",198318,
"2025-10-19 13:40:00",200105,
"2025-10-19 13:50:00",200831,
"2025-10-19 14:00:00",200727,119004
"2025-10-19 14:10:00",199618,
"2025-10-19 14:20:00",197733,
"2025-10-19 14:30:00",194611,
"2025-10-19 14:40:00",190110,
"2025-10-19 14:50:00",184722,
"2025-10-19 15:00:00",177232,118266
"2025-10-19 15:10:00",167913,
"2025-10-19 15:20:00",159960,
"2025-10-19 15:30:00",151432,
"2025-10-19 15:40:00",142646,
"2025-10-19 15:50:00",135439,
"2025-10-19 16:00:00",127701,117029
"2025-10-19 16:10:00",120532,
"2025-10-19 16:20:00",113569,
"2025-10-19 16:30:00",108178,
"2025-10-19 16:40:00",103952,
"2025-10-19 16:50:00",99202,
"2025-10-19 17:00:00",95049,116001
"2025-10-19 17:10:00",90963,
"2025-10-19 17:20:00",87345,
"2025-10-19 17:30:00",84040,
"2025-10-19 17:40:00",81441,
"2025-10-19 17:50:00",78818,
"2025-10-19 18:00:00",76364,115331
"2025-10-19 18:10:00",73934,
"2025-10-19 18:20:00",71849,
"2025-10-19 18:30:00",70150,
"2025-10-19 18:40:00",63311,
"2025-10-19 18:50:00",65424,
"2025-10-19 19:00:00",64557,114917
"2025-10-19 19:10:00",62243,
"2025-10-19 19:20:00",60796,
"2025-10-19 19:30:00",59513,
"2025-10-19 19:40:00",58136,
"2025-10-19 19:50:00",56867,
"2025-10-19 20:00:00",55582,114661
"2025-10-19 20:10:00",54524,
"2025-10-19 20:20:00",53394,
"2025-10-19 20:30:00",52306,
"2025-10-19 20:40:00",51257,
"2025-10-19 20:50:00",50303,
"2025-10-19 21:00:00",49398,114502
"2025-10-19 21:10:00",48493,
"2025-10-19 21:20:00",47626,
"2025-10-19 21:30:00",46724,
"2025-10-19 21:40:00",45782,
"2025-10-19 21:50:00",44997,
"2025-10-19 22:00:00",44166,114400
"2025-10-19 22:10:00",43412,
"2025-10-19 22:20:00",42566,
"2025-10-19 22:30:00",41989,
"2025-10-19 22:40:00",41222,
"2025-10-19 22:50:00",40585,
"2025-10-19 23:00:00",39685,114317
"2025-10-19 23:10:00",39073,
"2025-10-19 23:20:00",38944,
"2025-10-19 23:30:00",38687,
"2025-10-19 23:40:00",38614,
"2025-10-19 23:50:00",38677,
"2025-10-20 00:00:00",38628,114106
"2025-10-20 00:10:00",38998,
"2025-10-20 00:20:00",39541,
"2025-10-20 00:30:00",40233,
"2025-10-20 00:40:00",41009,
"2025-10-20 00:50:00",41762,
"2025-10-20 01:00:00",42343,113597
"2025-10-20 01:10:00",43325,
"2025-10-20 01:20:00",44130,
"2025-10-20 01:30:00",44918,
"2025-10-20 01:40:00",45810,
"2025-10-20 01:50:00",46906,
"2025-10-20 02:00:00",48572,112685
"2025-10-20 02:10:00",50606,
"2025-10-20 02:20:00",52523,
"2025-10-20 02:30:00",54127,
"2025-10-20 02:40:00",56048,
"2025-10-20 02:50:00",57358,
"2025-10-20 03:00:00",58520,111479
"2025-10-20 03:10:00",59539,
"2025-10-20 03:20:00",60301,
"2025-10-20 03:30:00",61308,
"2025-10-20 03:40:00",62420,
"2025-10-20 03:50:00",63849,
"2025-10-20 04:00:00",66041,110233
"2025-10-20 04:10:00",69131,
"2025-10-20 04:20:00",72765,
"2025-10-20 04:30:00",75915,
"2025-10-20 04:40:00",78541,
"2025-10-20 04:50:00",80213,
"2025-10-20 05:00:00",80566,108166
"2025-10-20 05:10:00",80501,
"2025-10-20 05:20:00",80227,
"2025-10-20 05:30:00",79810,
"2025-10-20 05:40:00",78662,
"2025-10-20 05:50:00",77893,
"2025-10-20 06:00:00",77603,105574
"2025-10-20 06:10:00",77651,
"2025-10-20 06:20:00",78104,
"2025-10-20 06:30:00",79027,
"2025-10-20 06:40:00",79871,
"2025-10-20 06:50:00",80682,
"2025-10-20 07:00:00",81630,103029
"2025-10-20 07:10:00",82755,
"2025-10-20 07:20:00",84286,
"2025-10-20 07:30:00",86107,
"2025-10-20 07:40:00",87634,
"2025-10-20 07:50:00",90066,
"2025-10-20 08:00:00",92417,100931
"2025-10-20 08:10:00",94921,
"2025-10-20 08:20:00",97290,
"2025-10-20 08:30:00",99542,
"2025-10-20 08:40:00",101649,
"2025-10-20 08:50:00",103286,
"2025-10-20 09:00:00",104413,99065
"2025-10-20 09:10:00",105317,
"2025-10-20 09:20:00",106026,
"2025-10-20 09:30:00",106341,
"2025-10-20 09:40:00",106947,
"2025-10-20 09:50:00",107913,
"2025-10-20 10:00:00",109095,98236
"2025-10-20 10:10:00",110551,
"2025-10-20 10:20:00",112575,
"2025-10-20 10:30:00",114706,
"2025-10-20 10:40:00",117534,
"2025-10-20 10:50:00",120587,
"2025-10-20 11:00:00",124384,97672
"2025-10-20 11:10:00",128805,
"2025-10-20 11:20:00",133203,
"2025-10-20 11:30:00",138008,
"2025-10-20 11:40:00",142961,
"2025-10-20 11:50:00",147820,
"2025-10-20 12:00:00",152790,97245
"2025-10-20 12:10:00",157708,
"2025-10-20 12:20:00",162783,
"2025-10-20 12:30:00",167882,
"2025-10-20 12:40:00",172695,
"2025-10-20 12:50:00",177834,
"2025-10-20 13:00:00",182693,97069
"2025-10-20 13:10:00",187356,
"2025-10-20 13:20:00",191775,
"2025-10-20 13:30:00",195226,
"2025-10-20 13:40:00",197767,
"2025-10-20 13:50:00",199167,
"2025-10-20 14:00:00",199283,96872
"2025-10-20 14:10:00",198285,
"2025-10-20 14:20:00",197022,
"2025-10-20 14:30:00",194206,
"2025-10-20 14:40:00",190203,
"2025-10-20 14:50:00",184755,
"2025-10-20 15:00:00",176807,96717
"2025-10-20 15:10:00",167074,
"2025-10-20 15:20:00",158662,
"2025-10-20 15:30:00",150017,
"2025-10-20 15:40:00",141415,
"2025-10-20 15:50:00",133566,
"2025-10-20 16:00:00",125812,96532
"2025-10-20 16:10:00",117812,
"2025-10-20 16:20:00",111035,
"2025-10-20 16:30:00",105226,
"2025-10-20 16:40:00",99541,
"2025-10-20 16:50:00",94865,
"2025-10-20 17:00:00",90894,96321
"2025-10-20 17:10:00",86873,
"2025-10-20 17:20:00",83529,
"2025-10-20 17:30:00",80174,
"2025-10-20 17:40:00",77383,
"2025-10-20 17:50:00",74966,
"2025-10-20 18:00:00",72642,96175
"2025-10-20 18:10:00",70274,
"2025-10-20 18:20:00",68285,
"2025-10-20 18:30:00",66556,
"2025-10-20 18:40:00",64724,
"2025-10-20 18:50:00",62980,
"2025-10-20 19:00:00",61315,96073
"2025-10-20 19:10:00",59658,
"2025-10-20 19:20:00",58192,
"2025-10-20 19:30:00",56326,
"2025-10-20 19:40:00",55706,
"2025-10-20 19:50:00",54642,
"2025-10-20 20:00:00",53328,96027
"2025-10-20 20:10:00",51980,
"2025-10-20 20:20:00",50818,
"2025-10-20 20:30:00",48716,
"2025-10-20 20:40:00",47534,
"2025-10-20 20:50:00",46607,
"2025-10-20 21:00:00",45699,95931
"2025-10-20 21:10:00",44609,
"2025-10-20 21:20:00",43817,
"2025-10-20 21:30:00",42987,
"2025-10-20 21:40:00",42316,
"2025-10-20 21:50:00",41684,
"2025-10-20 22:00:00",41043,95869
"2025-10-20 22:10:00",40292,
"2025-10-20 22:20:00",39591,
"2025-10-20 22:30:00",38996,
"2025-10-20 22:40:00",38553,
"2025-10-20 22:50:00",38119,
"2025-10-20 23:00:00",37639,95858
"2025-10-20 23:10:00",37209,
"2025-10-20 23:20:00",36082,95858