"2025-09-20 00:00:00",475575,702762
"2025-09-20 01:00:00",455434,704075
"2025-09-20 02:00:00",479434,705126
"2025-09-20 03:00:00",489015,706077
"2025-09-20 04:00:00",490607,707060
"2025-09-20 05:00:00",515127,708051
"2025-09-20 06:00:00",552183,709882
"2025-09-20 07:00:00",588581,711699
"2025-09-20 08:00:00",632133,714439
"2025-09-20 09:00:00",679849,717280
"2025-09-20 10:00:00",722302,719706
"2025-09-20 11:00:00",781222,721916
"2025-09-20 12:00:00",847212,724237
"2025-09-20 13:00:00",902260,726195
"2025-09-20 14:00:00",938429,728404
"2025-09-20 15:00:00",937777,729591
"2025-09-20 16:00:00",926847,730212
"2025-09-20 17:00:00",891592,729636
"2025-09-20 18:00:00",879796,728844
"2025-09-20 19:00:00",855398,727825
"2025-09-20 20:00:00",821292,725814
"2025-09-20 21:00:00",760782,723246
"2025-09-20 22:00:00",669335,718626
"2025-09-20 23:00:00",574111,714307
"2025-09-21 00:00:00",514796,710813
"2025-09-21 01:00:00",488154,708466
"2025-09-21 02:00:00",509518,706612
"2025-09-21 03:00:00",519849,704015
"2025-09-21 04:00:00",521026,700997
"2025-09-21 05:00:00",564873,697817
"2025-09-21 06:00:00",600585,693040
"2025-09-21 07:00:00",658179,687466
"2025-09-21 08:00:00",702872,680564
"2025-09-21 09:00:00",739334,672749
"2025-09-21 10:00:00",774824,664474
"2025-09-21 11:00:00",834500,656690
"2025-09-21 12:00:00",889978,649786
"2025-09-21 13:00:00",950091,644001
"2025-09-21 14:00:00",961289,639007
"2025-09-21 15:00:00",947088,634855
"2025-09-21 16:00:00",907824,631307
"2025-09-21 17:00:00",867522,628587
"2025-09-21 18:00:00",850800,626501
"2025-09-21 19:00:00",802917,624089
"2025-09-21 20:00:00",756795,622214
"2025-09-21 21:00:00",648275,620075
"2025-09-21 22:00:00",566997,618452
"2025-09-21 23:00:00",486548,617064
"2025-09-22 00:00:00",455614,615844
"2025-09-22 01:00:00",441035,615134
"2025-09-22 02:00:00",443666,614875
"2025-09-22 03:00:00",443244,614752
"2025-09-22 04:00:00",439295,614496
"2025-09-22 05:00:00",442898,614534
"2025-09-22 06:00:00",457251,614436
"2025-09-22 07:00:00",480872,614080
"2025-09-22 08:00:00",502467,613736
"2025-09-22 09:00:00",526973,613447
"2025-09-22 10:00:00",574040,613455
"2025-09-22 11:00:00",655739,613093
"2025-09-22 12:00:00",738560,612670
"2025-09-22 13:00:00",819463,612274
"2025-09-22 14:00:00",852307,611508
"2025-09-22 15:00:00",854719,610831
"2025-09-22 16:00:00",836556,610034
"2025-09-22 17:00:00",812541,609404
"2025-09-22 18:00:00",788877,608701
"2025-09-22 19:00:00",755403,608360
"2025-09-22 20:00:00",705716,608026
"2025-09-22 21:00:00",609876,607856
"2025-09-22 22:00:00",533799,607453
"2025-09-22 23:00:00",455887,606772
"2025-09-23 00:00:00",437260,602565
"2025-09-23 01:00:00",435730,600870
"2025-09-23 02:00:00",442826,600328
"2025-09-23 03:00:00",439590,599866
"2025-09-23 04:00:00",446540,599528
"2025-09-23 05:00:00",448678,598909
"2025-09-23 06:00:00",459487,598225
"2025-09-23 07:00:00",485823,597657
"2025-09-23 08:00:00",510435,597160
"2025-09-23 09:00:00",542322,596793
"2025-09-23 10:00:00",578480,595351
"2025-09-23 11:00:00",656749,593360
"2025-09-23 12:00:00",738843,590574
"2025-09-23 13:00:00",808471,587327
"2025-09-23 14:00:00",842420,584388
"2025-09-23 15:00:00",839921,581196
"2025-09-23 16:00:00",824762,578201
"2025-09-23 17:00:00",799632,575354
"2025-09-23 18:00:00",784233,572814
"2025-09-23 19:00:00",751423,569700
"2025-09-23 20:00:00",704918,567383
"2025-09-23 21:00:00",602493,565229
"2025-09-23 22:00:00",518822,563225
"2025-09-23 23:00:00",345976,560911
"2025-09-24 00:00:00",392486,562721
"2025-09-24 01:00:00",421075,561786
"2025-09-24 02:00:00",430562,559928
"2025-09-24 03:00:00",429395,558093
"2025-09-24 04:00:00",428953,556363
"2025-09-24 05:00:00",429690,554441
"2025-09-24 06:00:00",443216,552285
"2025-09-24 07:00:00",471012,550076
"2025-09-24 08:00:00",498193,547840
"2025-09-24 09:00:00",502336,545335
"2025-09-24 10:00:00",523964,543585
"2025-09-24 11:00:00",580648,542487
"2025-09-24 12:00:00",651465,541875
"2025-09-24 13:00:00",729061,541456
"2025-09-24 14:00:00",756595,540638
"2025-09-24 15:00:00",758847,540600
"2025-09-24 16:00:00",747649,540544
"2025-09-24 17:00:00",729560,540694
"2025-09-24 18:00:00",698196,540447
"2025-09-24 19:00:00",686498,541198
"2025-09-24 20:00:00",645208,541345
"2025-09-24 21:00:00",547846,541280
"2025-09-24 22:00:00",469387,541380
"2025-09-24 23:00:00",400757,542443
"2025-09-25 00:00:00",367291,542934
"2025-09-25 01:00:00",369979,543338
"2025-09-25 02:00:00",379647,543473
"2025-09-25 03:00:00",382431,543675
"2025-09-25 04:00:00",376773,543853
"2025-09-25 05:00:00",370459,544072
"2025-09-25 06:00:00",382163,544561
"2025-09-25 07:00:00",408613,545054
"2025-09-25 08:00:00",432714,545412
"2025-09-25 09:00:00",460305,545860
"2025-09-25 10:00:00",503868,546454
"2025-09-25 11:00:00",576309,546897
"2025-09-25 12:00:00",651416,547289
"2025-09-25 13:00:00",719150,547772
"2025-09-25 14:00:00",768115,548793
"2025-09-25 15:00:00",769422,549724
"2025-09-25 16:00:00",763079,551208
"2025-09-25 17:00:00",736920,552763
"2025-09-25 18:00:00",730285,554820
"2025-09-25 19:00:00",700800,556590
"2025-09-25 20:00:00",652719,557835
"2025-09-25 21:00:00",559306,559922
"2025-09-25 22:00:00",488729,562847
"2025-09-25 23:00:00",418955,563605
"2025-09-26 00:00:00",388189,565123
"2025-09-26 01:00:00",383365,566614
"2025-09-26 02:00:00",394349,568299
"2025-09-26 03:00:00",397726,570347
"2025-09-26 04:00:00",394867,572616
"2025-09-26 05:00:00",396980,575195
"2025-09-26 06:00:00",409334,578400
"2025-09-26 07:00:00",432844,582155
"2025-09-26 08:00:00",454898,586548
"2025-09-26 09:00:00",482325,591391
"2025-09-26 10:00:00",518269,596218
"2025-09-26 11:00:00",588336,600891
"2025-09-26 12:00:00",668276,605225
"2025-09-26 13:00:00",747148,608998
"2025-09-26 14:00:00",793766,612067
"2025-09-26 15:00:00",810239,614400
"2025-09-26 16:00:00",807906,616064
"2025-09-26 17:00:00",791049,617286
"2025-09-26 18:00:00",780088,618607
"2025-09-26 19:00:00",736768,620220
"2025-09-26 20:00:00",712800,622709
"2025-09-26 21:00:00",642521,625374
"2025-09-26 22:00:00",508057,627436
"2025-09-26 23:00:00",460288,631446
"2025-09-27 00:00:00",430566,634060
"2025-09-27 01:00:00",431335,635720
"2025-09-27 02:00:00",453115,636380
"2025-09-27 03:00:00",462580,636686
"2025-09-27 04:00:00",467085,636955
"2025-09-27 05:00:00",488002,637640
"2025-09-27 06:00:00",517848,638173
"2025-09-27 07:00:00",561431,638806
"2025-09-27 08:00:00",597504,639583
"2025-09-27 09:00:00",626812,640553
"2025-09-27 10:00:00",659183,642037
"2025-09-27 11:00:00",718083,643784
"2025-09-27 12:00:00",778388,645707
"2025-09-27 13:00:00",836715,647671
"2025-09-27 14:00:00",856973,649557
"2025-09-27 15:00:00",851948,651214
"2025-09-27 16:00:00",833511,652715
"2025-09-27 17:00:00",820794,653364
"2025-09-27 18:00:00",822609,653798
"2025-09-27 19:00:00",799486,653833
"2025-09-27 20:00:00",774355,653349
"2025-09-27 21:00:00",703701,652064
"2025-09-27 22:00:00",623324,650693
"2025-09-27 23:00:00",532218,649027
"2025-09-28 00:00:00",471332,647541
"2025-09-28 01:00:00",437743,646440
"2025-09-28 02:00:00",446514,645775
"2025-09-28 03:00:00",452385,644887
"2025-09-28 04:00:00",463892,643822
"2025-09-28 05:00:00",474372,642128
"2025-09-28 06:00:00",500744,640066
"2025-09-28 07:00:00",544011,637491
"2025-09-28 08:00:00",584997,634315
"2025-09-28 09:00:00",631117,630755
"2025-09-28 10:00:00",674840,626806
"2025-09-28 11:00:00",745175,622727
"2025-09-28 12:00:00",813081,618959
"2025-09-28 13:00:00",877297,615684
"2025-09-28 14:00:00",897168,612790
"2025-09-28 15:00:00",892470,610382
"2025-09-28 16:00:00",845485,607950
"2025-09-28 17:00:00",821578,606617
"2025-09-28 18:00:00",803680,605159
"2025-09-28 19:00:00",763962,603876
"2025-09-28 20:00:00",712874,602556
"2025-09-28 21:00:00",620425,600873
"2025-09-28 22:00:00",544785,598951
"2025-09-28 23:00:00",469810,596784
"2025-09-29 00:00:00",433040,595261
"2025-09-29 01:00:00",418036,594342
"2025-09-29 02:00:00",420805,594067
"2025-09-29 03:00:00",418305,593753
"2025-09-29 04:00:00",412967,593045
"2025-09-29 05:00:00",412526,592483
"2025-09-29 06:00:00",422016,591734
"2025-09-29 07:00:00",443553,590803
"2025-09-29 08:00:00",465353,589717
"2025-09-29 09:00:00",493972,588232
"2025-09-29 10:00:00",528529,586516
"2025-09-29 11:00:00",605648,585059
"2025-09-29 12:00:00",687005,583560
"2025-09-29 13:00:00",763386,581419
"2025-09-29 14:00:00",798738,579268
"2025-09-29 15:00:00",803790,577375
"2025-09-29 16:00:00",797456,576355
"2025-09-29 17:00:00",776979,575482
"2025-09-29 18:00:00",771395,574678
"2025-09-29 19:00:00",740778,573848
"2025-09-29 20:00:00",686390,572788
"2025-09-29 21:00:00",584200,571153
"2025-09-29 22:00:00",493878,569576
"2025-09-29 23:00:00",430853,568452
"2025-09-30 00:00:00",406892,567291
"2025-09-30 01:00:00",416244,566541
"2025-09-30 02:00:00",421221,565723
"2025-09-30 03:00:00",412548,565083
"2025-09-30 04:00:00",416949,564875
"2025-09-30 05:00:00",417569,564459
"2025-09-30 06:00:00",430409,564253
"2025-09-30 07:00:00",455328,564282
"2025-09-30 08:00:00",471495,564361
"2025-09-30 09:00:00",496712,564526
"2025-09-30 10:00:00",537812,564548
"2025-09-30 11:00:00",608086,564088
"2025-09-30 12:00:00",662289,563057
"2025-09-30 13:00:00",731749,562089
"2025-09-30 14:00:00",771949,561144
"2025-09-30 15:00:00",789237,560128
"2025-09-30 16:00:00",786640,559156
"2025-09-30 17:00:00",763050,558152
"2025-09-30 18:00:00",752445,557367
"2025-09-30 19:00:00",715265,556378
"2025-09-30 20:00:00",645202,554786
"2025-09-30 21:00:00",551931,553835
"2025-09-30 22:00:00",472063,553119
"2025-09-30 23:00:00",401678,552567
"2025-10-01 00:00:00",380631,552172
"2025-10-01 01:00:00",386416,551711
"2025-10-01 02:00:00",400570,551378
"2025-10-01 03:00:00",402550,551146
"2025-10-01 04:00:00",398932,550792
"2025-10-01 05:00:00",405335,550485
"2025-10-01 06:00:00",424810,550381
"2025-10-01 07:00:00",454323,550310
"2025-10-01 08:00:00",475255,550332
"2025-10-01 09:00:00",492009,550170
"2025-10-01 10:00:00",519084,549883
"2025-10-01 11:00:00",582418,549444
"2025-10-01 12:00:00",642502,548941
"2025-10-01 13:00:00",710359,548716
"2025-10-01 14:00:00",741549,548088
"2025-10-01 15:00:00",758463,547693
"2025-10-01 16:00:00",756249,547279
"2025-10-01 17:00:00",743324,546961
"2025-10-01 18:00:00",728684,546771
"2025-10-01 19:00:00",677691,546508
"2025-10-01 20:00:00",626513,546791
"2025-10-01 21:00:00",536312,547212
"2025-10-01 22:00:00",466580,547860
"2025-10-01 23:00:00",400569,548520
"2025-10-02 00:00:00",379098,548406
"2025-10-02 01:00:00",384725,548612
"2025-10-02 02:00:00",396733,548649
"2025-10-02 03:00:00",398699,548952
"2025-10-02 04:00:00",393612,549224
"2025-10-02 05:00:00",403919,549534
"2025-10-02 06:00:00",422031,549673
"2025-10-02 07:00:00",452309,549659
"2025-10-02 08:00:00",471169,550046
"2025-10-02 09:00:00",491331,550671
"2025-10-02 10:00:00",516768,551380
"2025-10-02 11:00:00",574292,552157
"2025-10-02 12:00:00",645976,553034
"2025-10-02 13:00:00",703914,553311
"2025-10-02 14:00:00",744377,554018
"2025-10-02 15:00:00",760427,554319
"2025-10-02 16:00:00",755635,554513
"2025-10-02 17:00:00",750165,554919
"2025-10-02 18:00:00",741344,555433
"2025-10-02 19:00:00",700103,555971
"2025-10-02 20:00:00",652544,557022
"2025-10-02 21:00:00",565042,558550
"2025-10-02 22:00:00",493211,560399
"2025-10-02 23:00:00",397244,561474
"2025-10-03 00:00:00",388459,563266
"2025-10-03 01:00:00",388836,564094
"2025-10-03 02:00:00",411367,564658
"2025-10-03 03:00:00",413149,565012
"2025-10-03 04:00:00",407126,565527
"2025-10-03 05:00:00",411609,566194
"2025-10-03 06:00:00",423186,567128
"2025-10-03 07:00:00",470810,568678
"2025-10-03 08:00:00",497014,570202
"2025-10-03 09:00:00",521774,571967
"2025-10-03 10:00:00",553959,574018
"2025-10-03 11:00:00",607892,575927
"2025-10-03 12:00:00",662255,577434
"2025-10-03 13:00:00",731353,579082
"2025-10-03 14:00:00",756033,580017
"2025-10-03 15:00:00",769609,581028
"2025-10-03 16:00:00",768321,582019
"2025-10-03 17:00:00",763173,582957
"2025-10-03 18:00:00",748513,583594
"2025-10-03 19:00:00",725613,584824
"2025-10-03 20:00:00",695766,586326
"2025-10-03 21:00:00",622996,588222
"2025-10-03 22:00:00",540942,590208
"2025-10-03 23:00:00",465662,592934
"2025-10-04 00:00:00",421027,594676
"2025-10-04 01:00:00",402913,595828
"2025-10-04 02:00:00",416811,596544
"2025-10-04 03:00:00",425957,597384
"2025-10-04 04:00:00",430613,598347
"2025-10-04 05:00:00",451274,599758
"2025-10-04 06:00:00",475859,601463
"2025-10-04 07:00:00",517016,603340
"2025-10-04 08:00:00",550003,604940
"2025-10-04 09:00:00",581787,607009
"2025-10-04 10:00:00",610866,609234
"2025-10-04 11:00:00",661137,611701
"2025-10-04 12:00:00",713071,614018
"2025-10-04 13:00:00",764081,615594
"2025-10-04 14:00:00",794088,617443
"2025-10-04 15:00:00",804195,619203
"2025-10-04 16:00:00",800487,620736
"2025-10-04 17:00:00",787069,621974
"2025-10-04 18:00:00",783422,622991
"2025-10-04 19:00:00",758103,623649
"2025-10-04 20:00:00",733379,623933
"2025-10-04 21:00:00",672772,623616
"2025-10-04 22:00:00",606074,623276
"2025-10-04 23:00:00",517253,622246
"2025-10-05 00:00:00",462098,621512
"2025-10-05 01:00:00",432158,620969
"2025-10-05 02:00:00",445490,620889
"2025-10-05 03:00:00",451136,620647
"2025-10-05 04:00:00",461987,620324
"2025-10-05 05:00:00",484593,619691
"2025-10-05 06:00:00",522268,619079
"2025-10-05 07:00:00",545239,617758
"2025-10-05 08:00:00",592978,616856
"2025-10-05 09:00:00",634411,615571
"2025-10-05 10:00:00",677543,613851
"2025-10-05 11:00:00",723259,611843
"2025-10-05 12:00:00",757706,609860
"2025-10-05 13:00:00",816427,608784
"2025-10-05 14:00:00",845613,607797
"2025-10-05 15:00:00",847561,606908
"2025-10-05 16:00:00",837963,606158
"2025-10-05 17:00:00",804479,605118
"2025-10-05 18:00:00",786476,604210
"2025-10-05 19:00:00",739093,603026
"2025-10-05 20:00:00",675142,601286
"2025-10-05 21:00:00",598619,599375
"2025-10-05 22:00:00",511871,596496
"2025-10-05 23:00:00",445903,594353
"2025-10-06 00:00:00",410197,592672
"2025-10-06 01:00:00",402014,591727
"2025-10-06 02:00:00",410806,590659
"2025-10-06 03:00:00",406368,588783
"2025-10-06 04:00:00",400361,586589
"2025-10-06 05:00:00",410749,584743
"2025-10-06 06:00:00",431948,582653
"2025-10-06 07:00:00",459741,578312
"2025-10-06 08:00:00",479057,575372
"2025-10-06 09:00:00",484903,571949
"2025-10-06 10:00:00",517626,568525
"2025-10-06 11:00:00",580881,565450
"2025-10-06 12:00:00",650198,563085
"2025-10-06 13:00:00",713160,560627
"2025-10-06 14:00:00",754541,558473
"2025-10-06 15:00:00",768544,556434
"2025-10-06 16:00:00",764797,554577
"2025-10-06 17:00:00",752099,553139
"2025-10-06 18:00:00",743187,550492
"2025-10-06 19:00:00",709352,548945
"2025-10-06 20:00:00",653849,547995
"2025-10-06 21:00:00",551049,546580
"2025-10-06 22:00:00",476669,545707
"2025-10-06 23:00:00",413130,544891
"2025-10-07 00:00:00",390761,543448
"2025-10-07 01:00:00",381420,542630
"2025-10-07 02:00:00",360811,541430
"2025-10-07 03:00:00",358771,541091
"2025-10-07 04:00:00",383696,541763
"2025-10-07 05:00:00",400298,542138
"2025-10-07 06:00:00",302725,539766
"2025-10-07 07:00:00",432971,541872
"2025-10-07 08:00:00",468098,542495
"2025-10-07 09:00:00",486369,543038
"2025-10-07 10:00:00",518061,543494
"2025-10-07 11:00:00",578821,543661
"2025-10-07 12:00:00",639174,543820
"2025-10-07 13:00:00",704288,544165
"2025-10-07 14:00:00",738168,543633
"2025-10-07 15:00:00",755200,543477
"2025-10-07 16:00:00",749296,543056
"2025-10-07 17:00:00",663009,540697
"2025-10-07 18:00:00",695406,540663
"2025-10-07 19:00:00",682824,540422
"2025-10-07 20:00:00",634156,540047
"2025-10-07 21:00:00",545287,540066
"2025-10-07 22:00:00",471141,540166
"2025-10-07 23:00:00",358288,538981
"2025-10-08 00:00:00",370480,539502
"2025-10-08 01:00:00",376743,539648
"2025-10-08 02:00:00",399642,540597
"2025-10-08 03:00:00",414087,541651
"2025-10-08 04:00:00",415670,541935
"2025-10-08 05:00:00",432965,542114
"2025-10-08 06:00:00",450123,544711
"2025-10-08 07:00:00",480603,544739
"2025-10-08 08:00:00",495945,544157
"2025-10-08 09:00:00",510896,543602
"2025-10-08 10:00:00",530119,543053
"2025-10-08 11:00:00",602125,543162
"2025-10-08 12:00:00",670137,543407
"2025-10-08 13:00:00",696754,542779
"2025-10-08 14:00:00",747553,543305
"2025-10-08 15:00:00",752807,543149
"2025-10-08 16:00:00",736591,542658
"2025-10-08 17:00:00",725973,544119
"2025-10-08 18:00:00",718787,544546
"2025-10-08 19:00:00",689658,544478
"2025-10-08 20:00:00",644575,544125
"2025-10-08 21:00:00",560036,544133
"2025-10-08 22:00:00",480647,543978
"2025-10-08 23:00:00",417974,545021
"2025-10-09 00:00:00",387473,545051
"2025-10-09 01:00:00",379192,544819
"2025-10-09 02:00:00",384712,544105
"2025-10-09 03:00:00",387098,543163
"2025-10-09 04:00:00",381174,542061
"2025-10-09 05:00:00",374967,540360
"2025-10-09 06:00:00",383936,538631
"2025-10-09 07:00:00",406450,536763
"2025-10-09 08:00:00",427565,534941
"2025-10-09 09:00:00",460525,533724
"2025-10-09 10:00:00",501807,533013
"2025-10-09 11:00:00",570240,532167
"2025-10-09 12:00:00",642954,531391
"2025-10-09 13:00:00",713293,531922
"2025-10-09 14:00:00",740845,531889
"2025-10-09 15:00:00",741471,531789
"2025-10-09 16:00:00",728297,531761
"2025-10-09 17:00:00",714948,531669
"2025-10-09 18:00:00",702819,531330
"2025-10-09 19:00:00",650545,530426
"2025-10-09 20:00:00",620566,530502
"2025-10-09 21:00:00",533914,530566
"2025-10-09 22:00:00",449253,530840
"2025-10-09 23:00:00",390810,531402
"2025-10-10 00:00:00",366834,531771
"2025-10-10 01:00:00",356090,531686
"2025-10-10 02:00:00",366753,531665
"2025-10-10 03:00:00",371257,531799
"2025-10-10 04:00:00",365978,531978
"2025-10-10 05:00:00",371694,532603
"2025-10-10 06:00:00",385435,533447
"2025-10-10 07:00:00",401851,534114
"2025-10-10 08:00:00",432131,535351
"2025-10-10 09:00:00",460965,536431
"2025-10-10 10:00:00",499840,537570
"2025-10-10 11:00:00",565003,538606
"2025-10-10 12:00:00",648151,540011
"2025-10-10 13:00:00",721612,541283
"2025-10-10 14:00:00",752826,542623
"2025-10-10 15:00:00",753047,543944
"2025-10-10 16:00:00",740629,545371
"2025-10-10 17:00:00",719707,546618
"2025-10-10 18:00:00",711155,547775
"2025-10-10 19:00:00",697717,550019
"2025-10-10 20:00:00",671224,552154
"2025-10-10 21:00:00",608706,554921
"2025-10-10 22:00:00",536659,558020
"2025-10-10 23:00:00",454109,560444
"2025-10-11 00:00:00",404521,562100
"2025-10-11 01:00:00",389087,563558
"2025-10-11 02:00:00",406787,565101
"2025-10-11 03:00:00",413650,566673
"2025-10-11 04:00:00",417299,568566
"2025-10-11 05:00:00",429561,570669
"2025-10-11 06:00:00",442971,572946
"2025-10-11 07:00:00",482153,576166
"2025-10-11 08:00:00",509949,579477
"2025-10-11 09:00:00",548212,583159
"2025-10-11 10:00:00",586867,586742
"2025-10-11 11:00:00",658562,590393
"2025-10-11 12:00:00",726761,593581
"2025-10-11 13:00:00",798437,596586
"2025-10-11 14:00:00",829612,599398
"2025-10-11 15:00:00",836497,602137
"2025-10-11 16:00:00",826859,604670
"2025-10-11 17:00:00",792781,606582
"2025-10-11 18:00:00",784945,608432
"2025-10-11 19:00:00",756611,609725
"2025-10-11 20:00:00",726842,610780
"2025-10-11 21:00:00",662505,611542
"2025-10-11 22:00:00",590464,611995
"2025-10-11 23:00:00",504452,612323
"2025-10-12 00:00:00",450158,612710
"2025-10-12 01:00:00",426201,613138
"2025-10-12 02:00:00",441027,613644
"2025-10-12 03:00:00",452906,614159
"2025-10-12 04:00:00",458191,614553
"2025-10-12 05:00:00",484396,615270
"2025-10-12 06:00:00",520007,616313
"2025-10-12 07:00:00",571696,617417
"2025-10-12 08:00:00",607348,618402
"2025-10-12 09:00:00",638498,619086
"2025-10-12 10:00:00",667747,619528
"2025-10-12 11:00:00",736957,619980
"2025-10-12 12:00:00",794832,620249
"2025-10-12 13:00:00",851230,620204
"2025-10-12 14:00:00",861090,619744
"2025-10-12 15:00:00",844569,618827
"2025-10-12 16:00:00",815233,617528
"2025-10-12 17:00:00",773736,616183
"2025-10-12 18:00:00",755348,614872
"2025-10-12 19:00:00",714724,613369
"2025-10-12 20:00:00",664419,611349
"2025-10-12 21:00:00",573745,608476
"2025-10-12 22:00:00",498534,605541
"2025-10-12 23:00:00",427566,603034
"2025-10-13 00:00:00",396590,601353
"2025-10-13 01:00:00",385328,600041
"2025-10-13 02:00:00",387672,598416
"2025-10-13 03:00:00",384398,596361
"2025-10-13 04:00:00",380786,594072
"2025-10-13 05:00:00",377001,590826
"2025-10-13 06:00:00",384066,586708
"2025-10-13 07:00:00",403066,581518
"2025-10-13 08:00:00",428679,576018
"2025-10-13 09:00:00",460759,570519
"2025-10-13 10:00:00",494949,565099
"2025-10-13 11:00:00",572929,560009
"2025-10-13 12:00:00",641665,555070
"2025-10-13 13:00:00",716595,550693
"2025-10-13 14:00:00",747335,546967
"2025-10-13 15:00:00",749136,543932
"2025-10-13 16:00:00",735047,541398
"2025-10-13 17:00:00",725246,539846
"2025-10-13 18:00:00",723253,538688
"2025-10-13 19:00:00",693128,537815
"2025-10-13 20:00:00",639225,536827
"2025-10-13 21:00:00",552550,535985
"2025-10-13 22:00:00",474662,535144
"2025-10-13 23:00:00",414105,534716
"2025-10-13 23:10:00",406508,
"2025-10-13 23:20:00",405671,
"2025-10-13 23:30:00",399281,
"2025-10-13 23:40:00",393151,
"2025-10-13 23:50:00",387579,
"2025-10-14 00:00:00",381187,533853
"2025-10-14 00:10:00",379531,
"2025-10-14 00:20:00",374780,
"2025-10-14 00:30:00",376625,
"2025-10-14 00:40:00",366091,
"2025-10-14 00:50:00",368087,
"2025-10-14 01:00:00",364805,533425
"2025-10-14 01:10:00",367956,
"2025-10-14 01:20:00",372867,
"2025-10-14 01:30:00",374284,
"2025-10-14 01:40:00",375889,
"2025-10-14 01:50:00",377256,
"2025-10-14 02:00:00",377493,533191
"2025-10-14 02:10:00",382717,
"2025-10-14 02:20:00",377418,
"2025-10-14 02:30:00",381210,
"2025-10-14 02:40:00",383854,
"2025-10-14 02:50:00",383291,
"2025-10-14 03:00:00",376965,533140
"2025-10-14 03:10:00",381547,
"2025-10-14 03:20:00",384487,
"2025-10-14 03:30:00",385418,
"2025-10-14 03:40:00",383949,
"2025-10-14 03:50:00",378800,
"2025-10-14 04:00:00",379197,533033
"2025-10-14 04:10:00",379871,
"2025-10-14 04:20:00",380077,
"2025-10-14 04:30:00",380131,
"2025-10-14 04:40:00",380657,
"2025-10-14 04:50:00",376835,
"2025-10-14 05:00:00",371074,533050
"2025-10-14 05:10:00",376152,
"2025-10-14 05:20:00",379272,
"2025-10-14 05:30:00",379818,
"2025-10-14 05:40:00",377483,
"2025-10-14 05:50:00",378139,
"2025-10-14 06:00:00",377557,532951
"2025-10-14 06:10:00",380908,
"2025-10-14 06:20:00",380818,
"2025-10-14 06:30:00",383760,
"2025-10-14 06:40:00",371265,
"2025-10-14 06:50:00",379128,
"2025-10-14 07:00:00",380095,532916
"2025-10-14 07:10:00",384870,
"2025-10-14 07:20:00",392465,
"2025-10-14 07:30:00",396939,
"2025-10-14 07:40:00",405078,
"2025-10-14 07:50:00",404171,
"2025-10-14 08:00:00",407967,532785
"2025-10-14 08:10:00",412649,
"2025-10-14 08:20:00",418371,
"2025-10-14 08:30:00",425025,
"2025-10-14 08:40:00",429471,
"2025-10-14 08:50:00",429891,
"2025-10-14 09:00:00",428599,532496
"2025-10-14 09:10:00",439251,
"2025-10-14 09:20:00",447910,
"2025-10-14 09:30:00",446268,
"2025-10-14 09:40:00",453281,
"2025-10-14 09:50:00",456426,
"2025-10-14 10:00:00",463049,532378
"2025-10-14 10:10:00",470768,
"2025-10-14 10:20:00",477032,
"2025-10-14 10:30:00",486612,
"2025-10-14 10:40:00",495036,
"2025-10-14 10:50:00",497804,
"2025-10-14 11:00:00",504030,531637
"2025-10-14 11:10:00",511354,
"2025-10-14 11:20:00",521302,
"2025-10-14 11:30:00",533706,
"2025-10-14 11:40:00",544075,
"2025-10-14 11:50:00",558541,
"2025-10-14 12:00:00",572725,531003
"2025-10-14 12:10:00",584565,
"2025-10-14 12:20:00",596602,
"2025-10-14 12:30:00",611084,
"2025-10-14 12:40:00",616840,
"2025-10-14 12:50:00",626342,
"2025-10-14 13:00:00",639287,530425
"2025-10-14 13:10:00",657534,
"2025-10-14 13:20:00",676197,
"2025-10-14 13:30:00",685403,
"2025-10-14 13:40:00",693172,
"2025-10-14 13:50:00",701627,
"2025-10-14 14:00:00",712364,530191
"2025-10-14 14:10:00",721324,
"2025-10-14 14:20:00",730548,
"2025-10-14 14:30:00",744478,
"2025-10-14 14:40:00",742669,
"2025-10-14 14:50:00",743460,
"2025-10-14 15:00:00",741843,529994
"2025-10-14 15:10:00",745426,
"2025-10-14 15:20:00",748925,
"2025-10-14 15:30:00",740017,
"2025-10-14 15:40:00",737807,
"2025-10-14 15:50:00",736159,
"2025-10-14 16:00:00",732829,529664
"2025-10-14 16:10:00",731042,
"2025-10-14 16:20:00",726246,
"2025-10-14 16:30:00",725881,
"2025-10-14 16:40:00",718586,
"2025-10-14 16:50:00",712423,
"2025-10-14 17:00:00",705256,528945
"2025-10-14 17:10:00",710380,
"2025-10-14 17:20:00",709780,
"2025-10-14 17:30:00",708945,
"2025-10-14 17:40:00",709229,
"2025-10-14 17:50:00",699411,
"2025-10-14 18:00:00",703343,528152
"2025-10-14 18:10:00",702382,
"2025-10-14 18:20:00",699992,
"2025-10-14 18:30:00",679818,
"2025-10-14 18:40:00",677158,
"2025-10-14 18:50:00",677598,
"2025-10-14 19:00:00",673167,527352
"2025-10-14 19:10:00",668054,
"2025-10-14 19:20:00",666769,
"2025-10-14 19:30:00",658923,
"2025-10-14 19:40:00",644865,
"2025-10-14 19:50:00",633314,
"2025-10-14 20:00:00",621259,526562
"2025-10-14 20:10:00",609490,
"2025-10-14 20:20:00",591682,
"2025-10-14 20:30:00",582880,
"2025-10-14 20:40:00",579050,
"2025-10-14 20:50:00",562103,
"2025-10-14 21:00:00",543753,526092
"2025-10-14 21:10:00",527725,
"2025-10-14 21:20:00",517338,
"2025-10-14 21:30:00",506455,
"2025-10-14 21:40:00",491356,
"2025-10-14 21:50:00",478914,
"2025-10-14 22:00:00",474227,525877
"2025-10-14 22:10:00",349696,
"2025-10-14 22:20:00",364366,
"2025-10-14 22:30:00",372891,
"2025-10-14 22:40:00",368295,
"2025-10-14 22:50:00",364912,
"2025-10-14 23:00:00",360304,524320
"2025-10-14 23:10:00",361917,
"2025-10-14 23:20:00",374314,
"2025-10-14 23:30:00",373171,
"2025-10-14 23:40:00",370081,
"2025-10-14 23:50:00",366024,
"2025-10-15 00:00:00",362237,523808
"2025-10-15 00:10:00",357145,
"2025-10-15 00:20:00",358016,
"2025-10-15 00:30:00",358467,
"2025-10-15 00:40:00",359166,
"2025-10-15 00:50:00",354854,
"2025-10-15 01:00:00",350255,523398
"2025-10-15 01:10:00",355350,
"2025-10-15 01:20:00",361470,
"2025-10-15 01:30:00",362693,
"2025-10-15 01:40:00",363816,
"2025-10-15 01:50:00",364241,
"2025-10-15 02:00:00",367376,523012
"2025-10-15 02:10:00",369793,
"2025-10-15 02:20:00",373504,
"2025-10-15 02:30:00",358637,
"2025-10-15 02:40:00",367619,
"2025-10-15 02:50:00",369050,
"2025-10-15 03:00:00",365790,522588
"2025-10-15 03:10:00",369797,
"2025-10-15 03:20:00",372896,
"2025-10-15 03:30:00",372945,
"2025-10-15 03:40:00",370991,
"2025-10-15 03:50:00",368189,
"2025-10-15 04:00:00",366944,522299
"2025-10-15 04:10:00",366302,
"2025-10-15 04:20:00",368591,
"2025-10-15 04:30:00",370597,
"2025-10-15 04:40:00",371116,
"2025-10-15 04:50:00",366957,
"2025-10-15 05:00:00",362487,521949
"2025-10-15 05:10:00",366656,
"2025-10-15 05:20:00",368616,
"2025-10-15 05:30:00",368043,
"2025-10-15 05:40:00",368106,
"2025-10-15 05:50:00",368097,
"2025-10-15 06:00:00",369514,521539
"2025-10-15 06:10:00",369163,
"2025-10-15 06:20:00",371041,
"2025-10-15 06:30:00",366660,
"2025-10-15 06:40:00",369345,
"2025-10-15 06:50:00",368265,
"2025-10-15 07:00:00",364819,520909
"2025-10-15 07:10:00",373290,
"2025-10-15 07:20:00",381127,
"2025-10-15 07:30:00",384469,
"2025-10-15 07:40:00",375863,
"2025-10-15 07:50:00",381250,
"2025-10-15 08:00:00",389495,520373
"2025-10-15 08:10:00",395353,
"2025-10-15 08:20:00",400526,
"2025-10-15 08:30:00",404330,
"2025-10-15 08:40:00",411515,
"2025-10-15 08:50:00",409946,
"2025-10-15 09:00:00",409012,519526
"2025-10-15 09:10:00",420519,
"2025-10-15 09:20:00",428635,
"2025-10-15 09:30:00",430653,
"2025-10-15 09:40:00",429989,
"2025-10-15 09:50:00",429038,
"2025-10-15 10:00:00",437064,518489
"2025-10-15 10:10:00",444803,
"2025-10-15 10:20:00",448645,
"2025-10-15 10:30:00",442141,
"2025-10-15 10:40:00",460114,
"2025-10-15 10:50:00",465284,
"2025-10-15 11:00:00",469535,518042
"2025-10-15 11:10:00",483437,
"2025-10-15 11:20:00",498178,
"2025-10-15 11:30:00",513028,
"2025-10-15 11:40:00",528826,
"2025-10-15 11:50:00",541506,
"2025-10-15 12:00:00",553928,517709
"2025-10-15 12:10:00",559947,
"2025-10-15 12:20:00",573808,
"2025-10-15 12:30:00",593406,
"2025-10-15 12:40:00",607090,
"2025-10-15 12:50:00",614419,
"2025-10-15 13:00:00",624347,517146
"2025-10-15 13:10:00",640343,
"2025-10-15 13:20:00",655068,
"2025-10-15 13:30:00",667807,
"2025-10-15 13:40:00",676842,
"2025-10-15 13:50:00",683242,
"2025-10-15 14:00:00",691656,516351
"2025-10-15 14:10:00",702382,
"2025-10-15 14:20:00",712833,
"2025-10-15 14:30:00",716025,
"2025-10-15 14:40:00",719904,
"2025-10-15 14:50:00",718245,
"2025-10-15 15:00:00",713081,515246
"2025-10-15 15:10:00",716374,
"2025-10-15 15:20:00",713527,
"2025-10-15 15:30:00",713728,
"2025-10-15 15:40:00",710764,
"2025-10-15 15:50:00",708284,
"2025-10-15 16:00:00",703430,514327
"2025-10-15 16:10:00",697489,
"2025-10-15 16:20:00",693968,
"2025-10-15 16:30:00",691988,
"2025-10-15 16:40:00",692088,
"2025-10-15 16:50:00",688613,
"2025-10-15 17:00:00",685497,513809
"2025-10-15 17:10:00",689240,
"2025-10-15 17:20:00",691986,
"2025-10-15 17:30:00",690201,
"2025-10-15 17:40:00",683890,
"2025-10-15 17:50:00",682955,
"2025-10-15 18:00:00",684322,513222
"2025-10-15 18:10:00",681506,
"2025-10-15 18:20:00",681090,
"2025-10-15 18:30:00",679006,
"2025-10-15 18:40:00",660410,
"2025-10-15 18:50:00",653879,
"2025-10-15 19:00:00",646758,512384
"2025-10-15 19:10:00",647393,
"2025-10-15 19:20:00",639604,
"2025-10-15 19:30:00",633783,
"2025-10-15 19:40:00",617016,
"2025-10-15 19:50:00",606648,
"2025-10-15 20:00:00",596879,511621
"2025-10-15 20:10:00",580632,
"2025-10-15 20:20:00",563962,
"2025-10-15 20:30:00",558402,
"2025-10-15 20:40:00",545124,
"2025-10-15 20:50:00",527896,
"2025-10-15 21:00:00",516202,510805
"2025-10-15 21:10:00",504607,
"2025-10-15 21:20:00",498406,
"2025-10-15 21:30:00",470880,
"2025-10-15 21:40:00",466119,
"2025-10-15 21:50:00",453750,
"2025-10-15 22:00:00",443586,509908
"2025-10-15 22:10:00",433078,
"2025-10-15 22:20:00",425142,
"2025-10-15 22:30:00",417540,
"2025-10-15 22:40:00",410588,
"2025-10-15 22:50:00",397646,
"2025-10-15 23:00:00",386574,510531
"2025-10-15 23:10:00",384081,
"2025-10-15 23:20:00",383816,
"2025-10-15 23:30:00",362300,
"2025-10-15 23:40:00",364779,
"2025-10-15 23:50:00",364325,
"2025-10-16 00:00:00",359221,510723
"2025-10-16 00:10:00",362340,
"2025-10-16 00:20:00",360839,
"2025-10-16 00:30:00",361142,
"2025-10-16 00:40:00",362727,
"2025-10-16 00:50:00",356931,
"2025-10-16 01:00:00",355682,510579
"2025-10-16 01:10:00",356542,
"2025-10-16 01:20:00",342871,
"2025-10-16 01:30:00",337521,
"2025-10-16 01:40:00",341389,
"2025-10-16 01:50:00",343529,
"2025-10-16 02:00:00",348763,510641
"2025-10-16 02:10:00",353694,
"2025-10-16 02:20:00",355112,
"2025-10-16 02:30:00",362074,
"2025-10-16 02:40:00",370267,
"2025-10-16 02:50:00",366047,
"2025-10-16 03:00:00",364302,510847
"2025-10-16 03:10:00",369121,
"2025-10-16 03:20:00",372975,
"2025-10-16 03:30:00",373261,
"2025-10-16 03:40:00",374315,
"2025-10-16 03:50:00",370351,
"2025-10-16 04:00:00",371351,511007
"2025-10-16 04:10:00",371990,
"2025-10-16 04:20:00",370134,
"2025-10-16 04:30:00",359824,
"2025-10-16 04:40:00",366089,
"2025-10-16 04:50:00",364859,
"2025-10-16 05:00:00",362275,511143
"2025-10-16 05:10:00",365239,
"2025-10-16 05:20:00",368405,
"2025-10-16 05:30:00",368725,
"2025-10-16 05:40:00",366887,
"2025-10-16 05:50:00",365154,
"2025-10-16 06:00:00",367372,511517
"2025-10-16 06:10:00",370162,
"2025-10-16 06:20:00",373120,
"2025-10-16 06:30:00",375257,
"2025-10-16 06:40:00",377399,
"2025-10-16 06:50:00",375074,
"2025-10-16 07:00:00",375130,511993
"2025-10-16 07:10:00",379446,
"2025-10-16 07:20:00",384113,
"2025-10-16 07:30:00",375171,
"2025-10-16 07:40:00",386404,
"2025-10-16 07:50:00",393793,
"2025-10-16 08:00:00",398642,512221
"2025-10-16 08:10:00",400905,
"2025-10-16 08:20:00",403961,
"2025-10-16 08:30:00",408960,
"2025-10-16 08:40:00",413380,
"2025-10-16 08:50:00",412243,
"2025-10-16 09:00:00",411823,512667
"2025-10-16 09:10:00",421841,
"2025-10-16 09:20:00",428704,
"2025-10-16 09:30:00",432547,
"2025-10-16 09:40:00",434238,
"2025-10-16 09:50:00",438315,
"2025-10-16 10:00:00",444291,513385
"2025-10-16 10:10:00",450791,
"2025-10-16 10:20:00",457921,
"2025-10-16 10:30:00",466852,
"2025-10-16 10:40:00",477627,
"2025-10-16 10:50:00",481676,
"2025-10-16 11:00:00",487396,513821
"2025-10-16 11:10:00",502580,
"2025-10-16 11:20:00",517222,
"2025-10-16 11:30:00",526110,
"2025-10-16 11:40:00",540393,
"2025-10-16 11:50:00",550086,
"2025-10-16 12:00:00",563872,514148
"2025-10-16 12:10:00",577268,
"2025-10-16 12:20:00",589466,
"2025-10-16 12:30:00",589662,
"2025-10-16 12:40:00",610372,
"2025-10-16 12:50:00",622167,
"2025-10-16 13:00:00",630871,514396
"2025-10-16 13:10:00",648337,
"2025-10-16 13:20:00",662183,
"2025-10-16 13:30:00",671250,
"2025-10-16 13:40:00",682010,
"2025-10-16 13:50:00",688792,
"2025-10-16 14:00:00",698695,514507
"2025-10-16 14:10:00",705996,
"2025-10-16 14:20:00",702467,
"2025-10-16 14:30:00",715478,
"2025-10-16 14:40:00",721079,
"2025-10-16 14:50:00",716897,
"2025-10-16 15:00:00",712906,515100
"2025-10-16 15:10:00",721410,
"2025-10-16 15:20:00",727884,
"2025-10-16 15:30:00",728859,
"2025-10-16 15:40:00",725144,
"2025-10-16 15:50:00",721546,
"2025-10-16 16:00:00",719491,515866
"2025-10-16 16:10:00",715160,
"2025-10-16 16:20:00",711046,
"2025-10-16 16:30:00",707872,
"2025-10-16 16:40:00",707081,
"2025-10-16 16:50:00",703647,
"2025-10-16 17:00:00",701051,516442
"2025-10-16 17:10:00",700618,
"2025-10-16 17:20:00",701812,
"2025-10-16 17:30:00",699694,
"2025-10-16 17:40:00",694758,
"2025-10-16 17:50:00",692595,
"2025-10-16 18:00:00",692250,516965
"2025-10-16 18:10:00",688099,
"2025-10-16 18:20:00",688187,
"2025-10-16 18:30:00",668316,
"2025-10-16 18:40:00",674392,
"2025-10-16 18:50:00",667755,
"2025-10-16 19:00:00",659601,517581
"2025-10-16 19:10:00",654458,
"2025-10-16 19:20:00",652207,
"2025-10-16 19:30:00",645440,
"2025-10-16 19:40:00",639623,
"2025-10-16 19:50:00",629037,
"2025-10-16 20:00:00",618095,518596
"2025-10-16 20:10:00",610554,
"2025-10-16 20:20:00",600682,
"2025-10-16 20:30:00",587157,
"2025-10-16 20:40:00",574944,
"2025-10-16 20:50:00",560540,
"2025-10-16 21:00:00",542221,519871
"2025-10-16 21:10:00",529164,
"2025-10-16 21:20:00",527101,
"2025-10-16 21:30:00",500272,
"2025-10-16 21:40:00",490233,
"2025-10-16 21:50:00",482726,
"2025-10-16 22:00:00",473709,521086
"2025-10-16 22:10:00",460671,
"2025-10-16 22:20:00",454341,
"2025-10-16 22:30:00",444756,
"2025-10-16 22:40:00",436873,
"2025-10-16 22:50:00",426802,
"2025-10-16 23:00:00",414241,522385
"2025-10-16 23:10:00",403179,
"2025-10-16 23:20:00",404698,
"2025-10-16 23:30:00",399851,
"2025-10-16 23:40:00",380705,
"2025-10-16 23:50:00",382645,
"2025-10-17 00:00:00",383491,523321
"2025-10-17 00:10:00",378112,
"2025-10-17 00:20:00",380582,
"2025-10-17 00:30:00",380833,
"2025-10-17 00:40:00",381022,
"2025-10-17 00:50:00",373746,
"2025-10-17 01:00:00",371648,524464
"2025-10-17 01:10:00",370589,
"2025-10-17 01:20:00",378911,
"2025-10-17 01:30:00",383007,
"2025-10-17 01:40:00",385116,
"2025-10-17 01:50:00",385138,
"2025-10-17 02:00:00",386874,525454
"2025-10-17 02:10:00",388829,
"2025-10-17 02:20:00",393373,
"2025-10-17 02:30:00",394962,
"2025-10-17 02:40:00",396791,
"2025-10-17 02:50:00",384856,
"2025-10-17 03:00:00",387447,526354
"2025-10-17 03:10:00",389465,
"2025-10-17 03:20:00",394679,
"2025-10-17 03:30:00",396278,
"2025-10-17 03:40:00",396804,
"2025-10-17 03:50:00",394842,
"2025-10-17 04:00:00",395425,527306
"2025-10-17 04:10:00",394990,
"2025-10-17 04:20:00",393343,
"2025-10-17 04:30:00",394444,
"2025-10-17 04:40:00",394900,
"2025-10-17 04:50:00",391659,
"2025-10-17 05:00:00",387214,528422
"2025-10-17 05:10:00",389076,
"2025-10-17 05:20:00",393818,
"2025-10-17 05:30:00",395119,
"2025-10-17 05:40:00",383260,
"2025-10-17 05:50:00",386998,
"2025-10-17 06:00:00",392313,529639
"2025-10-17 06:10:00",396304,
"2025-10-17 06:20:00",398698,
"2025-10-17 06:30:00",401661,
"2025-10-17 06:40:00",403919,
"2025-10-17 06:50:00",402752,
"2025-10-17 07:00:00",403412,531034
"2025-10-17 07:10:00",412199,
"2025-10-17 07:20:00",419971,
"2025-10-17 07:30:00",422993,
"2025-10-17 07:40:00",419908,
"2025-10-17 07:50:00",418980,
"2025-10-17 08:00:00",429811,532629
"2025-10-17 08:10:00",433954,
"2025-10-17 08:20:00",441325,
"2025-10-17 08:30:00",443601,
"2025-10-17 08:40:00",445167,
"2025-10-17 08:50:00",444442,
"2025-10-17 09:00:00",444113,534047
"2025-10-17 09:10:00",449091,
"2025-10-17 09:20:00",457728,
"2025-10-17 09:30:00",460645,
"2025-10-17 09:40:00",460495,
"2025-10-17 09:50:00",464415,
"2025-10-17 10:00:00",471580,535479
"2025-10-17 10:10:00",479691,
"2025-10-17 10:20:00",488483,
"2025-10-17 10:30:00",481118,
"2025-10-17 10:40:00",496526,
"2025-10-17 10:50:00",507235,
"2025-10-17 11:00:00",512067,536369
"2025-10-17 11:10:00",524002,
"2025-10-17 11:20:00",538171,
"2025-10-17 11:30:00",543796,
"2025-10-17 11:40:00",554740,
"2025-10-17 11:50:00",562813,
"2025-10-17 12:00:00",578358,537293
"2025-10-17 12:10:00",592780,
"2025-10-17 12:20:00",607700,
"2025-10-17 12:30:00",620807,
"2025-10-17 12:40:00",628343,
"2025-10-17 12:50:00",634929,
"2025-10-17 13:00:00",645281,538251
"2025-10-17 13:10:00",660669,
"2025-10-17 13:20:00",676051,
"2025-10-17 13:30:00",687045,
"2025-10-17 13:40:00",697812,
"2025-10-17 13:50:00",704993,
"2025-10-17 14:00:00",717737,539660
"2025-10-17 14:10:00",725513,
"2025-10-17 14:20:00",736714,
"2025-10-17 14:30:00",744487,
"2025-10-17 14:40:00",750564,
"2025-10-17 14:50:00",750614,
"2025-10-17 15:00:00",750488,541311
"2025-10-17 15:10:00",757590,
"2025-10-17 15:20:00",762710,
"2025-10-17 15:30:00",765198,
"2025-10-17 15:40:00",766441,
"2025-10-17 15:50:00",764549,
"2025-10-17 16:00:00",763325,543172
"2025-10-17 16:10:00",761548,
"2025-10-17 16:20:00",762866,
"2025-10-17 16:30:00",755700,
"2025-10-17 16:40:00",757212,
"2025-10-17 16:50:00",752607,
"2025-10-17 17:00:00",745310,545135
"2025-10-17 17:10:00",746182,
"2025-10-17 17:20:00",748969,
"2025-10-17 17:30:00",748482,
"2025-10-17 17:40:00",746123,
"2025-10-17 17:50:00",730110,
"2025-10-17 18:00:00",727706,546694
"2025-10-17 18:10:00",729391,
"2025-10-17 18:20:00",729255,
"2025-10-17 18:30:00",727103,
"2025-10-17 18:40:00",726260,
"2025-10-17 18:50:00",716851,
"2025-10-17 19:00:00",709439,548822
"2025-10-17 19:10:00",709589,
"2025-10-17 19:20:00",710502,
"2025-10-17 19:30:00",707959,
"2025-10-17 19:40:00",702161,
"2025-10-17 19:50:00",693506,
"2025-10-17 20:00:00",685162,551529
"2025-10-17 20:10:00",675360,
"2025-10-17 20:20:00",634786,
"2025-10-17 20:30:00",594003,
"2025-10-17 20:40:00",597108,
"2025-10-17 20:50:00",575064,
"2025-10-17 21:00:00",570436,552838
"2025-10-17 21:10:00",569621,
"2025-10-17 21:20:00",572195,
"2025-10-17 21:30:00",568212,
"2025-10-17 21:40:00",560319,
"2025-10-17 21:50:00",546310,
"2025-10-17 22:00:00",535547,555527
"2025-10-17 22:10:00",519547,
"2025-10-17 22:20:00",505852,
"2025-10-17 22:30:00",497267,
"2025-10-17 22:40:00",485679,
"2025-10-17 22:50:00",470653,
"2025-10-17 23:00:00",455895,557301
"2025-10-17 23:10:00",448009,
"2025-10-17 23:20:00",445792,
"2025-10-17 23:30:00",437736,
"2025-10-17 23:40:00",429384,
"2025-10-17 23:50:00",418301,
"2025-10-18 00:00:00",410853,558501
"2025-10-18 00:10:00",404436,
"2025-10-18 00:20:00",400974,
"2025-10-18 00:30:00",397531,
"2025-10-18 00:40:00",394634,
"2025-10-18 00:50:00",388539,
"2025-10-18 01:00:00",384887,559115
"2025-10-18 01:10:00",391047,
"2025-10-18 01:20:00",393954,
"2025-10-18 01:30:00",382909,
"2025-10-18 01:40:00",394706,
"2025-10-18 01:50:00",397835,
"2025-10-18 02:00:00",404138,560055
"2025-10-18 02:10:00",408788,
"2025-10-18 02:20:00",412738,
"2025-10-18 02:30:00",414491,
"2025-10-18 02:40:00",420032,
"2025-10-18 02:50:00",415880,
"2025-10-18 03:00:00",417349,561120
"2025-10-18 03:10:00",419681,
"2025-10-18 03:20:00",423611,
"2025-10-18 03:30:00",399316,
"2025-10-18 03:40:00",406702,
"2025-10-18 03:50:00",411702,
"2025-10-18 04:00:00",418840,562627
"2025-10-18 04:10:00",420351,
"2025-10-18 04:20:00",425753,
"2025-10-18 04:30:00",429219,
"2025-10-18 04:40:00",433270,
"2025-10-18 04:50:00",430431,
"2025-10-18 05:00:00",432258,564865
"2025-10-18 05:10:00",439917,
"2025-10-18 05:20:00",444927,
"2025-10-18 05:30:00",446825,
"2025-10-18 05:40:00",451834,
"2025-10-18 05:50:00",452191,
"2025-10-18 06:00:00",458278,567763
"2025-10-18 06:10:00",463605,
"2025-10-18 06:20:00",468698,
"2025-10-18 06:30:00",459169,
"2025-10-18 06:40:00",474515,
"2025-10-18 06:50:00",477607,
"2025-10-18 07:00:00",482411,571534
"2025-10-18 07:10:00",493279,
"2025-10-18 07:20:00",500060,
"2025-10-18 07:30:00",506765,
"2025-10-18 07:40:00",514279,
"2025-10-18 07:50:00",519112,
"2025-10-18 08:00:00",524788,575650
"2025-10-18 08:10:00",532285,
"2025-10-18 08:20:00",538449,
"2025-10-18 08:30:00",541785,
"2025-10-18 08:40:00",549437,
"2025-10-18 08:50:00",548730,
"2025-10-18 09:00:00",553112,580128
"2025-10-18 09:10:00",562491,
"2025-10-18 09:20:00",569042,
"2025-10-18 09:30:00",572046,
"2025-10-18 09:40:00",577083,
"2025-10-18 09:50:00",577589,
"2025-10-18 10:00:00",584079,584141
"2025-10-18 10:10:00",591128,
"2025-10-18 10:20:00",596639,
"2025-10-18 10:30:00",599329,
"2025-10-18 10:40:00",597104,
"2025-10-18 10:50:00",608014,
"2025-10-18 11:00:00",618592,588516
"2025-10-18 11:10:00",633130,
"2025-10-18 11:20:00",644295,
"2025-10-18 11:30:00",654781,
"2025-10-18 11:40:00",662017,
"2025-10-18 11:50:00",672635,
"2025-10-18 12:00:00",684481,592204
"2025-10-18 12:10:00",692383,
"2025-10-18 12:20:00",705288,
"2025-10-18 12:30:00",714384,
"2025-10-18 12:40:00",723315,
"2025-10-18 12:50:00",726982,
"2025-10-18 13:00:00",735252,595618
"2025-10-18 13:10:00",750639,
"2025-10-18 13:20:00",761922,
"2025-10-18 13:30:00",770479,
"2025-10-18 13:40:00",779729,
"2025-10-18 13:50:00",789525,
"2025-10-18 14:00:00",798776,598560
"2025-10-18 14:10:00",807582,
"2025-10-18 14:20:00",813863,
"2025-10-18 14:30:00",819421,
"2025-10-18 14:40:00",823918,
"2025-10-18 14:50:00",822463,
"2025-10-18 15:00:00",824137,601278
"2025-10-18 15:10:00",830889,
"2025-10-18 15:20:00",835709,
"2025-10-18 15:30:00",834145,
"2025-10-18 15:40:00",834104,
"2025-10-18 15:50:00",831945,
"2025-10-18 16:00:00",828243,603766
"2025-10-18 16:10:00",824986,
"2025-10-18 16:20:00",825418,
"2025-10-18 16:30:00",821458,
"2025-10-18 16:40:00",818786,
"2025-10-18 16:50:00",808055,
"2025-10-18 17:00:00",801554,605937
"2025-10-18 17:10:00",806118,
"2025-10-18 17:20:00",807247,
"2025-10-18 17:30:00",805066,
"2025-10-18 17:40:00",798133,
"2025-10-18 17:50:00",797068,
"2025-10-18 18:00:00",799222,608521
"2025-10-18 18:10:00",801226,
"2025-10-18 18:20:00",797419,
"2025-10-18 18:30:00",794235,
"2025-10-18 18:40:00",792815,
"2025-10-18 18:50:00",785479,
"2025-10-18 19:00:00",776482,610870
"2025-10-18 19:10:00",776598,
"2025-10-18 19:20:00",774820,
"2025-10-18 19:30:00",770501,
"2025-10-18 19:40:00",764912,
"2025-10-18 19:50:00",756521,
"2025-10-18 20:00:00",749529,613102
"2025-10-18 20:10:00",742308,
"2025-10-18 20:20:00",734014,
"2025-10-18 20:30:00",725730,
"2025-10-18 20:40:00",715967,
"2025-10-18 20:50:00",698526,
"2025-10-18 21:00:00",681689,617040
"2025-10-18 21:10:00",672679,
"2025-10-18 21:20:00",663974,
"2025-10-18 21:30:00",649785,
"2025-10-18 21:40:00",639479,
"2025-10-18 21:50:00",622113,
"2025-10-18 22:00:00",608339,619522
"2025-10-18 22:10:00",597640,
"2025-10-18 22:20:00",586182,
"2025-10-18 22:30:00",552448,
"2025-10-18 22:40:00",548107,
"2025-10-18 22:50:00",536092,
"2025-10-18 23:00:00",520462,621714
"2025-10-18 23:10:00",513215,
"2025-10-18 23:20:00",509705,
"2025-10-18 23:30:00",501586,
"2025-10-18 23:40:00",487488,
"2025-10-18 23:50:00",477917,
"2025-10-19 00:00:00",467998,623694
"2025-10-19 00:10:00",460639,
"2025-10-19 00:20:00",456179,
"2025-10-19 00:30:00",448558,
"2025-10-19 00:40:00",445956,
"2025-10-19 00:50:00",438574,
"2025-10-19 01:00:00",433571,625083
"2025-10-19 01:10:00",436334,
"2025-10-19 01:20:00",435967,
"2025-10-19 01:30:00",438031,
"2025-10-19 01:40:00",429332,
"2025-10-19 01:50:00",437581,
"2025-10-19 02:00:00",439107,626457
"2025-10-19 02:10:00",444959,
"2025-10-19 02:20:00",451127,
"2025-10-19 02:30:00",456068,
"2025-10-19 02:40:00",458299,
"2025-10-19 02:50:00",451071,
"2025-10-19 03:00:00",451965,628051
"2025-10-19 03:10:00",462455,
"2025-10-19 03:20:00",467300,
"2025-10-19 03:30:00",462416,
"2025-10-19 03:40:00",462239,
"2025-10-19 03:50:00",468423,
"2025-10-19 04:00:00",469700,629644
"2025-10-19 04:10:00",470630,
"2025-10-19 04:20:00",476481,
"2025-10-19 04:30:00",473864,
"2025-10-19 04:40:00",478617,
"2025-10-19 04:50:00",478829,
"2025-10-19 05:00:00",480795,631507
"2025-10-19 05:10:00",488712,
"2025-10-19 05:20:00",496683,
"2025-10-19 05:30:00",494798,
"2025-10-19 05:40:00",495503,
"2025-10-19 05:50:00",505089,
"2025-10-19 06:00:00",511433,633526
"2025-10-19 06:10:00",517644,
"2025-10-19 06:20:00",525497,
"2025-10-19 06:30:00",533214,
"2025-10-19 06:40:00",534531,
"2025-10-19 06:50:00",535683,
"2025-10-19 07:00:00",541054,635840
"2025-10-19 07:10:00",553766,
"2025-10-19 07:20:00",564710,
"2025-10-19 07:30:00",567744,
"2025-10-19 07:40:00",575970,
"2025-10-19 07:50:00",585321,
"2025-10-19 08:00:00",592170,638351
"2025-10-19 08:10:00",601384,
"2025-10-19 08:20:00",606866,
"2025-10-19 08:30:00",611635,
"2025-10-19 08:40:00",620714,
"2025-10-19 08:50:00",621150,
"2025-10-19 09:00:00",625547,640883
"2025-10-19 09:10:00",636155,
"2025-10-19 09:20:00",642748,
"2025-10-19 09:30:00",646160,
"2025-10-19 09:40:00",649625,
"2025-10-19 09:50:00",649948,
"2025-10-19 10:00:00",655320,643594
"2025-10-19 10:10:00",663880,
"2025-10-19 10:20:00",671545,
"2025-10-19 10:30:00",678307,
"2025-10-19 10:40:00",684094,
"2025-10-19 10:50:00",684589,
"2025-10-19 11:00:00",694855,646210
"2025-10-19 11:10:00",708720,
"2025-10-19 11:20:00",718872,
"2025-10-19 11:30:00",724119,
"2025-10-19 11:40:00",735056,
"2025-10-19 11:50:00",746014,
"2025-10-19 12:00:00",759418,649010
"2025-10-19 12:10:00",770679,
"2025-10-19 12:20:00",780166,
"2025-10-19 12:30:00",788671,
"2025-10-19 12:40:00",800297,
"2025-10-19 12:50:00",804002,
"2025-10-19 13:00:00",811486,651368
"2025-10-19 13:10:00",825682,
"2025-10-19 13:20:00",833879,
"2025-10-19 13:30:00",842083,
"2025-10-19 13:40:00",851596,
"2025-10-19 13:50:00",854127,
"2025-10-19 14:00:00",858940,652911
"2025-10-19 14:10:00",863836,
"2025-10-19 14:20:00",865886,
"2025-10-19 14:30:00",866394,
"2025-10-19 14:40:00",866204,
"2025-10-19 14:50:00",859715,
"2025-10-19 15:00:00",855652,653677
"2025-10-19 15:10:00",857484,
"2025-10-19 15:20:00",855484,
"2025-10-19 15:30:00",851128,
"2025-10-19 15:40:00",843168,
"2025-10-19 15:50:00",834020,
"2025-10-19 16:00:00",828516,653628
"2025-10-19 16:10:00",823188,
"2025-10-19 16:20:00",815796,
"2025-10-19 16:30:00",803404,
"2025-10-19 16:40:00",785243,
"2025-10-19 16:50:00",775867,
"2025-10-19 17:00:00",767532,652074
"2025-10-19 17:10:00",768825,
"2025-10-19 17:20:00",768482,
"2025-10-19 17:30:00",766718,
"2025-10-19 17:40:00",764510,
"2025-10-19 17:50:00",758780,
"2025-10-19 18:00:00",754306,650268
"2025-10-19 18:10:00",752933,
"2025-10-19 18:20:00",750364,
"2025-10-19 18:30:00",746650,
"2025-10-19 18:40:00",728488,
"2025-10-19 18:50:00",719809,
"2025-10-19 19:00:00",708332,647613
"2025-10-19 19:10:00",706126,
"2025-10-19 19:20:00",699942,
"2025-10-19 19:30:00",685390,
"2025-10-19 19:40:00",677087,
"2025-10-19 19:50:00",673103,
"2025-10-19 20:00:00",660035,644132
"2025-10-19 20:10:00",648705,
"2025-10-19 20:20:00",638745,
"2025-10-19 20:30:00",609353,
"2025-10-19 20:40:00",600223,
"2025-10-19 20:50:00",589390,
"2025-10-19 21:00:00",573395,639887
"2025-10-19 21:10:00",565185,
"2025-10-19 21:20:00",556958,
"2025-10-19 21:30:00",543088,
"2025-10-19 21:40:00",530600,
"2025-10-19 21:50:00",516754,
"2025-10-19 22:00:00",504001,635783
"2025-10-19 22:10:00",494262,
"2025-10-19 22:20:00",485272,
"2025-10-19 22:30:00",475958,
"2025-10-19 22:40:00",466623,
"2025-10-19 22:50:00",452277,
"2025-10-19 23:00:00",437811,632538
"2025-10-19 23:10:00",436814,
"2025-10-19 23:20:00",433268,
"2025-10-19 23:30:00",423965,
"2025-10-19 23:40:00",418289,
"2025-10-19 23:50:00",412036,
"2025-10-20 00:00:00",406121,630127
"2025-10-20 00:10:00",404166,
"2025-10-20 00:20:00",400263,
"2025-10-20 00:30:00",397747,
"2025-10-20 00:40:00",395139,
"2025-10-20 00:50:00",388696,
"2025-10-20 01:00:00",385334,628710
"2025-10-20 01:10:00",392603,
"2025-10-20 01:20:00",395372,
"2025-10-20 01:30:00",394680,
"2025-10-20 01:40:00",395333,
"2025-10-20 01:50:00",393272,
"2025-10-20 02:00:00",394495,626554
"2025-10-20 02:10:00",395370,
"2025-10-20 02:20:00",394111,
"2025-10-20 02:30:00",387911,
"2025-10-20 02:40:00",397142,
"2025-10-20 02:50:00",394244,
"2025-10-20 03:00:00",385939,623725
"2025-10-20 03:10:00",390064,
"2025-10-20 03:20:00",390860,
"2025-10-20 03:30:00",390554,
"2025-10-20 03:40:00",390052,
"2025-10-20 03:50:00",387318,
"2025-10-20 04:00:00",384826,620331
"2025-10-20 04:10:00",384848,
"2025-10-20 04:20:00",387122,
"2025-10-20 04:30:00",387334,
"2025-10-20 04:40:00",385749,
"2025-10-20 04:50:00",381521,
"2025-10-20 05:00:00",377022,615857
"2025-10-20 05:10:00",385296,
"2025-10-20 05:20:00",387159,
"2025-10-20 05:30:00",375555,
"2025-10-20 05:40:00",383799,
"2025-10-20 05:50:00",384936,
"2025-10-20 06:00:00",386944,610557
"2025-10-20 06:10:00",390233,
"2025-10-20 06:20:00",395977,
"2025-10-20 06:30:00",396303,
"2025-10-20 06:40:00",397713,
"2025-10-20 06:50:00",394814,
"2025-10-20 07:00:00",398197,604452
"2025-10-20 07:10:00",407081,
"2025-10-20 07:20:00",415644,
"2025-10-20 07:30:00",420235,
"2025-10-20 07:40:00",423309,
"2025-10-20 07:50:00",428342,
"2025-10-20 08:00:00",433840,597725
"2025-10-20 08:10:00",440245,
"2025-10-20 08:20:00",443935,
"2025-10-20 08:30:00",447360,
"2025-10-20 08:40:00",450355,
"2025-10-20 08:50:00",447611,
"2025-10-20 09:00:00",448365,590663
"2025-10-20 09:10:00",458265,
"2025-10-20 09:20:00",461578,
"2025-10-20 09:30:00",453248,
"2025-10-20 09:40:00",466016,
"2025-10-20 09:50:00",472114,
"2025-10-20 10:00:00",476970,583626
"2025-10-20 10:10:00",484942,
"2025-10-20 10:20:00",492048,
"2025-10-20 10:30:00",498673,
"2025-10-20 10:40:00",507869,
"2025-10-20 10:50:00",508599,
"2025-10-20 11:00:00",516081,576747
"2025-10-20 11:10:00",533322,
"2025-10-20 11:20:00",538854,
"2025-10-20 11:30:00",545139,
"2025-10-20 11:40:00",565118,
"2025-10-20 11:50:00",575550,
"2025-10-20 12:00:00",587337,570237
"2025-10-20 12:10:00",598795,
"2025-10-20 12:20:00",613645,
"2025-10-20 12:30:00",627997,
"2025-10-20 12:40:00",638732,
"2025-10-20 12:50:00",645206,
"2025-10-20 13:00:00",656519,564480
"2025-10-20 13:10:00",677797,
"2025-10-20 13:20:00",693314,
"2025-10-20 13:30:00",698527,
"2025-10-20 13:40:00",710395,
"2025-10-20 13:50:00",716358,
"2025-10-20 14:00:00",724454,559211
"2025-10-20 14:10:00",735359,
"2025-10-20 14:20:00",737295,
"2025-10-20 14:30:00",735217,
"2025-10-20 14:40:00",742832,
"2025-10-20 14:50:00",743244,
"2025-10-20 15:00:00",742755,554505
"2025-10-20 15:10:00",749188,
"2025-10-20 15:20:00",739946,
"2025-10-20 15:30:00",738477,
"2025-10-20 15:40:00",742200,
"2025-10-20 15:50:00",739980,
"2025-10-20 16:00:00",736083,550432
"2025-10-20 16:10:00",733358,
"2025-10-20 16:20:00",732095,
"2025-10-20 16:30:00",730277,
"2025-10-20 16:40:00",721977,
"2025-10-20 16:50:00",710165,
"2025-10-20 17:00:00",712870,548397
"2025-10-20 17:10:00",720690,
"2025-10-20 17:20:00",724457,
"2025-10-20 17:30:00",725599,
"2025-10-20 17:40:00",724467,
"2025-10-20 17:50:00",717037,
"2025-10-20 18:00:00",713007,546490
"2025-10-20 18:10:00",713926,
"2025-10-20 18:20:00",712245,
"2025-10-20 18:30:00",699996,
"2025-10-20 18:40:00",704847,
"2025-10-20 18:50:00",698750,
"2025-10-20 19:00:00",686562,545373
"2025-10-20 19:10:00",686797,
"2025-10-20 19:20:00",682803,
"2025-10-20 19:30:00",668133,
"2025-10-20 19:40:00",663497,
"2025-10-20 19:50:00",650156,
"2025-10-20 20:00:00",637207,544237
"2025-10-20 20:10:00",625499,
"2025-10-20 20:20:00",605424,
"2025-10-20 20:30:00",588955,
"2025-10-20 20:40:00",582309,
"2025-10-20 20:50:00",565776,
"2025-10-20 21:00:00",544598,542917
"2025-10-20 21:10:00",534780,
"2025-10-20 21:20:00",527744,
"2025-10-20 21:30:00",514230,
"2025-10-20 21:40:00",501900,
"2025-10-20 21:50:00",484492,
"2025-10-20 22:00:00",471720,541574
"2025-10-20 22:10:00",462717,
"2025-10-20 22:20:00",452985,
"2025-10-20 22:30:00",443453,
"2025-10-20 22:40:00",434571,
"2025-10-20 22:50:00",419932,
"2025-10-20 23:00:00",406433,540362
"2025-10-20 23:10:00",406195,540362
"2025-10-20 23:20:00",394968,
"2025-10-20 23:30:00",398933,
"2025-10-20 23:40:00",380399,
"2025-10-20 23:50:00",380476,