"DateTime","Players","Average Players"
"2025-09-20 00:00:00",6572,8603
"2025-09-20 01:00:00",6585,8839
"2025-09-20 02:00:00",6735,9065
"2025-09-20 03:00:00",6706,9290
"2025-09-20 04:00:00",6592,9515
"2025-09-20 05:00:00",6127,9737
"2025-09-20 06:00:00",5731,9964
"2025-09-20 07:00:00",5390,10178
"2025-09-20 08:00:00",5456,10384
"2025-09-20 09:00:00",5593,10593
"2025-09-20 10:00:00",5987,10812
"2025-09-20 11:00:00",6391,11033
"2025-09-20 12:00:00",7049,11270
"2025-09-20 13:00:00",8048,11528
"2025-09-20 14:00:00",9049,11799
"2025-09-20 15:00:00",9824,12095
"2025-09-20 16:00:00",10308,12406
"2025-09-20 17:00:00",11305,12737
"2025-09-20 18:00:00",12258,13075
"2025-09-20 19:00:00",12768,13411
"2025-09-20 20:00:00",13243,13746
"2025-09-20 21:00:00",13220,14062
"2025-09-20 22:00:00",12978,14370
"2025-09-20 23:00:00",12553,14645
"2025-09-21 00:00:00",12306,14895
"2025-09-21 01:00:00",12094,15123
"2025-09-21 02:00:00",12244,15336
"2025-09-21 03:00:00",12214,15531
"2025-09-21 04:00:00",12075,15706
"2025-09-21 05:00:00",11735,15819
"2025-09-21 06:00:00",11078,15878
"2025-09-21 07:00:00",10537,15900
"2025-09-21 08:00:00",10686,15905
"2025-09-21 09:00:00",11058,15917
"2025-09-21 10:00:00",11527,15942
"2025-09-21 11:00:00",12317,15982
"2025-09-21 12:00:00",13453,16035
"2025-09-21 13:00:00",14764,16098
"2025-09-21 14:00:00",16376,16171
"2025-09-21 15:00:00",17519,16244
"2025-09-21 16:00:00",18493,16336
"2025-09-21 17:00:00",19639,16443
"2025-09-21 18:00:00",20568,16550
"2025-09-21 19:00:00",21047,16670
"2025-09-21 20:00:00",21068,16807
"2025-09-21 21:00:00",20896,16945
"2025-09-21 22:00:00",19853,17078
"2025-09-21 23:00:00",18779,17215
"2025-09-22 00:00:00",17970,17371
"2025-09-22 01:00:00",17401,17558
"2025-09-22 02:00:00",17105,17776
"2025-09-22 03:00:00",16575,18006
"2025-09-22 04:00:00",14872,18223
"2025-09-22 05:00:00",13195,18416
"2025-09-22 06:00:00",11622,18571
"2025-09-22 07:00:00",10614,18714
"2025-09-22 08:00:00",10918,18853
"2025-09-22 09:00:00",11594,18976
"2025-09-22 10:00:00",12415,19098
"2025-09-22 11:00:00",13500,19223
"2025-09-22 12:00:00",14842,19352
"2025-09-22 13:00:00",16359,19490
"2025-09-22 14:00:00",17951,19640
"2025-09-22 15:00:00",19531,19800
"2025-09-22 16:00:00",20835,19984
"2025-09-22 17:00:00",21981,20176
"2025-09-22 18:00:00",23236,20363
"2025-09-22 19:00:00",24136,20577
"2025-09-22 20:00:00",24198,20789
"2025-09-22 21:00:00",23924,21002
"2025-09-22 22:00:00",23044,21213
"2025-09-22 23:00:00",22471,21428
"2025-09-23 00:00:00",22474,21637
"2025-09-23 01:00:00",22728,21850
"2025-09-23 02:00:00",22772,22064
"2025-09-23 03:00:00",22038,22259
"2025-09-23 04:00:00",19834,22434
"2025-09-23 05:00:00",17263,22604
"2025-09-23 06:00:00",15406,22751
"2025-09-23 07:00:00",14300,22855
"2025-09-23 08:00:00",14182,22938
"2025-09-23 09:00:00",14783,23015
"2025-09-23 10:00:00",15692,23103
"2025-09-23 11:00:00",16852,23193
"2025-09-23 12:00:00",18419,23306
"2025-09-23 13:00:00",20261,23438
"2025-09-23 14:00:00",22085,23589
"2025-09-23 15:00:00",24272,23755
"2025-09-23 16:00:00",25785,23928
"2025-09-23 17:00:00",26797,24126
"2025-09-23 18:00:00",28709,24367
"2025-09-23 19:00:00",29544,24624
"2025-09-23 20:00:00",29670,24882
"2025-09-23 21:00:00",29338,25138
"2025-09-23 22:00:00",28510,25392
"2025-09-23 23:00:00",27686,25602
"2025-09-24 00:00:00",27727,25798
"2025-09-24 01:00:00",27953,25976
"2025-09-24 02:00:00",27536,26138
"2025-09-24 03:00:00",26296,26297
"2025-09-24 04:00:00",24078,26435
"2025-09-24 05:00:00",20924,26556
"2025-09-24 06:00:00",17915,26659
"2025-09-24 07:00:00",16278,26759
"2025-09-24 08:00:00",16018,26867
"2025-09-24 09:00:00",16895,27000
"2025-09-24 10:00:00",17849,27135
"2025-09-24 11:00:00",19602,27292
"2025-09-24 12:00:00",21634,27469
"2025-09-24 13:00:00",23969,27658
"2025-09-24 14:00:00",26110,27867
"2025-09-24 15:00:00",28476,28117
"2025-09-24 16:00:00",30658,28390
"2025-09-24 17:00:00",32774,28639
"2025-09-24 18:00:00",35136,28873
"2025-09-24 19:00:00",35957,29095
"2025-09-24 20:00:00",36077,29343
"2025-09-24 21:00:00",35686,29594
"2025-09-24 22:00:00",33651,29842
"2025-09-24 23:00:00",32468,30103
"2025-09-25 00:00:00",32015,30352
"2025-09-25 01:00:00",31857,30573
"2025-09-25 02:00:00",31432,30758
"2025-09-25 03:00:00",29611,30931
"2025-09-25 04:00:00",27013,31113
"2025-09-25 05:00:00",23529,31301
"2025-09-25 06:00:00",20517,31483
"2025-09-25 07:00:00",19147,31659
"2025-09-25 08:00:00",19529,31825
"2025-09-25 09:00:00",20487,31980
"2025-09-25 10:00:00",21926,32133
"2025-09-25 11:00:00",24174,32297
"2025-09-25 12:00:00",26478,32488
"2025-09-25 13:00:00",29316,32696
"2025-09-25 14:00:00",32589,32932
"2025-09-25 15:00:00",35484,33189
"2025-09-25 16:00:00",36800,33435
"2025-09-25 17:00:00",38435,33705
"2025-09-25 18:00:00",40439,33981
"2025-09-25 19:00:00",41995,34291
"2025-09-25 20:00:00",42195,34599
"2025-09-25 21:00:00",41951,34935
"2025-09-25 22:00:00",40376,35278
"2025-09-25 23:00:00",38953,35635
"2025-09-26 00:00:00",37757,35969
"2025-09-26 01:00:00",36580,36254
"2025-09-26 02:00:00",35920,36521
"2025-09-26 03:00:00",34450,36778
"2025-09-26 04:00:00",32107,37037
"2025-09-26 05:00:00",28444,37299
"2025-09-26 06:00:00",25217,37563
"2025-09-26 07:00:00",23442,37827
"2025-09-26 08:00:00",23483,38079
"2025-09-26 09:00:00",24269,38384
"2025-09-26 10:00:00",25925,38720
"2025-09-26 11:00:00",28906,39079
"2025-09-26 12:00:00",31583,39429
"2025-09-26 13:00:00",35017,39804
"2025-09-26 14:00:00",38749,40190
"2025-09-26 15:00:00",41555,40566
"2025-09-26 16:00:00",43663,40956
"2025-09-26 17:00:00",45545,41370
"2025-09-26 18:00:00",48400,41825
"2025-09-26 19:00:00",49897,42264
"2025-09-26 20:00:00",50908,42699
"2025-09-26 21:00:00",50758,43106
"2025-09-26 22:00:00",49633,43516
"2025-09-26 23:00:00",47738,43874
"2025-09-27 00:00:00",45345,44194
"2025-09-27 01:00:00",43713,44494
"2025-09-27 02:00:00",42641,44796
"2025-09-27 03:00:00",41188,45110
"2025-09-27 04:00:00",39002,45430
"2025-09-27 05:00:00",35419,45751
"2025-09-27 06:00:00",32326,46084
"2025-09-27 07:00:00",30303,46397
"2025-09-27 08:00:00",31990,46719
"2025-09-27 09:00:00",33653,47047
"2025-09-27 10:00:00",35867,47404
"2025-09-27 11:00:00",38476,47785
"2025-09-27 12:00:00",41742,48210
"2025-09-27 13:00:00",45447,48668
"2025-09-27 14:00:00",48872,49172
"2025-09-27 15:00:00",51924,49767
"2025-09-27 16:00:00",54711,50421
"2025-09-27 17:00:00",57646,51104
"2025-09-27 18:00:00",60002,51816
"2025-09-27 19:00:00",61197,52575
"2025-09-27 20:00:00",61293,53296
"2025-09-27 21:00:00",61121,53992
"2025-09-27 22:00:00",58559,54589
"2025-09-27 23:00:00",55805,55089
"2025-09-28 00:00:00",52930,55492
"2025-09-28 01:00:00",51473,55896
"2025-09-28 02:00:00",50802,56312
"2025-09-28 03:00:00",49470,56669
"2025-09-28 04:00:00",47307,56934
"2025-09-28 05:00:00",44066,57097
"2025-09-28 06:00:00",40393,57172
"2025-09-28 07:00:00",38185,57177
"2025-09-28 08:00:00",39777,57149
"2025-09-28 09:00:00",42184,57063
"2025-09-28 10:00:00",45258,56959
"2025-09-28 11:00:00",49049,56831
"2025-09-28 12:00:00",53321,56695
"2025-09-28 13:00:00",58556,56576
"2025-09-28 14:00:00",64830,56495
"2025-09-28 15:00:00",69544,56419
"2025-09-28 16:00:00",72932,56375
"2025-09-28 17:00:00",77004,56417
"2025-09-28 18:00:00",80972,56485
"2025-09-28 19:00:00",81289,56549
"2025-09-28 20:00:00",80648,56636
"2025-09-28 21:00:00",77795,56712
"2025-09-28 22:00:00",72434,56782
"2025-09-28 23:00:00",66706,56884
"2025-09-29 00:00:00",63855,57059
"2025-09-29 01:00:00",62605,57288
"2025-09-29 02:00:00",60037,57522
"2025-09-29 03:00:00",55670,57741
"2025-09-29 04:00:00",50061,57912
"2025-09-29 05:00:00",44110,58025
"2025-09-29 06:00:00",38220,58063
"2025-09-29 07:00:00",34903,58081
"2025-09-29 08:00:00",34252,58068
"2025-09-29 09:00:00",35707,58033
"2025-09-29 10:00:00",37506,57988
"2025-09-29 11:00:00",40557,57943
"2025-09-29 12:00:00",44764,57917
"2025-09-29 13:00:00",50088,57891
"2025-09-29 14:00:00",55757,57859
"2025-09-29 15:00:00",61231,57858
"2025-09-29 16:00:00",66945,57921
"2025-09-29 17:00:00",71174,57985
"2025-09-29 18:00:00",75227,58061
"2025-09-29 19:00:00",76527,58146
"2025-09-29 20:00:00",76518,58245
"2025-09-29 21:00:00",74494,58351
"2025-09-29 22:00:00",71344,58483
"2025-09-29 23:00:00",68057,58634
"2025-09-30 00:00:00",66904,58785
"2025-09-30 01:00:00",66550,58925
"2025-09-30 02:00:00",64768,59069
"2025-09-30 03:00:00",60179,59214
"2025-09-30 04:00:00",53723,59360
"2025-09-30 05:00:00",46217,59473
"2025-09-30 06:00:00",40089,59580
"2025-09-30 07:00:00",36704,59681
"2025-09-30 08:00:00",35746,59787
"2025-09-30 09:00:00",37415,59901
"2025-09-30 10:00:00",39620,60026
"2025-09-30 11:00:00",43361,60173
"2025-09-30 12:00:00",47578,60321
"2025-09-30 13:00:00",53012,60479
"2025-09-30 14:00:00",59496,60659
"2025-09-30 15:00:00",66170,60844
"2025-09-30 16:00:00",71867,61016
"2025-09-30 17:00:00",76541,61196
"2025-09-30 18:00:00",80514,61339
"2025-09-30 19:00:00",82031,61485
"2025-09-30 20:00:00",81918,61622
"2025-09-30 21:00:00",79818,61759
"2025-09-30 22:00:00",76204,61888
"2025-09-30 23:00:00",72120,62003
"2025-10-01 00:00:00",70163,62115
"2025-10-01 01:00:00",69566,62224
"2025-10-01 02:00:00",67886,62344
"2025-10-01 03:00:00",63785,62467
"2025-10-01 04:00:00",56916,62552
"2025-10-01 05:00:00",49295,62639
"2025-10-01 06:00:00",42971,62711
"2025-10-01 07:00:00",39946,62773
"2025-10-01 08:00:00",39181,62828
"2025-10-01 09:00:00",41031,62929
"2025-10-01 10:00:00",43715,63041
"2025-10-01 11:00:00",47483,63157
"2025-10-01 12:00:00",51993,63287
"2025-10-01 13:00:00",57824,63443
"2025-10-01 14:00:00",63869,63610
"2025-10-01 15:00:00",70074,63801
"2025-10-01 16:00:00",75848,63989
"2025-10-01 17:00:00",79175,64150
"2025-10-01 18:00:00",83115,64309
"2025-10-01 19:00:00",84383,64442
"2025-10-01 20:00:00",84277,64585
"2025-10-01 21:00:00",82114,64725
"2025-10-01 22:00:00",78409,64852
"2025-10-01 23:00:00",74683,64979
"2025-10-02 00:00:00",72699,65094
"2025-10-02 01:00:00",72455,65199
"2025-10-02 02:00:00",70659,65254
"2025-10-02 03:00:00",65312,65275
"2025-10-02 04:00:00",58598,65300
"2025-10-02 05:00:00",50523,65324
"2025-10-02 06:00:00",43600,65366
"2025-10-02 07:00:00",40190,65413
"2025-10-02 08:00:00",41031,65502
"2025-10-02 09:00:00",43042,65628
"2025-10-02 10:00:00",45862,65766
"2025-10-02 11:00:00",49949,65918
"2025-10-02 12:00:00",55238,66091
"2025-10-02 13:00:00",61704,66267
"2025-10-02 14:00:00",69007,66476
"2025-10-02 15:00:00",75026,66661
"2025-10-02 16:00:00",80577,66817
"2025-10-02 17:00:00",83845,66941
"2025-10-02 18:00:00",86968,67045
"2025-10-02 19:00:00",88581,67132
"2025-10-02 20:00:00",88457,67239
"2025-10-02 21:00:00",85843,67364
"2025-10-02 22:00:00",81877,67538
"2025-10-02 23:00:00",77749,67732
"2025-10-03 00:00:00",75148,67900
"2025-10-03 01:00:00",72983,67983
"2025-10-03 02:00:00",70645,68051
"2025-10-03 03:00:00",65382,68136
"2025-10-03 04:00:00",58877,68258
"2025-10-03 05:00:00",51915,68427
"2025-10-03 06:00:00",45457,68631
"2025-10-03 07:00:00",42638,68863
"2025-10-03 08:00:00",44894,69110
"2025-10-03 09:00:00",47286,69370
"2025-10-03 10:00:00",50421,69669
"2025-10-03 11:00:00",54895,69989
"2025-10-03 12:00:00",59859,70312
"2025-10-03 13:00:00",66811,70661
"2025-10-03 14:00:00",73231,70980
"2025-10-03 15:00:00",78271,71280
"2025-10-03 16:00:00",82547,71569
"2025-10-03 17:00:00",85526,71851
"2025-10-03 18:00:00",87739,72121
"2025-10-03 19:00:00",90157,72445
"2025-10-03 20:00:00",91090,72766
"2025-10-03 21:00:00",90635,73104
"2025-10-03 22:00:00",87820,73441
"2025-10-03 23:00:00",83057,73750
"2025-10-04 00:00:00",78390,73994
"2025-10-04 01:00:00",75973,74226
"2025-10-04 02:00:00",74309,74436
"2025-10-04 03:00:00",70407,74643
"2025-10-04 04:00:00",65131,74880
"2025-10-04 05:00:00",59246,75142
"2025-10-04 06:00:00",53609,75409
"2025-10-04 07:00:00",50346,75662
"2025-10-04 08:00:00",52889,75905
"2025-10-04 09:00:00",56700,76182
"2025-10-04 10:00:00",60441,76493
"2025-10-04 11:00:00",65359,76822
"2025-10-04 12:00:00",71024,77167
"2025-10-04 13:00:00",77467,77512
"2025-10-04 14:00:00",83857,77882
"2025-10-04 15:00:00",89418,78332
"2025-10-04 16:00:00",93733,78815
"2025-10-04 17:00:00",96946,79317
"2025-10-04 18:00:00",100867,79919
"2025-10-04 19:00:00",102407,80498
"2025-10-04 20:00:00",102340,81036
"2025-10-04 21:00:00",100950,81537
"2025-10-04 22:00:00",97437,81939
"2025-10-04 23:00:00",91583,82222
"2025-10-05 00:00:00",86623,82458
"2025-10-05 01:00:00",82677,82704
"2025-10-05 02:00:00",79781,82948
"2025-10-05 03:00:00",76148,83158
"2025-10-05 04:00:00",71082,83306
"2025-10-05 05:00:00",64722,83368
"2025-10-05 06:00:00",58818,83346
"2025-10-05 07:00:00",54830,83255
"2025-10-05 08:00:00",57685,83158
"2025-10-05 09:00:00",62420,82997
"2025-10-05 10:00:00",66604,82786
"2025-10-05 11:00:00",71616,82555
"2025-10-05 12:00:00",77677,82311
"2025-10-05 13:00:00",85250,82080
"2025-10-05 14:00:00",94818,81923
"2025-10-05 15:00:00",101851,81776
"2025-10-05 16:00:00",106825,81677
"2025-10-05 17:00:00",113084,81709
"2025-10-05 18:00:00",116750,81746
"2025-10-05 19:00:00",117336,81767
"2025-10-05 20:00:00",116460,81791
"2025-10-05 21:00:00",111113,81751
"2025-10-05 22:00:00",103139,81684
"2025-10-05 23:00:00",95355,81646
"2025-10-06 00:00:00",92295,81718
"2025-10-06 01:00:00",89398,81848
"2025-10-06 02:00:00",84676,81978
"2025-10-06 03:00:00",77878,82061
"2025-10-06 04:00:00",69236,81982
"2025-10-06 05:00:00",59118,81881
"2025-10-06 06:00:00",50612,81718
"2025-10-06 07:00:00",45928,81423
"2025-10-06 08:00:00",44796,81120
"2025-10-06 09:00:00",46601,80795
"2025-10-06 10:00:00",49578,80453
"2025-10-06 11:00:00",53486,80086
"2025-10-06 12:00:00",58887,79706
"2025-10-06 13:00:00",66668,79327
"2025-10-06 14:00:00",75069,78917
"2025-10-06 15:00:00",83569,78545
"2025-10-06 16:00:00",91599,78229
"2025-10-06 17:00:00",98254,77825
"2025-10-06 18:00:00",101930,77419
"2025-10-06 19:00:00",103360,77047
"2025-10-06 20:00:00",103283,76701
"2025-10-06 21:00:00",101208,76427
"2025-10-06 22:00:00",96641,76224
"2025-10-06 23:00:00",92253,76090
"2025-10-07 00:00:00",90890,75966
"2025-10-07 01:00:00",89876,75890
"2025-10-07 02:00:00",86235,75840
"2025-10-07 03:00:00",75209,75704
"2025-10-07 04:00:00",69602,75717
"2025-10-07 05:00:00",59249,75650
"2025-10-07 06:00:00",44828,75466
"2025-10-07 07:00:00",44274,75509
"2025-10-07 08:00:00",45316,75537
"2025-10-07 09:00:00",47693,75554
"2025-10-07 10:00:00",50799,75582
"2025-10-07 11:00:00",54864,75611
"2025-10-07 12:00:00",60187,75632
"2025-10-07 13:00:00",67867,75657
"2025-10-07 14:00:00",76642,75674
"2025-10-07 15:00:00",84580,75669
"2025-10-07 16:00:00",87682,75580
"2025-10-07 17:00:00",94297,75578
"2025-10-07 18:00:00",98806,75578
"2025-10-07 19:00:00",100706,75585
"2025-10-07 20:00:00",100618,75578
"2025-10-07 21:00:00",98204,75559
"2025-10-07 22:00:00",93189,75534
"2025-10-07 23:00:00",87320,75470
"2025-10-08 00:00:00",86191,75429
"2025-10-08 01:00:00",85189,75372
"2025-10-08 02:00:00",82124,75319
"2025-10-08 03:00:00",75351,75362
"2025-10-08 04:00:00",65694,75309
"2025-10-08 05:00:00",56431,75281
"2025-10-08 06:00:00",49111,75413
"2025-10-08 07:00:00",45013,75452
"2025-10-08 08:00:00",44785,75467
"2025-10-08 09:00:00",47530,75504
"2025-10-08 10:00:00",50497,75534
"2025-10-08 11:00:00",54234,75563
"2025-10-08 12:00:00",59849,75611
"2025-10-08 13:00:00",66638,75626
"2025-10-08 14:00:00",74877,75644
"2025-10-08 15:00:00",84687,75711
"2025-10-08 16:00:00",92698,75859
"2025-10-08 17:00:00",98388,75959
"2025-10-08 18:00:00",102675,76041
"2025-10-08 19:00:00",103819,76095
"2025-10-08 20:00:00",103623,76144
"2025-10-08 21:00:00",101481,76196
"2025-10-08 22:00:00",96285,76242
"2025-10-08 23:00:00",91546,76318
"2025-10-09 00:00:00",89489,76358
"2025-10-09 01:00:00",87961,76364
"2025-10-09 02:00:00",84468,76354
"2025-10-09 03:00:00",77943,76362
"2025-10-09 04:00:00",68199,76385
"2025-10-09 05:00:00",58138,76415
"2025-10-09 06:00:00",50434,76459
"2025-10-09 07:00:00",46798,76517
"2025-10-09 08:00:00",47345,76593
"2025-10-09 09:00:00",49943,76673
"2025-10-09 10:00:00",53304,76771
"2025-10-09 11:00:00",57760,76898
"2025-10-09 12:00:00",62731,77018
"2025-10-09 13:00:00",70613,77196
"2025-10-09 14:00:00",78956,77386
"2025-10-09 15:00:00",86217,77490
"2025-10-09 16:00:00",92789,77449
"2025-10-09 17:00:00",97676,77347
"2025-10-09 18:00:00",101362,77203
"2025-10-09 19:00:00",102356,77049
"2025-10-09 20:00:00",101880,76901
"2025-10-09 21:00:00",99583,76760
"2025-10-09 22:00:00",94448,76651
"2025-10-09 23:00:00",88972,76546
"2025-10-10 00:00:00",85535,76404
"2025-10-10 01:00:00",83653,76235
"2025-10-10 02:00:00",80825,76052
"2025-10-10 03:00:00",75336,75901
"2025-10-10 04:00:00",67340,75832
"2025-10-10 05:00:00",58758,75843
"2025-10-10 06:00:00",51203,75899
"2025-10-10 07:00:00",47386,75987
"2025-10-10 08:00:00",48438,76100
"2025-10-10 09:00:00",51498,76250
"2025-10-10 10:00:00",55507,76435
"2025-10-10 11:00:00",60617,76640
"2025-10-10 12:00:00",67496,76903
"2025-10-10 13:00:00",75954,77177
"2025-10-10 14:00:00",83086,77396
"2025-10-10 15:00:00",83388,77419
"2025-10-10 16:00:00",87293,77437
"2025-10-10 17:00:00",90435,77411
"2025-10-10 18:00:00",93659,77364
"2025-10-10 19:00:00",95479,77320
"2025-10-10 20:00:00",95724,77279
"2025-10-10 21:00:00",95486,77288
"2025-10-10 22:00:00",91864,77323
"2025-10-10 23:00:00",86415,77343
"2025-10-11 00:00:00",81823,77317
"2025-10-11 01:00:00",77799,77212
"2025-10-11 02:00:00",75166,77101
"2025-10-11 03:00:00",72017,77041
"2025-10-11 04:00:00",66839,77050
"2025-10-11 05:00:00",61012,77149
"2025-10-11 06:00:00",56018,77328
"2025-10-11 07:00:00",53048,77527
"2025-10-11 08:00:00",55862,77783
"2025-10-11 09:00:00",60123,78091
"2025-10-11 10:00:00",64395,78420
"2025-10-11 11:00:00",69847,78764
"2025-10-11 12:00:00",76504,79102
"2025-10-11 13:00:00",83389,79392
"2025-10-11 14:00:00",90354,79675
"2025-10-11 15:00:00",95752,80111
"2025-10-11 16:00:00",100079,80561
"2025-10-11 17:00:00",102787,81007
"2025-10-11 18:00:00",104773,81431
"2025-10-11 19:00:00",105409,81825
"2025-10-11 20:00:00",105219,82197
"2025-10-11 21:00:00",103922,82519
"2025-10-11 22:00:00",99241,82755
"2025-10-11 23:00:00",92838,82918
"2025-10-12 00:00:00",86896,83016
"2025-10-12 01:00:00",82194,83105
"2025-10-12 02:00:00",78458,83183
"2025-10-12 03:00:00",74481,83235
"2025-10-12 04:00:00",70271,83286
"2025-10-12 05:00:00",64914,83319
"2025-10-12 06:00:00",59574,83318
"2025-10-12 07:00:00",57161,83320
"2025-10-12 08:00:00",61257,83348
"2025-10-12 09:00:00",66491,83360
"2025-10-12 10:00:00",71198,83354
"2025-10-12 11:00:00",76680,83338
"2025-10-12 12:00:00",83045,83305
"2025-10-12 13:00:00",89833,83269
"2025-10-12 14:00:00",97163,83251
"2025-10-12 15:00:00",102627,83239
"2025-10-12 16:00:00",107531,83275
"2025-10-12 17:00:00",111389,83383
"2025-10-12 18:00:00",113774,83515
"2025-10-12 19:00:00",113603,83629
"2025-10-12 20:00:00",111906,83707
"2025-10-12 21:00:00",106090,83665
"2025-10-12 22:00:00",97631,83522
"2025-10-12 23:00:00",89101,83334
"2025-10-13 00:00:00",84044,83196
"2025-10-13 01:00:00",80993,83123
"2025-10-13 02:00:00",77203,83054
"2025-10-13 03:00:00",70643,82913
"2025-10-13 04:00:00",63568,82681
"2025-10-13 05:00:00",56225,82380
"2025-10-13 06:00:00",49566,82029
"2025-10-13 07:00:00",45891,81639
"2025-10-13 08:00:00",45907,81132
"2025-10-13 09:00:00",48327,80544
"2025-10-13 10:00:00",51760,79923
"2025-10-13 11:00:00",56346,79273
"2025-10-13 12:00:00",62371,78606
"2025-10-13 13:00:00",69582,77950
"2025-10-13 14:00:00",76944,77283
"2025-10-13 15:00:00",84826,76688
"2025-10-13 16:00:00",92791,76166
"2025-10-13 17:00:00",97480,75656
"2025-10-13 18:00:00",100290,75146
"2025-10-13 19:00:00",100861,74653
"2025-10-13 20:00:00",100592,74206
"2025-10-13 21:00:00",96111,73801
"2025-10-13 22:00:00",89457,73466
"2025-10-13 23:00:00",82991,73211
"2025-10-13 23:10:00",81844,
"2025-10-13 23:20:00",81304,
"2025-10-13 23:30:00",80861,
"2025-10-13 23:40:00",80239,
"2025-10-13 23:50:00",79662,
"2025-10-14 00:00:00",79236,72998
"2025-10-14 00:10:00",78532,
"2025-10-14 00:20:00",78068,
"2025-10-14 00:30:00",77534,
"2025-10-14 00:40:00",77430,
"2025-10-14 00:50:00",77003,
"2025-10-14 01:00:00",76633,72806
"2025-10-14 01:10:00",76303,
"2025-10-14 01:20:00",75803,
"2025-10-14 01:30:00",75239,
"2025-10-14 01:40:00",74593,
"2025-10-14 01:50:00",74265,
"2025-10-14 02:00:00",73618,72650
"2025-10-14 02:10:00",72634,
"2025-10-14 02:20:00",71470,
"2025-10-14 02:30:00",70443,
"2025-10-14 02:40:00",69480,
"2025-10-14 02:50:00",68344,
"2025-10-14 03:00:00",66876,72488
"2025-10-14 03:10:00",65414,
"2025-10-14 03:20:00",64173,
"2025-10-14 03:30:00",63096,
"2025-10-14 03:40:00",61790,
"2025-10-14 03:50:00",60454,
"2025-10-14 04:00:00",59126,72316
"2025-10-14 04:10:00",57706,
"2025-10-14 04:20:00",56282,
"2025-10-14 04:30:00",54888,
"2025-10-14 04:40:00",53516,
"2025-10-14 04:50:00",52310,
"2025-10-14 05:00:00",51070,72123
"2025-10-14 05:10:00",49734,
"2025-10-14 05:20:00",48425,
"2025-10-14 05:30:00",47252,
"2025-10-14 05:40:00",46226,
"2025-10-14 05:50:00",45239,
"2025-10-14 06:00:00",44413,71939
"2025-10-14 06:10:00",43634,
"2025-10-14 06:20:00",43073,
"2025-10-14 06:30:00",42665,
"2025-10-14 06:40:00",42158,
"2025-10-14 06:50:00",41934,
"2025-10-14 07:00:00",41924,71800
"2025-10-14 07:10:00",41600,
"2025-10-14 07:20:00",41698,
"2025-10-14 07:30:00",41544,
"2025-10-14 07:40:00",41621,
"2025-10-14 07:50:00",41649,
"2025-10-14 08:00:00",41745,71687
"2025-10-14 08:10:00",42253,
"2025-10-14 08:20:00",42326,
"2025-10-14 08:30:00",42310,
"2025-10-14 08:40:00",42488,
"2025-10-14 08:50:00",42784,
"2025-10-14 09:00:00",43553,71611
"2025-10-14 09:10:00",44365,
"2025-10-14 09:20:00",44762,
"2025-10-14 09:30:00",44922,
"2025-10-14 09:40:00",45554,
"2025-10-14 09:50:00",46033,
"2025-10-14 10:00:00",46659,71539
"2025-10-14 10:10:00",47402,
"2025-10-14 10:20:00",48081,
"2025-10-14 10:30:00",48563,
"2025-10-14 10:40:00",49134,
"2025-10-14 10:50:00",49645,
"2025-10-14 11:00:00",50353,71450
"2025-10-14 11:10:00",51453,
"2025-10-14 11:20:00",52149,
"2025-10-14 11:30:00",52425,
"2025-10-14 11:40:00",53017,
"2025-10-14 11:50:00",53774,
"2025-10-14 12:00:00",54827,71361
"2025-10-14 12:10:00",55338,
"2025-10-14 12:20:00",56080,
"2025-10-14 12:30:00",57364,
"2025-10-14 12:40:00",58642,
"2025-10-14 12:50:00",59771,
"2025-10-14 13:00:00",60792,71233
"2025-10-14 13:10:00",61723,
"2025-10-14 13:20:00",62798,
"2025-10-14 13:30:00",63967,
"2025-10-14 13:40:00",64974,
"2025-10-14 13:50:00",65994,
"2025-10-14 14:00:00",67164,71098
"2025-10-14 14:10:00",68593,
"2025-10-14 14:20:00",69609,
"2025-10-14 14:30:00",70560,
"2025-10-14 14:40:00",71727,
"2025-10-14 14:50:00",72980,
"2025-10-14 15:00:00",73803,70883
"2025-10-14 15:10:00",74491,
"2025-10-14 15:20:00",75590,
"2025-10-14 15:30:00",76718,
"2025-10-14 15:40:00",77905,
"2025-10-14 15:50:00",78707,
"2025-10-14 16:00:00",79482,70612
"2025-10-14 16:10:00",80267,
"2025-10-14 16:20:00",81405,
"2025-10-14 16:30:00",82668,
"2025-10-14 16:40:00",84112,
"2025-10-14 16:50:00",85117,
"2025-10-14 17:00:00",85413,70281
"2025-10-14 17:10:00",86108,
"2025-10-14 17:20:00",86650,
"2025-10-14 17:30:00",87359,
"2025-10-14 17:40:00",87901,
"2025-10-14 17:50:00",88604,
"2025-10-14 18:00:00",89117,69924
"2025-10-14 18:10:00",89603,
"2025-10-14 18:20:00",90039,
"2025-10-14 18:30:00",90336,
"2025-10-14 18:40:00",90619,
"2025-10-14 18:50:00",90717,
"2025-10-14 19:00:00",90567,69578
"2025-10-14 19:10:00",90523,
"2025-10-14 19:20:00",90634,
"2025-10-14 19:30:00",90726,
"2025-10-14 19:40:00",91198,
"2025-10-14 19:50:00",91367,
"2025-10-14 20:00:00",91044,69226
"2025-10-14 20:10:00",90343,
"2025-10-14 20:20:00",89810,
"2025-10-14 20:30:00",89390,
"2025-10-14 20:40:00",88910,
"2025-10-14 20:50:00",88424,
"2025-10-14 21:00:00",87775,68913
"2025-10-14 21:10:00",86840,
"2025-10-14 21:20:00",86279,
"2025-10-14 21:30:00",85500,
"2025-10-14 21:40:00",84488,
"2025-10-14 21:50:00",83535,
"2025-10-14 22:00:00",82584,68645
"2025-10-14 22:10:00",75811,
"2025-10-14 22:20:00",78306,
"2025-10-14 22:30:00",77823,
"2025-10-14 22:40:00",77257,
"2025-10-14 22:50:00",76711,
"2025-10-14 23:00:00",76153,68373
"2025-10-14 23:10:00",75461,
"2025-10-14 23:20:00",74830,
"2025-10-14 23:30:00",74401,
"2025-10-14 23:40:00",73787,
"2025-10-14 23:50:00",73468,
"2025-10-15 00:00:00",73033,68133
"2025-10-15 00:10:00",72471,
"2025-10-15 00:20:00",72167,
"2025-10-15 00:30:00",71809,
"2025-10-15 00:40:00",71624,
"2025-10-15 00:50:00",71487,
"2025-10-15 01:00:00",71524,67936
"2025-10-15 01:10:00",71063,
"2025-10-15 01:20:00",70780,
"2025-10-15 01:30:00",70343,
"2025-10-15 01:40:00",69915,
"2025-10-15 01:50:00",69321,
"2025-10-15 02:00:00",68603,67734
"2025-10-15 02:10:00",67731,
"2025-10-15 02:20:00",67012,
"2025-10-15 02:30:00",66176,
"2025-10-15 02:40:00",65244,
"2025-10-15 02:50:00",64202,
"2025-10-15 03:00:00",63045,67576
"2025-10-15 03:10:00",61738,
"2025-10-15 03:20:00",60564,
"2025-10-15 03:30:00",59281,
"2025-10-15 03:40:00",58138,
"2025-10-15 03:50:00",56898,
"2025-10-15 04:00:00",55518,67429
"2025-10-15 04:10:00",54081,
"2025-10-15 04:20:00",52762,
"2025-10-15 04:30:00",51750,
"2025-10-15 04:40:00",50703,
"2025-10-15 04:50:00",49653,
"2025-10-15 05:00:00",48505,67322
"2025-10-15 05:10:00",47289,
"2025-10-15 05:20:00",46210,
"2025-10-15 05:30:00",45156,
"2025-10-15 05:40:00",44020,
"2025-10-15 05:50:00",43361,
"2025-10-15 06:00:00",42615,67242
"2025-10-15 06:10:00",41973,
"2025-10-15 06:20:00",41685,
"2025-10-15 06:30:00",41129,
"2025-10-15 06:40:00",40633,
"2025-10-15 06:50:00",40142,
"2025-10-15 07:00:00",40003,67163
"2025-10-15 07:10:00",39808,
"2025-10-15 07:20:00",39851,
"2025-10-15 07:30:00",39793,
"2025-10-15 07:40:00",39684,
"2025-10-15 07:50:00",39970,
"2025-10-15 08:00:00",40252,67123
"2025-10-15 08:10:00",40671,
"2025-10-15 08:20:00",40907,
"2025-10-15 08:30:00",41262,
"2025-10-15 08:40:00",41476,
"2025-10-15 08:50:00",41911,
"2025-10-15 09:00:00",42316,67073
"2025-10-15 09:10:00",42894,
"2025-10-15 09:20:00",43408,
"2025-10-15 09:30:00",43838,
"2025-10-15 09:40:00",44514,
"2025-10-15 09:50:00",44972,
"2025-10-15 10:00:00",45599,67014
"2025-10-15 10:10:00",46326,
"2025-10-15 10:20:00",46881,
"2025-10-15 10:30:00",47359,
"2025-10-15 10:40:00",47865,
"2025-10-15 10:50:00",48363,
"2025-10-15 11:00:00",48576,66959
"2025-10-15 11:10:00",49618,
"2025-10-15 11:20:00",50532,
"2025-10-15 11:30:00",51274,
"2025-10-15 11:40:00",51897,
"2025-10-15 11:50:00",52697,
"2025-10-15 12:00:00",53242,66882
"2025-10-15 12:10:00",54372,
"2025-10-15 12:20:00",55519,
"2025-10-15 12:30:00",56162,
"2025-10-15 12:40:00",57082,
"2025-10-15 12:50:00",57942,
"2025-10-15 13:00:00",58969,66821
"2025-10-15 13:10:00",59958,
"2025-10-15 13:20:00",61167,
"2025-10-15 13:30:00",62290,
"2025-10-15 13:40:00",63692,
"2025-10-15 13:50:00",64776,
"2025-10-15 14:00:00",65565,66726
"2025-10-15 14:10:00",66383,
"2025-10-15 14:20:00",67459,
"2025-10-15 14:30:00",68624,
"2025-10-15 14:40:00",69686,
"2025-10-15 14:50:00",70760,
"2025-10-15 15:00:00",71352,66611
"2025-10-15 15:10:00",72337,
"2025-10-15 15:20:00",73275,
"2025-10-15 15:30:00",74177,
"2025-10-15 15:40:00",75228,
"2025-10-15 15:50:00",76012,
"2025-10-15 16:00:00",76284,66418
"2025-10-15 16:10:00",76878,
"2025-10-15 16:20:00",77849,
"2025-10-15 16:30:00",78723,
"2025-10-15 16:40:00",79503,
"2025-10-15 16:50:00",80261,
"2025-10-15 17:00:00",80641,66216
"2025-10-15 17:10:00",81202,
"2025-10-15 17:20:00",81702,
"2025-10-15 17:30:00",82126,
"2025-10-15 17:40:00",82755,
"2025-10-15 17:50:00",83319,
"2025-10-15 18:00:00",83687,66049
"2025-10-15 18:10:00",84435,
"2025-10-15 18:20:00",85144,
"2025-10-15 18:30:00",85684,
"2025-10-15 18:40:00",86414,
"2025-10-15 18:50:00",86508,
"2025-10-15 19:00:00",86500,65864
"2025-10-15 19:10:00",86722,
"2025-10-15 19:20:00",86824,
"2025-10-15 19:30:00",86717,
"2025-10-15 19:40:00",86755,
"2025-10-15 19:50:00",86573,
"2025-10-15 20:00:00",86233,65671
"2025-10-15 20:10:00",85386,
"2025-10-15 20:20:00",84852,
"2025-10-15 20:30:00",84151,
"2025-10-15 20:40:00",83749,
"2025-10-15 20:50:00",82974,
"2025-10-15 21:00:00",82591,65464
"2025-10-15 21:10:00",81651,
"2025-10-15 21:20:00",80775,
"2025-10-15 21:30:00",79791,
"2025-10-15 21:40:00",78551,
"2025-10-15 21:50:00",77731,
"2025-10-15 22:00:00",76875,65238
"2025-10-15 22:10:00",75610,
"2025-10-15 22:20:00",74491,
"2025-10-15 22:30:00",73703,
"2025-10-15 22:40:00",73001,
"2025-10-15 22:50:00",72200,
"2025-10-15 23:00:00",71654,65059
"2025-10-15 23:10:00",70905,
"2025-10-15 23:20:00",70409,
"2025-10-15 23:30:00",70021,
"2025-10-15 23:40:00",69846,
"2025-10-15 23:50:00",69659,
"2025-10-16 00:00:00",69342,64907
"2025-10-16 00:10:00",68626,
"2025-10-16 00:20:00",68458,
"2025-10-16 00:30:00",68080,
"2025-10-16 00:40:00",67775,
"2025-10-16 00:50:00",67385,
"2025-10-16 01:00:00",66927,64719
"2025-10-16 01:10:00",66554,
"2025-10-16 01:20:00",65702,
"2025-10-16 01:30:00",65988,
"2025-10-16 01:40:00",65612,
"2025-10-16 01:50:00",65122,
"2025-10-16 02:00:00",64411,64547
"2025-10-16 02:10:00",63788,
"2025-10-16 02:20:00",63237,
"2025-10-16 02:30:00",62374,
"2025-10-16 02:40:00",61436,
"2025-10-16 02:50:00",60553,
"2025-10-16 03:00:00",59388,64394
"2025-10-16 03:10:00",57991,
"2025-10-16 03:20:00",56756,
"2025-10-16 03:30:00",55849,
"2025-10-16 03:40:00",54653,
"2025-10-16 03:50:00",53563,
"2025-10-16 04:00:00",52370,64261
"2025-10-16 04:10:00",50862,
"2025-10-16 04:20:00",49723,
"2025-10-16 04:30:00",48528,
"2025-10-16 04:40:00",47532,
"2025-10-16 04:50:00",46644,
"2025-10-16 05:00:00",45532,64143
"2025-10-16 05:10:00",44266,
"2025-10-16 05:20:00",43181,
"2025-10-16 05:30:00",42231,
"2025-10-16 05:40:00",41463,
"2025-10-16 05:50:00",40797,
"2025-10-16 06:00:00",40236,64050
"2025-10-16 06:10:00",39703,
"2025-10-16 06:20:00",39078,
"2025-10-16 06:30:00",38720,
"2025-10-16 06:40:00",38296,
"2025-10-16 06:50:00",38244,
"2025-10-16 07:00:00",38112,63982
"2025-10-16 07:10:00",37744,
"2025-10-16 07:20:00",37553,
"2025-10-16 07:30:00",37323,
"2025-10-16 07:40:00",37848,
"2025-10-16 07:50:00",38062,
"2025-10-16 08:00:00",37965,63897
"2025-10-16 08:10:00",38161,
"2025-10-16 08:20:00",38534,
"2025-10-16 08:30:00",39039,
"2025-10-16 08:40:00",39364,
"2025-10-16 08:50:00",39493,
"2025-10-16 09:00:00",39472,63811
"2025-10-16 09:10:00",39816,
"2025-10-16 09:20:00",40305,
"2025-10-16 09:30:00",41231,
"2025-10-16 09:40:00",41859,
"2025-10-16 09:50:00",42391,
"2025-10-16 10:00:00",42793,63710
"2025-10-16 10:10:00",42953,
"2025-10-16 10:20:00",43461,
"2025-10-16 10:30:00",43795,
"2025-10-16 10:40:00",44276,
"2025-10-16 10:50:00",45360,
"2025-10-16 11:00:00",46002,63624
"2025-10-16 11:10:00",46495,
"2025-10-16 11:20:00",47226,
"2025-10-16 11:30:00",48164,
"2025-10-16 11:40:00",49334,
"2025-10-16 11:50:00",50079,
"2025-10-16 12:00:00",50521,63514
"2025-10-16 12:10:00",51121,
"2025-10-16 12:20:00",51866,
"2025-10-16 12:30:00",52852,
"2025-10-16 12:40:00",53776,
"2025-10-16 12:50:00",54730,
"2025-10-16 13:00:00",55842,63407
"2025-10-16 13:10:00",56779,
"2025-10-16 13:20:00",57927,
"2025-10-16 13:30:00",59182,
"2025-10-16 13:40:00",60492,
"2025-10-16 13:50:00",61555,
"2025-10-16 14:00:00",62305,63278
"2025-10-16 14:10:00",63210,
"2025-10-16 14:20:00",64410,
"2025-10-16 14:30:00",65274,
"2025-10-16 14:40:00",66263,
"2025-10-16 14:50:00",67028,
"2025-10-16 15:00:00",67688,63129
"2025-10-16 15:10:00",68687,
"2025-10-16 15:20:00",69521,
"2025-10-16 15:30:00",70255,
"2025-10-16 15:40:00",71104,
"2025-10-16 15:50:00",71853,
"2025-10-16 16:00:00",72504,62999
"2025-10-16 16:10:00",73171,
"2025-10-16 16:20:00",74137,
"2025-10-16 16:30:00",74941,
"2025-10-16 16:40:00",75815,
"2025-10-16 16:50:00",76758,
"2025-10-16 17:00:00",77205,62854
"2025-10-16 17:10:00",77847,
"2025-10-16 17:20:00",78401,
"2025-10-16 17:30:00",78800,
"2025-10-16 17:40:00",79326,
"2025-10-16 17:50:00",79701,
"2025-10-16 18:00:00",80194,62667
"2025-10-16 18:10:00",80337,
"2025-10-16 18:20:00",80803,
"2025-10-16 18:30:00",81093,
"2025-10-16 18:40:00",81642,
"2025-10-16 18:50:00",81952,
"2025-10-16 19:00:00",82010,62482
"2025-10-16 19:10:00",82297,
"2025-10-16 19:20:00",82325,
"2025-10-16 19:30:00",82387,
"2025-10-16 19:40:00",82377,
"2025-10-16 19:50:00",82095,
"2025-10-16 20:00:00",81716,62297
"2025-10-16 20:10:00",80759,
"2025-10-16 20:20:00",80257,
"2025-10-16 20:30:00",79995,
"2025-10-16 20:40:00",79484,
"2025-10-16 20:50:00",78789,
"2025-10-16 21:00:00",77945,62110
"2025-10-16 21:10:00",77212,
"2025-10-16 21:20:00",76260,
"2025-10-16 21:30:00",75473,
"2025-10-16 21:40:00",74598,
"2025-10-16 21:50:00",73863,
"2025-10-16 22:00:00",72848,61961
"2025-10-16 22:10:00",71729,
"2025-10-16 22:20:00",70893,
"2025-10-16 22:30:00",69981,
"2025-10-16 22:40:00",69130,
"2025-10-16 22:50:00",68358,
"2025-10-16 23:00:00",67629,61818
"2025-10-16 23:10:00",66980,
"2025-10-16 23:20:00",66397,
"2025-10-16 23:30:00",65858,
"2025-10-16 23:40:00",65410,
"2025-10-16 23:50:00",64823,
"2025-10-17 00:00:00",64636,61650
"2025-10-17 00:10:00",64009,
"2025-10-17 00:20:00",63689,
"2025-10-17 00:30:00",63266,
"2025-10-17 00:40:00",62910,
"2025-10-17 00:50:00",62702,
"2025-10-17 01:00:00",62421,61482
"2025-10-17 01:10:00",61995,
"2025-10-17 01:20:00",61671,
"2025-10-17 01:30:00",61299,
"2025-10-17 01:40:00",61015,
"2025-10-17 01:50:00",60585,
"2025-10-17 02:00:00",59967,61313
"2025-10-17 02:10:00",59255,
"2025-10-17 02:20:00",58414,
"2025-10-17 02:30:00",57821,
"2025-10-17 02:40:00",57059,
"2025-10-17 02:50:00",56230,
"2025-10-17 03:00:00",55256,61155
"2025-10-17 03:10:00",54147,
"2025-10-17 03:20:00",53231,
"2025-10-17 03:30:00",52318,
"2025-10-17 03:40:00",51454,
"2025-10-17 03:50:00",50439,
"2025-10-17 04:00:00",49475,61054
"2025-10-17 04:10:00",48313,
"2025-10-17 04:20:00",47401,
"2025-10-17 04:30:00",46344,
"2025-10-17 04:40:00",45319,
"2025-10-17 04:50:00",44511,
"2025-10-17 05:00:00",43525,60997
"2025-10-17 05:10:00",42589,
"2025-10-17 05:20:00",41667,
"2025-10-17 05:30:00",41026,
"2025-10-17 05:40:00",40295,
"2025-10-17 05:50:00",39747,
"2025-10-17 06:00:00",39180,60981
"2025-10-17 06:10:00",38439,
"2025-10-17 06:20:00",38059,
"2025-10-17 06:30:00",37759,
"2025-10-17 06:40:00",37550,
"2025-10-17 06:50:00",37444,
"2025-10-17 07:00:00",37356,60989
"2025-10-17 07:10:00",37170,
"2025-10-17 07:20:00",37158,
"2025-10-17 07:30:00",37198,
"2025-10-17 07:40:00",37251,
"2025-10-17 07:50:00",37591,
"2025-10-17 08:00:00",37881,61027
"2025-10-17 08:10:00",38162,
"2025-10-17 08:20:00",38331,
"2025-10-17 08:30:00",38591,
"2025-10-17 08:40:00",39004,
"2025-10-17 08:50:00",39604,
"2025-10-17 09:00:00",40021,61075
"2025-10-17 09:10:00",40383,
"2025-10-17 09:20:00",40773,
"2025-10-17 09:30:00",41167,
"2025-10-17 09:40:00",41994,
"2025-10-17 09:50:00",42608,
"2025-10-17 10:00:00",42920,61135
"2025-10-17 10:10:00",43257,
"2025-10-17 10:20:00",43692,
"2025-10-17 10:30:00",44234,
"2025-10-17 10:40:00",45033,
"2025-10-17 10:50:00",45786,
"2025-10-17 11:00:00",46038,61183
"2025-10-17 11:10:00",46696,
"2025-10-17 11:20:00",47514,
"2025-10-17 11:30:00",48394,
"2025-10-17 11:40:00",49452,
"2025-10-17 11:50:00",50113,
"2025-10-17 12:00:00",50833,61257
"2025-10-17 12:10:00",51565,
"2025-10-17 12:20:00",52427,
"2025-10-17 12:30:00",53317,
"2025-10-17 12:40:00",54590,
"2025-10-17 12:50:00",55489,
"2025-10-17 13:00:00",56356,61305
"2025-10-17 13:10:00",57405,
"2025-10-17 13:20:00",58496,
"2025-10-17 13:30:00",59343,
"2025-10-17 13:40:00",60641,
"2025-10-17 13:50:00",61648,
"2025-10-17 14:00:00",62389,61326
"2025-10-17 14:10:00",63256,
"2025-10-17 14:20:00",64367,
"2025-10-17 14:30:00",64912,
"2025-10-17 14:40:00",65849,
"2025-10-17 14:50:00",66546,
"2025-10-17 15:00:00",67282,61309
"2025-10-17 15:10:00",67835,
"2025-10-17 15:20:00",68608,
"2025-10-17 15:30:00",69175,
"2025-10-17 15:40:00",69806,
"2025-10-17 15:50:00",70444,
"2025-10-17 16:00:00",70737,61227
"2025-10-17 16:10:00",70992,
"2025-10-17 16:20:00",71662,
"2025-10-17 16:30:00",72223,
"2025-10-17 16:40:00",72987,
"2025-10-17 16:50:00",73629,
"2025-10-17 17:00:00",73637,61089
"2025-10-17 17:10:00",73870,
"2025-10-17 17:20:00",74229,
"2025-10-17 17:30:00",74596,
"2025-10-17 17:40:00",75084,
"2025-10-17 17:50:00",75154,
"2025-10-17 18:00:00",75206,60930
"2025-10-17 18:10:00",75705,
"2025-10-17 18:20:00",76064,
"2025-10-17 18:30:00",76434,
"2025-10-17 18:40:00",76738,
"2025-10-17 18:50:00",76871,
"2025-10-17 19:00:00",76957,60791
"2025-10-17 19:10:00",77196,
"2025-10-17 19:20:00",77417,
"2025-10-17 19:30:00",77724,
"2025-10-17 19:40:00",77949,
"2025-10-17 19:50:00",77991,
"2025-10-17 20:00:00",77714,60662
"2025-10-17 20:10:00",77548,
"2025-10-17 20:20:00",77503,
"2025-10-17 20:30:00",77477,
"2025-10-17 20:40:00",77406,
"2025-10-17 20:50:00",77040,
"2025-10-17 21:00:00",76761,60638
"2025-10-17 21:10:00",76116,
"2025-10-17 21:20:00",75774,
"2025-10-17 21:30:00",75148,
"2025-10-17 21:40:00",74479,
"2025-10-17 21:50:00",73700,
"2025-10-17 22:00:00",72804,60652
"2025-10-17 22:10:00",71927,
"2025-10-17 22:20:00",71079,
"2025-10-17 22:30:00",70201,
"2025-10-17 22:40:00",69427,
"2025-10-17 22:50:00",68599,
"2025-10-17 23:00:00",67715,60667
"2025-10-17 23:10:00",66653,
"2025-10-17 23:20:00",66107,
"2025-10-17 23:30:00",65211,
"2025-10-17 23:40:00",64686,
"2025-10-17 23:50:00",64112,
"2025-10-18 00:00:00",63446,60631
"2025-10-18 00:10:00",62723,
"2025-10-18 00:20:00",62221,
"2025-10-18 00:30:00",61629,
"2025-10-18 00:40:00",61282,
"2025-10-18 00:50:00",60883,
"2025-10-18 01:00:00",60547,60565
"2025-10-18 01:10:00",60081,
"2025-10-18 01:20:00",59544,
"2025-10-18 01:30:00",59209,
"2025-10-18 01:40:00",58827,
"2025-10-18 01:50:00",58496,
"2025-10-18 02:00:00",58115,60493
"2025-10-18 02:10:00",57740,
"2025-10-18 02:20:00",57427,
"2025-10-18 02:30:00",57045,
"2025-10-18 02:40:00",56725,
"2025-10-18 02:50:00",56288,
"2025-10-18 03:00:00",55852,60511
"2025-10-18 03:10:00",55299,
"2025-10-18 03:20:00",54752,
"2025-10-18 03:30:00",54188,
"2025-10-18 03:40:00",53411,
"2025-10-18 03:50:00",52831,
"2025-10-18 04:00:00",52296,60612
"2025-10-18 04:10:00",51450,
"2025-10-18 04:20:00",50661,
"2025-10-18 04:30:00",49806,
"2025-10-18 04:40:00",49143,
"2025-10-18 04:50:00",48607,
"2025-10-18 05:00:00",47837,60770
"2025-10-18 05:10:00",47089,
"2025-10-18 05:20:00",46501,
"2025-10-18 05:30:00",45859,
"2025-10-18 05:40:00",45204,
"2025-10-18 05:50:00",44734,
"2025-10-18 06:00:00",44396,60963
"2025-10-18 06:10:00",43733,
"2025-10-18 06:20:00",43455,
"2025-10-18 06:30:00",43059,
"2025-10-18 06:40:00",42859,
"2025-10-18 06:50:00",42746,
"2025-10-18 07:00:00",42721,61210
"2025-10-18 07:10:00",42807,
"2025-10-18 07:20:00",43103,
"2025-10-18 07:30:00",43363,
"2025-10-18 07:40:00",43818,
"2025-10-18 07:50:00",44231,
"2025-10-18 08:00:00",44658,61517
"2025-10-18 08:10:00",45136,
"2025-10-18 08:20:00",45751,
"2025-10-18 08:30:00",46239,
"2025-10-18 08:40:00",47022,
"2025-10-18 08:50:00",47785,
"2025-10-18 09:00:00",48351,61863
"2025-10-18 09:10:00",49058,
"2025-10-18 09:20:00",49866,
"2025-10-18 09:30:00",50221,
"2025-10-18 09:40:00",50644,
"2025-10-18 09:50:00",51699,
"2025-10-18 10:00:00",52667,62247
"2025-10-18 10:10:00",53255,
"2025-10-18 10:20:00",53580,
"2025-10-18 10:30:00",54084,
"2025-10-18 10:40:00",54629,
"2025-10-18 10:50:00",55764,
"2025-10-18 11:00:00",56588,62634
"2025-10-18 11:10:00",57046,
"2025-10-18 11:20:00",57758,
"2025-10-18 11:30:00",58615,
"2025-10-18 11:40:00",59297,
"2025-10-18 11:50:00",60143,
"2025-10-18 12:00:00",61055,63018
"2025-10-18 12:10:00",61823,
"2025-10-18 12:20:00",62782,
"2025-10-18 12:30:00",63867,
"2025-10-18 12:40:00",64634,
"2025-10-18 12:50:00",65397,
"2025-10-18 13:00:00",66093,63358
"2025-10-18 13:10:00",66736,
"2025-10-18 13:20:00",67744,
"2025-10-18 13:30:00",68710,
"2025-10-18 13:40:00",69726,
"2025-10-18 13:50:00",70479,
"2025-10-18 14:00:00",71082,63687
"2025-10-18 14:10:00",71795,
"2025-10-18 14:20:00",72606,
"2025-10-18 14:30:00",73492,
"2025-10-18 14:40:00",74283,
"2025-10-18 14:50:00",75036,
"2025-10-18 15:00:00",75650,64014
"2025-10-18 15:10:00",76385,
"2025-10-18 15:20:00",76992,
"2025-10-18 15:30:00",77538,
"2025-10-18 15:40:00",78123,
"2025-10-18 15:50:00",78820,
"2025-10-18 16:00:00",79250,64325
"2025-10-18 16:10:00",79586,
"2025-10-18 16:20:00",80216,
"2025-10-18 16:30:00",80827,
"2025-10-18 16:40:00",81255,
"2025-10-18 16:50:00",81583,
"2025-10-18 17:00:00",81627,64637
"2025-10-18 17:10:00",81611,
"2025-10-18 17:20:00",81989,
"2025-10-18 17:30:00",82229,
"2025-10-18 17:40:00",82676,
"2025-10-18 17:50:00",83094,
"2025-10-18 18:00:00",83368,64922
"2025-10-18 18:10:00",83621,
"2025-10-18 18:20:00",83805,
"2025-10-18 18:30:00",83901,
"2025-10-18 18:40:00",83949,
"2025-10-18 18:50:00",83898,
"2025-10-18 19:00:00",83870,65181
"2025-10-18 19:10:00",84139,
"2025-10-18 19:20:00",84291,
"2025-10-18 19:30:00",84303,
"2025-10-18 19:40:00",84354,
"2025-10-18 19:50:00",84286,
"2025-10-18 20:00:00",84163,65442
"2025-10-18 20:10:00",84067,
"2025-10-18 20:20:00",83798,
"2025-10-18 20:30:00",83490,
"2025-10-18 20:40:00",83105,
"2025-10-18 20:50:00",82634,
"2025-10-18 21:00:00",82092,65655
"2025-10-18 21:10:00",81471,
"2025-10-18 21:20:00",80694,
"2025-10-18 21:30:00",80287,
"2025-10-18 21:40:00",79511,
"2025-10-18 21:50:00",78720,
"2025-10-18 22:00:00",77425,65844
"2025-10-18 22:10:00",76467,
"2025-10-18 22:20:00",75506,
"2025-10-18 22:30:00",74604,
"2025-10-18 22:40:00",73764,
"2025-10-18 22:50:00",72915,
"2025-10-18 23:00:00",71814,66012
"2025-10-18 23:10:00",70717,
"2025-10-18 23:20:00",69971,
"2025-10-18 23:30:00",69174,
"2025-10-18 23:40:00",68422,
"2025-10-18 23:50:00",67268,
"2025-10-19 00:00:00",66416,66133
"2025-10-19 00:10:00",65516,
"2025-10-19 00:20:00",64832,
"2025-10-19 00:30:00",63952,
"2025-10-19 00:40:00",63186,
"2025-10-19 00:50:00",62639,
"2025-10-19 01:00:00",62036,66194
"2025-10-19 01:10:00",61455,
"2025-10-19 01:20:00",60834,
"2025-10-19 01:30:00",60609,
"2025-10-19 01:40:00",60102,
"2025-10-19 01:50:00",59662,
"2025-10-19 02:00:00",59181,66239
"2025-10-19 02:10:00",58521,
"2025-10-19 02:20:00",58163,
"2025-10-19 02:30:00",57926,
"2025-10-19 02:40:00",57532,
"2025-10-19 02:50:00",56862,
"2025-10-19 03:00:00",56426,66262
"2025-10-19 03:10:00",55814,
"2025-10-19 03:20:00",55182,
"2025-10-19 03:30:00",54574,
"2025-10-19 03:40:00",54031,
"2025-10-19 03:50:00",53649,
"2025-10-19 04:00:00",52996,66281
"2025-10-19 04:10:00",52168,
"2025-10-19 04:20:00",51517,
"2025-10-19 04:30:00",50971,
"2025-10-19 04:40:00",50020,
"2025-10-19 04:50:00",49408,
"2025-10-19 05:00:00",48675,66298
"2025-10-19 05:10:00",48038,
"2025-10-19 05:20:00",47300,
"2025-10-19 05:30:00",46764,
"2025-10-19 05:40:00",46285,
"2025-10-19 05:50:00",45685,
"2025-10-19 06:00:00",45125,66308
"2025-10-19 06:10:00",44600,
"2025-10-19 06:20:00",44214,
"2025-10-19 06:30:00",43948,
"2025-10-19 06:40:00",43881,
"2025-10-19 06:50:00",43748,
"2025-10-19 07:00:00",43581,66312
"2025-10-19 07:10:00",43550,
"2025-10-19 07:20:00",43880,
"2025-10-19 07:30:00",44199,
"2025-10-19 07:40:00",44576,
"2025-10-19 07:50:00",44894,
"2025-10-19 08:00:00",45514,66360
"2025-10-19 08:10:00",46131,
"2025-10-19 08:20:00",46789,
"2025-10-19 08:30:00",47520,
"2025-10-19 08:40:00",48631,
"2025-10-19 08:50:00",49577,
"2025-10-19 09:00:00",50131,66436
"2025-10-19 09:10:00",50772,
"2025-10-19 09:20:00",51613,
"2025-10-19 09:30:00",52813,
"2025-10-19 09:40:00",53629,
"2025-10-19 09:50:00",54252,
"2025-10-19 10:00:00",54719,66527
"2025-10-19 10:10:00",55533,
"2025-10-19 10:20:00",56504,
"2025-10-19 10:30:00",57432,
"2025-10-19 10:40:00",58245,
"2025-10-19 10:50:00",58784,
"2025-10-19 11:00:00",59466,66612
"2025-10-19 11:10:00",60229,
"2025-10-19 11:20:00",61051,
"2025-10-19 11:30:00",61806,
"2025-10-19 11:40:00",62549,
"2025-10-19 11:50:00",63047,
"2025-10-19 12:00:00",63576,66663
"2025-10-19 12:10:00",64507,
"2025-10-19 12:20:00",65284,
"2025-10-19 12:30:00",65989,
"2025-10-19 12:40:00",66742,
"2025-10-19 12:50:00",67439,
"2025-10-19 13:00:00",68192,66723
"2025-10-19 13:10:00",69104,
"2025-10-19 13:20:00",69917,
"2025-10-19 13:30:00",70869,
"2025-10-19 13:40:00",71833,
"2025-10-19 13:50:00",72649,
"2025-10-19 14:00:00",73338,66815
"2025-10-19 14:10:00",74084,
"2025-10-19 14:20:00",75077,
"2025-10-19 14:30:00",76058,
"2025-10-19 14:40:00",77020,
"2025-10-19 14:50:00",77952,
"2025-10-19 15:00:00",78534,66910
"2025-10-19 15:10:00",79296,
"2025-10-19 15:20:00",80117,
"2025-10-19 15:30:00",80679,
"2025-10-19 15:40:00",81233,
"2025-10-19 15:50:00",81689,
"2025-10-19 16:00:00",82200,67030
"2025-10-19 16:10:00",82772,
"2025-10-19 16:20:00",83403,
"2025-10-19 16:30:00",84091,
"2025-10-19 16:40:00",84513,
"2025-10-19 16:50:00",84940,
"2025-10-19 17:00:00",85215,67221
"2025-10-19 17:10:00",85620,
"2025-10-19 17:20:00",85898,
"2025-10-19 17:30:00",86480,
"2025-10-19 17:40:00",87249,
"2025-10-19 17:50:00",88055,
"2025-10-19 18:00:00",88344,67438
"2025-10-19 18:10:00",88620,
"2025-10-19 18:20:00",89002,
"2025-10-19 18:30:00",89296,
"2025-10-19 18:40:00",89487,
"2025-10-19 18:50:00",89475,
"2025-10-19 19:00:00",89335,67636
"2025-10-19 19:10:00",89030,
"2025-10-19 19:20:00",88895,
"2025-10-19 19:30:00",88604,
"2025-10-19 19:40:00",88309,
"2025-10-19 19:50:00",87919,
"2025-10-19 20:00:00",87287,67762
"2025-10-19 20:10:00",87220,
"2025-10-19 20:20:00",87251,
"2025-10-19 20:30:00",87273,
"2025-10-19 20:40:00",87057,
"2025-10-19 20:50:00",87009,
"2025-10-19 21:00:00",86813,67954
"2025-10-19 21:10:00",86557,
"2025-10-19 21:20:00",86147,
"2025-10-19 21:30:00",85050,
"2025-10-19 21:40:00",84275,
"2025-10-19 21:50:00",83272,
"2025-10-19 22:00:00",81891,68132
"2025-10-19 22:10:00",80468,
"2025-10-19 22:20:00",79148,
"2025-10-19 22:30:00",77755,
"2025-10-19 22:40:00",76693,
"2025-10-19 22:50:00",75709,
"2025-10-19 23:00:00",74767,68248
"2025-10-19 23:10:00",73640,
"2025-10-19 23:20:00",72593,
"2025-10-19 23:30:00",71324,
"2025-10-19 23:40:00",70317,
"2025-10-19 23:50:00",69642,
"2025-10-20 00:00:00",68844,68346
"2025-10-20 00:10:00",68058,
"2025-10-20 00:20:00",67397,
"2025-10-20 00:30:00",66947,
"2025-10-20 00:40:00",66340,
"2025-10-20 00:50:00",65602,
"2025-10-20 01:00:00",64798,68457
"2025-10-20 01:10:00",64153,
"2025-10-20 01:20:00",63442,
"2025-10-20 01:30:00",62774,
"2025-10-20 01:40:00",62113,
"2025-10-20 01:50:00",61366,
"2025-10-20 02:00:00",60636,68521
"2025-10-20 02:10:00",59633,
"2025-10-20 02:20:00",58672,
"2025-10-20 02:30:00",57695,
"2025-10-20 02:40:00",56922,
"2025-10-20 02:50:00",55928,
"2025-10-20 03:00:00",54665,68461
"2025-10-20 03:10:00",53378,
"2025-10-20 03:20:00",52335,
"2025-10-20 03:30:00",51042,
"2025-10-20 03:40:00",49922,
"2025-10-20 03:50:00",48797,
"2025-10-20 04:00:00",47811,68269
"2025-10-20 04:10:00",46707,
"2025-10-20 04:20:00",45598,
"2025-10-20 04:30:00",44566,
"2025-10-20 04:40:00",43605,
"2025-10-20 04:50:00",42707,
"2025-10-20 05:00:00",41727,68015
"2025-10-20 05:10:00",40594,
"2025-10-20 05:20:00",39748,
"2025-10-20 05:30:00",38976,
"2025-10-20 05:40:00",38237,
"2025-10-20 05:50:00",37511,
"2025-10-20 06:00:00",36733,67709
"2025-10-20 06:10:00",36279,
"2025-10-20 06:20:00",35823,
"2025-10-20 06:30:00",35451,
"2025-10-20 06:40:00",35011,
"2025-10-20 06:50:00",34764,
"2025-10-20 07:00:00",34574,67389
"2025-10-20 07:10:00",34727,
"2025-10-20 07:20:00",35034,
"2025-10-20 07:30:00",35298,
"2025-10-20 07:40:00",35662,
"2025-10-20 07:50:00",35985,
"2025-10-20 08:00:00",36399,66994
"2025-10-20 08:10:00",36954,
"2025-10-20 08:20:00",37356,
"2025-10-20 08:30:00",37881,
"2025-10-20 08:40:00",38474,
"2025-10-20 08:50:00",38872,
"2025-10-20 09:00:00",39185,66507
"2025-10-20 09:10:00",39519,
"2025-10-20 09:20:00",39903,
"2025-10-20 09:30:00",40203,
"2025-10-20 09:40:00",40894,
"2025-10-20 09:50:00",41385,
"2025-10-20 10:00:00",41693,65939
"2025-10-20 10:10:00",42350,
"2025-10-20 10:20:00",42747,
"2025-10-20 10:30:00",43242,
"2025-10-20 10:40:00",43610,
"2025-10-20 10:50:00",44055,
"2025-10-20 11:00:00",44609,65348
"2025-10-20 11:10:00",45094,
"2025-10-20 11:20:00",45877,
"2025-10-20 11:30:00",46514,
"2025-10-20 11:40:00",47116,
"2025-10-20 11:50:00",47898,
"2025-10-20 12:00:00",48566,64768
"2025-10-20 12:10:00",49290,
"2025-10-20 12:20:00",50125,
"2025-10-20 12:30:00",51041,
"2025-10-20 12:40:00",52019,
"2025-10-20 12:50:00",52733,
"2025-10-20 13:00:00",53474,64217
"2025-10-20 13:10:00",54598,
"2025-10-20 13:20:00",55630,
"2025-10-20 13:30:00",56528,
"2025-10-20 13:40:00",57818,
"2025-10-20 13:50:00",58840,
"2025-10-20 14:00:00",59831,63697
"2025-10-20 14:10:00",60910,
"2025-10-20 14:20:00",62004,
"2025-10-20 14:30:00",62918,
"2025-10-20 14:40:00",64128,
"2025-10-20 14:50:00",65137,
"2025-10-20 15:00:00",65874,63273
"2025-10-20 15:10:00",66955,
"2025-10-20 15:20:00",68035,
"2025-10-20 15:30:00",69323,
"2025-10-20 15:40:00",70444,
"2025-10-20 15:50:00",71425,
"2025-10-20 16:00:00",72200,62970
"2025-10-20 16:10:00",73223,
"2025-10-20 16:20:00",74540,
"2025-10-20 16:30:00",75476,
"2025-10-20 16:40:00",76988,
"2025-10-20 16:50:00",77859,
"2025-10-20 17:00:00",78270,62690
"2025-10-20 17:10:00",78888,
"2025-10-20 17:20:00",79673,
"2025-10-20 17:30:00",80562,
"2025-10-20 17:40:00",81286,
"2025-10-20 17:50:00",81762,
"2025-10-20 18:00:00",82240,62446
"2025-10-20 18:10:00",82545,
"2025-10-20 18:20:00",83094,
"2025-10-20 18:30:00",83732,
"2025-10-20 18:40:00",84076,
"2025-10-20 18:50:00",84221,
"2025-10-20 19:00:00",84234,62225
"2025-10-20 19:10:00",84526,
"2025-10-20 19:20:00",84638,
"2025-10-20 19:30:00",84584,
"2025-10-20 19:40:00",84654,
"2025-10-20 19:50:00",84695,
"2025-10-20 20:00:00",84191,62066
"2025-10-20 20:10:00",83736,
"2025-10-20 20:20:00",83022,
"2025-10-20 20:30:00",82476,
"2025-10-20 20:40:00",81848,
"2025-10-20 20:50:00",81098,
"2025-10-20 21:00:00",79963,61752
"2025-10-20 21:10:00",78612,
"2025-10-20 21:20:00",77544,
"2025-10-20 21:30:00",76621,
"2025-10-20 21:40:00",75516,
"2025-10-20 21:50:00",74570,
"2025-10-20 22:00:00",73478,61378
"2025-10-20 22:10:00",72096,
"2025-10-20 22:20:00",70951,
"2025-10-20 22:30:00",70003,
"2025-10-20 22:40:00",69219,
"2025-10-20 22:50:00",68207,
"2025-10-20 23:00:00",67455,61057
"2025-10-20 23:10:00",66703,
"2025-10-20 23:20:00",65897,
"2025-10-20 23:30:00",65301,61057