"2025-09-20 00:00:00",13342,57248
"2025-09-20 01:00:00",21749,57200
"2025-09-20 02:00:00",32429,57181
"2025-09-20 03:00:00",38442,57202
"2025-09-20 04:00:00",49528,57291
"2025-09-20 05:00:00",58862,57441
"2025-09-20 06:00:00",65769,57706
"2025-09-20 07:00:00",69998,58009
"2025-09-20 08:00:00",72008,58318
"2025-09-20 09:00:00",71691,58581
"2025-09-20 10:00:00",70175,58821
"2025-09-20 11:00:00",88268,58885
"2025-09-20 12:00:00",111323,58977
"2025-09-20 13:00:00",124138,59065
"2025-09-20 14:00:00",124443,59049
"2025-09-20 15:00:00",113041,58975
"2025-09-20 16:00:00",80826,58378
"2025-09-20 17:00:00",53677,57485
"2025-09-20 18:00:00",35392,56715
"2025-09-20 19:00:00",24918,56176
"2025-09-20 20:00:00",18188,55802
"2025-09-20 21:00:00",14462,55548
"2025-09-20 22:00:00",11600,55359
"2025-09-20 23:00:00",9686,55199
"2025-09-21 00:00:00",13459,55121
"2025-09-21 01:00:00",22274,55016
"2025-09-21 02:00:00",33669,54735
"2025-09-21 03:00:00",40999,54285
"2025-09-21 04:00:00",53244,53690
"2025-09-21 05:00:00",65159,53068
"2025-09-21 06:00:00",72819,51985
"2025-09-21 07:00:00",77160,50503
"2025-09-21 08:00:00",78048,49043
"2025-09-21 09:00:00",77205,47917
"2025-09-21 10:00:00",70880,46937
"2025-09-21 11:00:00",88926,46595
"2025-09-21 12:00:00",111481,46445
"2025-09-21 13:00:00",121736,46358
"2025-09-21 14:00:00",120945,46380
"2025-09-21 15:00:00",97684,46396
"2025-09-21 16:00:00",59007,46430
"2025-09-21 17:00:00",35400,46418
"2025-09-21 18:00:00",23093,46380
"2025-09-21 19:00:00",16876,46360
"2025-09-21 20:00:00",13213,46341
"2025-09-21 21:00:00",11149,46317
"2025-09-21 22:00:00",9095,46293
"2025-09-21 23:00:00",7688,46281
"2025-09-22 00:00:00",10744,46273
"2025-09-22 01:00:00",15165,46264
"2025-09-22 02:00:00",22281,46267
"2025-09-22 03:00:00",25897,46287
"2025-09-22 04:00:00",37326,46307
"2025-09-22 05:00:00",37612,46348
"2025-09-22 06:00:00",35167,46355
"2025-09-22 07:00:00",39999,46438
"2025-09-22 08:00:00",49174,46552
"2025-09-22 09:00:00",52151,46651
"2025-09-22 10:00:00",61802,46770
"2025-09-22 11:00:00",84690,46897
"2025-09-22 12:00:00",108970,47009
"2025-09-22 13:00:00",122021,47120
"2025-09-22 14:00:00",121756,47232
"2025-09-22 15:00:00",99379,47330
"2025-09-22 16:00:00",59360,47366
"2025-09-22 17:00:00",34820,47404
"2025-09-22 18:00:00",22726,47464
"2025-09-22 19:00:00",16381,47510
"2025-09-22 20:00:00",12477,47537
"2025-09-22 21:00:00",10369,47556
"2025-09-22 22:00:00",8598,47566
"2025-09-22 23:00:00",7353,47569
"2025-09-23 00:00:00",10689,47578
"2025-09-23 01:00:00",15746,47602
"2025-09-23 02:00:00",23627,47644
"2025-09-23 03:00:00",27322,47700
"2025-09-23 04:00:00",40252,47763
"2025-09-23 05:00:00",40561,47812
"2025-09-23 06:00:00",40126,47919
"2025-09-23 07:00:00",45238,48069
"2025-09-23 08:00:00",53773,48192
"2025-09-23 09:00:00",56036,48265
"2025-09-23 10:00:00",65509,48292
"2025-09-23 11:00:00",87867,48147
"2025-09-23 12:00:00",111919,47973
"2025-09-23 13:00:00",124930,47782
"2025-09-23 14:00:00",124208,47604
"2025-09-23 15:00:00",100357,47442
"2025-09-23 16:00:00",60463,47404
"2025-09-23 17:00:00",36508,47374
"2025-09-23 18:00:00",24066,47337
"2025-09-23 19:00:00",17220,47321
"2025-09-23 20:00:00",13137,47309
"2025-09-23 21:00:00",10755,47302
"2025-09-23 22:00:00",8797,47338
"2025-09-23 23:00:00",7658,47382
"2025-09-24 00:00:00",11336,47433
"2025-09-24 01:00:00",16796,47517
"2025-09-24 02:00:00",25036,47627
"2025-09-24 03:00:00",28742,47829
"2025-09-24 04:00:00",41309,48149
"2025-09-24 05:00:00",42914,49018
"2025-09-24 06:00:00",43593,49845
"2025-09-24 07:00:00",48064,50281
"2025-09-24 08:00:00",55323,50539
"2025-09-24 09:00:00",56373,50863
"2025-09-24 10:00:00",61231,51268
"2025-09-24 11:00:00",82831,51819
"2025-09-24 12:00:00",106409,52384
"2025-09-24 13:00:00",119794,53046
"2025-09-24 14:00:00",119679,53789
"2025-09-24 15:00:00",99183,54551
"2025-09-24 16:00:00",59410,55236
"2025-09-24 17:00:00",35302,55700
"2025-09-24 18:00:00",23490,55908
"2025-09-24 19:00:00",16778,55995
"2025-09-24 20:00:00",12867,56044
"2025-09-24 21:00:00",11693,56094
"2025-09-24 22:00:00",9946,56101
"2025-09-24 23:00:00",8948,56095
"2025-09-25 00:00:00",13485,56101
"2025-09-25 01:00:00",19615,56115
"2025-09-25 02:00:00",30400,56158
"2025-09-25 03:00:00",37434,56214
"2025-09-25 04:00:00",65087,56270
"2025-09-25 05:00:00",65389,55968
"2025-09-25 06:00:00",55371,55610
"2025-09-25 07:00:00",55100,55408
"2025-09-25 08:00:00",64409,55328
"2025-09-25 09:00:00",68513,55268
"2025-09-25 10:00:00",77656,55171
"2025-09-25 11:00:00",99795,55078
"2025-09-25 12:00:00",126105,55012
"2025-09-25 13:00:00",141736,54926
"2025-09-25 14:00:00",141674,54814
"2025-09-25 15:00:00",119052,54692
"2025-09-25 16:00:00",73104,54868
"2025-09-25 17:00:00",41687,55299
"2025-09-25 18:00:00",26428,55697
"2025-09-25 19:00:00",18601,55969
"2025-09-25 20:00:00",14517,56151
"2025-09-25 21:00:00",12069,56250
"2025-09-25 22:00:00",9945,56320
"2025-09-25 23:00:00",9094,56369
"2025-09-26 00:00:00",13750,56394
"2025-09-26 01:00:00",20192,56436
"2025-09-26 02:00:00",30664,56582
"2025-09-26 03:00:00",34662,56750
"2025-09-26 04:00:00",52181,56960
"2025-09-26 05:00:00",52905,57003
"2025-09-26 06:00:00",48307,57363
"2025-09-26 07:00:00",51113,58088
"2025-09-26 08:00:00",60303,58842
"2025-09-26 09:00:00",62382,59298
"2025-09-26 10:00:00",71465,59670
"2025-09-26 11:00:00",93718,59595
"2025-09-26 12:00:00",118842,59435
"2025-09-26 13:00:00",133638,59217
"2025-09-26 14:00:00",133634,58955
"2025-09-26 15:00:00",121066,58782
"2025-09-26 16:00:00",84238,58505
"2025-09-26 17:00:00",52644,58166
"2025-09-26 18:00:00",33954,57912
"2025-09-26 19:00:00",23494,57773
"2025-09-26 20:00:00",17302,57700
"2025-09-26 21:00:00",14051,57681
"2025-09-26 22:00:00",11319,57687
"2025-09-26 23:00:00",9682,57695
"2025-09-27 00:00:00",14820,57706
"2025-09-27 01:00:00",24392,57731
"2025-09-27 02:00:00",36331,57686
"2025-09-27 03:00:00",44097,57639
"2025-09-27 04:00:00",56606,57456
"2025-09-27 05:00:00",65529,57478
"2025-09-27 06:00:00",71208,57346
"2025-09-27 07:00:00",74988,56967
"2025-09-27 08:00:00",75803,56498
"2025-09-27 09:00:00",75461,56230
"2025-09-27 10:00:00",70982,55852
"2025-09-27 11:00:00",91040,55780
"2025-09-27 12:00:00",114591,55795
"2025-09-27 13:00:00",128064,55789
"2025-09-27 14:00:00",128058,55757
"2025-09-27 15:00:00",109760,55658
"2025-09-27 16:00:00",71031,55472
"2025-09-27 17:00:00",42904,55244
"2025-09-27 18:00:00",28433,55093
"2025-09-27 19:00:00",20571,54996
"2025-09-27 20:00:00",16262,54936
"2025-09-27 21:00:00",13910,54897
"2025-09-27 22:00:00",11489,54865
"2025-09-27 23:00:00",9806,54835
"2025-09-28 00:00:00",14445,54810
"2025-09-28 01:00:00",21400,54743
"2025-09-28 02:00:00",32123,54632
"2025-09-28 03:00:00",37081,54429
"2025-09-28 04:00:00",53493,54229
"2025-09-28 05:00:00",54400,53855
"2025-09-28 06:00:00",51891,53371
"2025-09-28 07:00:00",55306,52859
"2025-09-28 08:00:00",63053,52436
"2025-09-28 09:00:00",63438,52039
"2025-09-28 10:00:00",69298,51813
"2025-09-28 11:00:00",92599,51689
"2025-09-28 12:00:00",115931,51546
"2025-09-28 13:00:00",128584,51391
"2025-09-28 14:00:00",128374,51266
"2025-09-28 15:00:00",107950,51121
"2025-09-28 16:00:00",66771,51035
"2025-09-28 17:00:00",39733,51033
"2025-09-28 18:00:00",26091,51035
"2025-09-28 19:00:00",18839,51025
"2025-09-28 20:00:00",14838,51016
"2025-09-28 21:00:00",12633,51006
"2025-09-28 22:00:00",10305,51006
"2025-09-28 23:00:00",8940,51015
"2025-09-29 00:00:00",13120,51024
"2025-09-29 01:00:00",19073,51032
"2025-09-29 02:00:00",27836,51037
"2025-09-29 03:00:00",31484,51028
"2025-09-29 04:00:00",45090,50947
"2025-09-29 05:00:00",45401,50865
"2025-09-29 06:00:00",42135,50784
"2025-09-29 07:00:00",45970,50791
"2025-09-29 08:00:00",54282,50780
"2025-09-29 09:00:00",56499,50703
"2025-09-29 10:00:00",64483,50598
"2025-09-29 11:00:00",87174,50437
"2025-09-29 12:00:00",110454,50170
"2025-09-29 13:00:00",124116,49815
"2025-09-29 14:00:00",124071,49396
"2025-09-29 15:00:00",106538,49017
"2025-09-29 16:00:00",67742,48908
"2025-09-29 17:00:00",40535,49178
"2025-09-29 18:00:00",26250,49538
"2025-09-29 19:00:00",18920,49822
"2025-09-29 20:00:00",14842,50022
"2025-09-29 21:00:00",12932,50222
"2025-09-29 22:00:00",10798,50366
"2025-09-29 23:00:00",9626,50486
"2025-09-30 00:00:00",14200,50618
"2025-09-30 01:00:00",20840,50833
"2025-09-30 02:00:00",29725,51181
"2025-09-30 03:00:00",32131,51549
"2025-09-30 04:00:00",45957,51963
"2025-09-30 05:00:00",46690,52212
"2025-09-30 06:00:00",46273,52729
"2025-09-30 07:00:00",49349,53415
"2025-09-30 08:00:00",54600,54005
"2025-09-30 09:00:00",54963,54420
"2025-09-30 10:00:00",61314,54748
"2025-09-30 11:00:00",80353,54748
"2025-09-30 12:00:00",100096,54618
"2025-09-30 13:00:00",111475,54377
"2025-09-30 14:00:00",111478,54032
"2025-09-30 15:00:00",102268,53801
"2025-09-30 16:00:00",76743,53758
"2025-09-30 17:00:00",53002,53850
"2025-09-30 18:00:00",36149,53944
"2025-09-30 19:00:00",25954,54046
"2025-09-30 20:00:00",21741,54155
"2025-09-30 21:00:00",17812,54231
"2025-09-30 22:00:00",14732,54317
"2025-09-30 23:00:00",13840,54396
"2025-10-01 00:00:00",21015,54529
"2025-10-01 01:00:00",32372,54738
"2025-10-01 02:00:00",42608,54993
"2025-10-01 03:00:00",46586,55300
"2025-10-01 04:00:00",54353,55522
"2025-10-01 05:00:00",63311,55882
"2025-10-01 06:00:00",69418,56346
"2025-10-01 07:00:00",70607,56763
"2025-10-01 08:00:00",70624,57107
"2025-10-01 09:00:00",68702,57418
"2025-10-01 10:00:00",65085,57561
"2025-10-01 11:00:00",81269,57639
"2025-10-01 12:00:00",98241,57687
"2025-10-01 13:00:00",105784,57681
"2025-10-01 14:00:00",105692,57656
"2025-10-01 15:00:00",96367,57624
"2025-10-01 16:00:00",73891,57616
"2025-10-01 17:00:00",51548,57621
"2025-10-01 18:00:00",36470,57638
"2025-10-01 19:00:00",26565,57648
"2025-10-01 20:00:00",22227,57659
"2025-10-01 21:00:00",19118,57642
"2025-10-01 22:00:00",15656,57611
"2025-10-01 23:00:00",15300,57592
"2025-10-02 00:00:00",22681,57547
"2025-10-02 01:00:00",34958,57467
"2025-10-02 02:00:00",46227,57339
"2025-10-02 03:00:00",50383,57170
"2025-10-02 04:00:00",58673,57004
"2025-10-02 05:00:00",67776,56813
"2025-10-02 06:00:00",73088,56606
"2025-10-02 07:00:00",74480,56438
"2025-10-02 08:00:00",74518,56302
"2025-10-02 09:00:00",71946,56162
"2025-10-02 10:00:00",67562,56037
"2025-10-02 11:00:00",84251,55966
"2025-10-02 12:00:00",101415,55895
"2025-10-02 13:00:00",108353,55792
"2025-10-02 14:00:00",108123,55697
"2025-10-02 15:00:00",97881,55588
"2025-10-02 16:00:00",75065,55497
"2025-10-02 17:00:00",52120,55420
"2025-10-02 18:00:00",36641,55361
"2025-10-02 19:00:00",26778,55294
"2025-10-02 20:00:00",20880,55232
"2025-10-02 21:00:00",17452,55167
"2025-10-02 22:00:00",14109,55103
"2025-10-02 23:00:00",12613,55024
"2025-10-03 00:00:00",17978,54900
"2025-10-03 01:00:00",27705,54719
"2025-10-03 02:00:00",37163,54475
"2025-10-03 03:00:00",41073,54214
"2025-10-03 04:00:00",48204,53933
"2025-10-03 05:00:00",57145,53682
"2025-10-03 06:00:00",63766,53474
"2025-10-03 07:00:00",66418,53303
"2025-10-03 08:00:00",66633,53144
"2025-10-03 09:00:00",65135,53010
"2025-10-03 10:00:00",62528,52909
"2025-10-03 11:00:00",79091,52781
"2025-10-03 12:00:00",95310,52599
"2025-10-03 13:00:00",102628,52431
"2025-10-03 14:00:00",102419,52291
"2025-10-03 15:00:00",93081,52170
"2025-10-03 16:00:00",71263,52097
"2025-10-03 17:00:00",49327,52055
"2025-10-03 18:00:00",33460,52015
"2025-10-03 19:00:00",24854,52025
"2025-10-03 20:00:00",19116,52014
"2025-10-03 21:00:00",15607,51990
"2025-10-03 22:00:00",12460,51962
"2025-10-03 23:00:00",10602,51928
"2025-10-04 00:00:00",15413,51875
"2025-10-04 01:00:00",23929,51774
"2025-10-04 02:00:00",32832,51658
"2025-10-04 03:00:00",36806,51550
"2025-10-04 04:00:00",45368,51483
"2025-10-04 05:00:00",55132,51416
"2025-10-04 06:00:00",62427,51388
"2025-10-04 07:00:00",65464,51372
"2025-10-04 08:00:00",65945,51380
"2025-10-04 09:00:00",64524,51393
"2025-10-04 10:00:00",60901,51402
"2025-10-04 11:00:00",75881,51360
"2025-10-04 12:00:00",92453,51324
"2025-10-04 13:00:00",100951,51353
"2025-10-04 14:00:00",100880,51361
"2025-10-04 15:00:00",92825,51396
"2025-10-04 16:00:00",71556,51422
"2025-10-04 17:00:00",49999,51448
"2025-10-04 18:00:00",35321,51472
"2025-10-04 19:00:00",25739,51484
"2025-10-04 20:00:00",19472,51486
"2025-10-04 21:00:00",15654,51478
"2025-10-04 22:00:00",12535,51465
"2025-10-04 23:00:00",10300,51447
"2025-10-05 00:00:00",14043,51410
"2025-10-05 01:00:00",22377,51374
"2025-10-05 02:00:00",31594,51340
"2025-10-05 03:00:00",36181,51295
"2025-10-05 04:00:00",44037,51214
"2025-10-05 05:00:00",55006,51170
"2025-10-05 06:00:00",62472,51139
"2025-10-05 07:00:00",66401,51151
"2025-10-05 08:00:00",67029,51159
"2025-10-05 09:00:00",66297,51174
"2025-10-05 10:00:00",61810,51159
"2025-10-05 11:00:00",76756,51096
"2025-10-05 12:00:00",95245,51077
"2025-10-05 13:00:00",102691,51022
"2025-10-05 14:00:00",102727,50964
"2025-10-05 15:00:00",93770,50889
"2025-10-05 16:00:00",72141,50794
"2025-10-05 17:00:00",49441,50672
"2025-10-05 18:00:00",35082,50607
"2025-10-05 19:00:00",25508,50550
"2025-10-05 20:00:00",19091,50501
"2025-10-05 21:00:00",14980,50457
"2025-10-05 22:00:00",12009,50428
"2025-10-05 23:00:00",9884,50407
"2025-10-06 00:00:00",13852,50394
"2025-10-06 01:00:00",21952,50362
"2025-10-06 02:00:00",30091,50282
"2025-10-06 03:00:00",33679,50170
"2025-10-06 04:00:00",42092,50088
"2025-10-06 05:00:00",53539,49993
"2025-10-06 06:00:00",62096,49843
"2025-10-06 07:00:00",65758,49638
"2025-10-06 08:00:00",65983,49533
"2025-10-06 09:00:00",64685,49449
"2025-10-06 10:00:00",57889,49335
"2025-10-06 11:00:00",73037,49315
"2025-10-06 12:00:00",90814,49296
"2025-10-06 13:00:00",97964,49269
"2025-10-06 14:00:00",98021,49255
"2025-10-06 15:00:00",88482,49224
"2025-10-06 16:00:00",66676,49164
"2025-10-06 17:00:00",46377,49110
"2025-10-06 18:00:00",32419,48928
"2025-10-06 19:00:00",23318,48858
"2025-10-06 20:00:00",17503,48812
"2025-10-06 21:00:00",13955,48784
"2025-10-06 22:00:00",11244,48767
"2025-10-06 23:00:00",9323,48747
"2025-10-07 00:00:00",12563,48707
"2025-10-07 01:00:00",19432,48655
"2025-10-07 02:00:00",27024,48596
"2025-10-07 03:00:00",31536,48571
"2025-10-07 04:00:00",38758,48520
"2025-10-07 05:00:00",46193,48400
"2025-10-07 06:00:00",52247,48253
"2025-10-07 07:00:00",61366,48253
"2025-10-07 08:00:00",63314,48209
"2025-10-07 09:00:00",63035,48186
"2025-10-07 10:00:00",60836,48268
"2025-10-07 11:00:00",76943,48410
"2025-10-07 12:00:00",94654,48607
"2025-10-07 13:00:00",102470,48862
"2025-10-07 14:00:00",102405,49109
"2025-10-07 15:00:00",91595,49314
"2025-10-07 16:00:00",67367,49281
"2025-10-07 17:00:00",39960,48921
"2025-10-07 18:00:00",31268,48796
"2025-10-07 19:00:00",22694,48643
"2025-10-07 20:00:00",17204,48517
"2025-10-07 21:00:00",13871,48448
"2025-10-07 22:00:00",10820,48387
"2025-10-07 23:00:00",8685,48341
"2025-10-08 00:00:00",12783,48329
"2025-10-08 01:00:00",20011,48321
"2025-10-08 02:00:00",28233,48286
"2025-10-08 03:00:00",32892,48249
"2025-10-08 04:00:00",41423,48229
"2025-10-08 05:00:00",50618,48322
"2025-10-08 06:00:00",57832,48291
"2025-10-08 07:00:00",62435,47982
"2025-10-08 08:00:00",64252,47669
"2025-10-08 09:00:00",63859,47452
"2025-10-08 10:00:00",63661,47320
"2025-10-08 11:00:00",82934,47429
"2025-10-08 12:00:00",102981,47592
"2025-10-08 13:00:00",110530,47753
"2025-10-08 14:00:00",109828,47926
"2025-10-08 15:00:00",88950,47841
"2025-10-08 16:00:00",55890,47532
"2025-10-08 17:00:00",34608,47361
"2025-10-08 18:00:00",23580,47127
"2025-10-08 19:00:00",16052,46928
"2025-10-08 20:00:00",13456,46824
"2025-10-08 21:00:00",11022,46730
"2025-10-08 22:00:00",9080,46666
"2025-10-08 23:00:00",7752,46623
"2025-10-09 00:00:00",11552,46556
"2025-10-09 01:00:00",16314,46315
"2025-10-09 02:00:00",24200,46000
"2025-10-09 03:00:00",27906,45561
"2025-10-09 04:00:00",40496,45238
"2025-10-09 05:00:00",40786,44546
"2025-10-09 06:00:00",38093,43666
"2025-10-09 07:00:00",42519,43232
"2025-10-09 08:00:00",50050,42789
"2025-10-09 09:00:00",51625,43856
"2025-10-09 10:00:00",60932,45165
"2025-10-09 11:00:00",79921,46305
"2025-10-09 12:00:00",100213,47527
"2025-10-09 13:00:00",109304,48669
"2025-10-09 14:00:00",108247,49760
"2025-10-09 15:00:00",87172,50823
"2025-10-09 16:00:00",53268,51675
"2025-10-09 17:00:00",31685,52197
"2025-10-09 18:00:00",21260,52478
"2025-10-09 19:00:00",15100,52663
"2025-10-09 20:00:00",11699,52752
"2025-10-09 21:00:00",9408,52799
"2025-10-09 22:00:00",7480,52827
"2025-10-09 23:00:00",5138,52815
"2025-10-10 00:00:00",2019,52629
"2025-10-10 01:00:00",2693,52465
"2025-10-10 02:00:00",4263,52235
"2025-10-10 03:00:00",8585,52195
"2025-10-10 04:00:00",12237,51938
"2025-10-10 05:00:00",16728,52062
"2025-10-10 06:00:00",42655,52912
"2025-10-10 07:00:00",37232,53066
"2025-10-10 08:00:00",138164,55922
"2025-10-10 09:00:00",140070,57469
"2025-10-10 10:00:00",139635,58753
"2025-10-10 11:00:00",164065,60391
"2025-10-10 12:00:00",177200,61878
"2025-10-10 13:00:00",184114,63503
"2025-10-10 14:00:00",182147,65213
"2025-10-10 15:00:00",149248,66631
"2025-10-10 16:00:00",94628,67709
"2025-10-10 17:00:00",56324,68509
"2025-10-10 18:00:00",37379,69103
"2025-10-10 19:00:00",26295,69518
"2025-10-10 20:00:00",19992,69818
"2025-10-10 21:00:00",16449,70057
"2025-10-10 22:00:00",13758,70258
"2025-10-10 23:00:00",12214,70473
"2025-10-11 00:00:00",18249,70934
"2025-10-11 01:00:00",26312,71600
"2025-10-11 02:00:00",39972,72659
"2025-10-11 03:00:00",46501,73801
"2025-10-11 04:00:00",69087,75540
"2025-10-11 05:00:00",70570,77143
"2025-10-11 06:00:00",67140,78108
"2025-10-11 07:00:00",72332,79564
"2025-10-11 08:00:00",80612,78349
"2025-10-11 09:00:00",81627,76998
"2025-10-11 10:00:00",94581,75979
"2025-10-11 11:00:00",121192,74761
"2025-10-11 12:00:00",147541,73956
"2025-10-11 13:00:00",161472,73260
"2025-10-11 14:00:00",161251,72539
"2025-10-11 15:00:00",144655,72270
"2025-10-11 16:00:00",103209,72204
"2025-10-11 17:00:00",67068,72137
"2025-10-11 18:00:00",45138,72069
"2025-10-11 19:00:00",31490,72020
"2025-10-11 20:00:00",23195,71991
"2025-10-11 21:00:00",18524,71971
"2025-10-11 22:00:00",15059,71954
"2025-10-11 23:00:00",12651,71924
"2025-10-12 00:00:00",18184,71888
"2025-10-12 01:00:00",29837,71943
"2025-10-12 02:00:00",44769,71966
"2025-10-12 03:00:00",55454,72053
"2025-10-12 04:00:00",73778,71956
"2025-10-12 05:00:00",90192,72291
"2025-10-12 06:00:00",100989,72865
"2025-10-12 07:00:00",105097,73237
"2025-10-12 08:00:00",105653,73405
"2025-10-12 09:00:00",103237,73615
"2025-10-12 10:00:00",96376,73319
"2025-10-12 11:00:00",125748,73329
"2025-10-12 12:00:00",145027,73077
"2025-10-12 13:00:00",153220,72754
"2025-10-12 14:00:00",151273,72470
"2025-10-12 15:00:00",120254,71765
"2025-10-12 16:00:00",73439,70937
"2025-10-12 17:00:00",43800,70264
"2025-10-12 18:00:00",29274,69792
"2025-10-12 19:00:00",21716,69498
"2025-10-12 20:00:00",16780,69305
"2025-10-12 21:00:00",14167,69177
"2025-10-12 22:00:00",11665,69079
"2025-10-12 23:00:00",9954,69006
"2025-10-13 00:00:00",14133,68896
"2025-10-13 01:00:00",19923,68599
"2025-10-13 02:00:00",29759,68141
"2025-10-13 03:00:00",35419,67521
"2025-10-13 04:00:00",52335,66842
"2025-10-13 05:00:00",52462,65651
"2025-10-13 06:00:00",48132,63991
"2025-10-13 07:00:00",53786,62379
"2025-10-13 08:00:00",66143,61130
"2025-10-13 09:00:00",71034,60072
"2025-10-13 10:00:00",83213,59598
"2025-10-13 11:00:00",108156,58964
"2025-10-13 12:00:00",136378,58609
"2025-10-13 13:00:00",152648,58535
"2025-10-13 14:00:00",152395,58516
"2025-10-13 15:00:00",125133,58619
"2025-10-13 16:00:00",74894,58618
"2025-10-13 17:00:00",43196,58571
"2025-10-13 18:00:00",28005,58514
"2025-10-13 19:00:00",20294,58462
"2025-10-13 20:00:00",15717,58424
"2025-10-13 21:00:00",13004,58385
"2025-10-13 22:00:00",10995,58366
"2025-10-13 23:00:00",9465,58355
"2025-10-13 23:10:00",9337,
"2025-10-13 23:20:00",9303,
"2025-10-13 23:30:00",9358,
"2025-10-13 23:40:00",9440,
"2025-10-13 23:50:00",9617,
"2025-10-14 00:00:00",9727,58331
"2025-10-14 00:10:00",10100,
"2025-10-14 00:20:00",10811,
"2025-10-14 00:30:00",11584,
"2025-10-14 00:40:00",12569,
"2025-10-14 00:50:00",13439,
"2025-10-14 01:00:00",14342,58298
"2025-10-14 01:10:00",15215,
"2025-10-14 01:20:00",16129,
"2025-10-14 01:30:00",16986,
"2025-10-14 01:40:00",17891,
"2025-10-14 01:50:00",19038,
"2025-10-14 02:00:00",20341,58247
"2025-10-14 02:10:00",22153,
"2025-10-14 02:20:00",24039,
"2025-10-14 02:30:00",25693,
"2025-10-14 02:40:00",27196,
"2025-10-14 02:50:00",28433,
"2025-10-14 03:00:00",29224,58149
"2025-10-14 03:10:00",29842,
"2025-10-14 03:20:00",30406,
"2025-10-14 03:30:00",30886,
"2025-10-14 03:40:00",31655,
"2025-10-14 03:50:00",32850,
"2025-10-14 04:00:00",34594,58045
"2025-10-14 04:10:00",37329,
"2025-10-14 04:20:00",41129,
"2025-10-14 04:30:00",44787,
"2025-10-14 04:40:00",47812,
"2025-10-14 04:50:00",49627,
"2025-10-14 05:00:00",50489,57955
"2025-10-14 05:10:00",50276,
"2025-10-14 05:20:00",49706,
"2025-10-14 05:30:00",48943,
"2025-10-14 05:40:00",47772,
"2025-10-14 05:50:00",46615,
"2025-10-14 06:00:00",45791,57878
"2025-10-14 06:10:00",45430,
"2025-10-14 06:20:00",45540,
"2025-10-14 06:30:00",45822,
"2025-10-14 06:40:00",46338,
"2025-10-14 06:50:00",46599,
"2025-10-14 07:00:00",47111,57820
"2025-10-14 07:10:00",47886,
"2025-10-14 07:20:00",48775,
"2025-10-14 07:30:00",49569,
"2025-10-14 07:40:00",50884,
"2025-10-14 07:50:00",52182,
"2025-10-14 08:00:00",54157,57647
"2025-10-14 08:10:00",55861,
"2025-10-14 08:20:00",57511,
"2025-10-14 08:30:00",58988,
"2025-10-14 08:40:00",60242,
"2025-10-14 08:50:00",61236,
"2025-10-14 09:00:00",62384,57427
"2025-10-14 09:10:00",63305,
"2025-10-14 09:20:00",63576,
"2025-10-14 09:30:00",63636,
"2025-10-14 09:40:00",63991,
"2025-10-14 09:50:00",64839,
"2025-10-14 10:00:00",65891,57124
"2025-10-14 10:10:00",67596,
"2025-10-14 10:20:00",69012,
"2025-10-14 10:30:00",70667,
"2025-10-14 10:40:00",72586,
"2025-10-14 10:50:00",75073,
"2025-10-14 11:00:00",78483,56817
"2025-10-14 11:10:00",83084,
"2025-10-14 11:20:00",86816,
"2025-10-14 11:30:00",90097,
"2025-10-14 11:40:00",93870,
"2025-10-14 11:50:00",99832,
"2025-10-14 12:00:00",106330,56581
"2025-10-14 12:10:00",111577,
"2025-10-14 12:20:00",116493,
"2025-10-14 12:30:00",121410,
"2025-10-14 12:40:00",126114,
"2025-10-14 12:50:00",130568,
"2025-10-14 13:00:00",134917,56313
"2025-10-14 13:10:00",138528,
"2025-10-14 13:20:00",142084,
"2025-10-14 13:30:00",144595,
"2025-10-14 13:40:00",146324,
"2025-10-14 13:50:00",146943,
"2025-10-14 14:00:00",146843,56054
"2025-10-14 14:10:00",145405,
"2025-10-14 14:20:00",142691,
"2025-10-14 14:30:00",139029,
"2025-10-14 14:40:00",133840,
"2025-10-14 14:50:00",127716,
"2025-10-14 15:00:00",120013,55807
"2025-10-14 15:10:00",110081,
"2025-10-14 15:20:00",102017,
"2025-10-14 15:30:00",94091,
"2025-10-14 15:40:00",85731,
"2025-10-14 15:50:00",78508,
"2025-10-14 16:00:00",71646,55655
"2025-10-14 16:10:00",64238,
"2025-10-14 16:20:00",58200,
"2025-10-14 16:30:00",52965,
"2025-10-14 16:40:00",48378,
"2025-10-14 16:50:00",44432,
"2025-10-14 17:00:00",41030,55563
"2025-10-14 17:10:00",37719,
"2025-10-14 17:20:00",34895,
"2025-10-14 17:30:00",31679,
"2025-10-14 17:40:00",30553,
"2025-10-14 17:50:00",28614,
"2025-10-14 18:00:00",26986,55526
"2025-10-14 18:10:00",25290,
"2025-10-14 18:20:00",23752,
"2025-10-14 18:30:00",22467,
"2025-10-14 18:40:00",21417,
"2025-10-14 18:50:00",20444,
"2025-10-14 19:00:00",19468,55502
"2025-10-14 19:10:00",18392,
"2025-10-14 19:20:00",17637,
"2025-10-14 19:30:00",17015,
"2025-10-14 19:40:00",16287,
"2025-10-14 19:50:00",15710,
"2025-10-14 20:00:00",15098,55488
"2025-10-14 20:10:00",14770,
"2025-10-14 20:20:00",14403,
"2025-10-14 20:30:00",13971,
"2025-10-14 20:40:00",13613,
"2025-10-14 20:50:00",13201,
"2025-10-14 21:00:00",12770,55489
"2025-10-14 21:10:00",12292,
"2025-10-14 21:20:00",11850,
"2025-10-14 21:30:00",11541,
"2025-10-14 21:40:00",11259,
"2025-10-14 21:50:00",10959,
"2025-10-14 22:00:00",10654,55486
"2025-10-14 22:10:00",9918,
"2025-10-14 22:20:00",9881,
"2025-10-14 22:30:00",9635,
"2025-10-14 22:40:00",9380,
"2025-10-14 22:50:00",9198,
"2025-10-14 23:00:00",8980,55472
"2025-10-14 23:10:00",8764,
"2025-10-14 23:20:00",8723,
"2025-10-14 23:30:00",8705,
"2025-10-14 23:40:00",8814,
"2025-10-14 23:50:00",8864,
"2025-10-15 00:00:00",9059,55448
"2025-10-15 00:10:00",9505,
"2025-10-15 00:20:00",10142,
"2025-10-15 00:30:00",10915,
"2025-10-15 00:40:00",11738,
"2025-10-15 00:50:00",12576,
"2025-10-15 01:00:00",13304,55405
"2025-10-15 01:10:00",14275,
"2025-10-15 01:20:00",15104,
"2025-10-15 01:30:00",15821,
"2025-10-15 01:40:00",16608,
"2025-10-15 01:50:00",17664,
"2025-10-15 02:00:00",19016,55342
"2025-10-15 02:10:00",20465,
"2025-10-15 02:20:00",22307,
"2025-10-15 02:30:00",23908,
"2025-10-15 02:40:00",25325,
"2025-10-15 02:50:00",26434,
"2025-10-15 03:00:00",27344,55271
"2025-10-15 03:10:00",27777,
"2025-10-15 03:20:00",28261,
"2025-10-15 03:30:00",28636,
"2025-10-15 03:40:00",29439,
"2025-10-15 03:50:00",30649,
"2025-10-15 04:00:00",32607,55164
"2025-10-15 04:10:00",35249,
"2025-10-15 04:20:00",38649,
"2025-10-15 04:30:00",41639,
"2025-10-15 04:40:00",44449,
"2025-10-15 04:50:00",46381,
"2025-10-15 05:00:00",47010,55048
"2025-10-15 05:10:00",47097,
"2025-10-15 05:20:00",46686,
"2025-10-15 05:30:00",46274,
"2025-10-15 05:40:00",45601,
"2025-10-15 05:50:00",45000,
"2025-10-15 06:00:00",44359,55009
"2025-10-15 06:10:00",43970,
"2025-10-15 06:20:00",44150,
"2025-10-15 06:30:00",44593,
"2025-10-15 06:40:00",45065,
"2025-10-15 06:50:00",45540,
"2025-10-15 07:00:00",45942,54931
"2025-10-15 07:10:00",46642,
"2025-10-15 07:20:00",47388,
"2025-10-15 07:30:00",48190,
"2025-10-15 07:40:00",49128,
"2025-10-15 07:50:00",50267,
"2025-10-15 08:00:00",51920,54842
"2025-10-15 08:10:00",53703,
"2025-10-15 08:20:00",55615,
"2025-10-15 08:30:00",56923,
"2025-10-15 08:40:00",58180,
"2025-10-15 08:50:00",58893,
"2025-10-15 09:00:00",59561,54683
"2025-10-15 09:10:00",59668,
"2025-10-15 09:20:00",59827,
"2025-10-15 09:30:00",59765,
"2025-10-15 09:40:00",59948,
"2025-10-15 09:50:00",60413,
"2025-10-15 10:00:00",61329,54538
"2025-10-15 10:10:00",62510,
"2025-10-15 10:20:00",64269,
"2025-10-15 10:30:00",66167,
"2025-10-15 10:40:00",68305,
"2025-10-15 10:50:00",70814,
"2025-10-15 11:00:00",73767,54352
"2025-10-15 11:10:00",77717,
"2025-10-15 11:20:00",81943,
"2025-10-15 11:30:00",86042,
"2025-10-15 11:40:00",90108,
"2025-10-15 11:50:00",94359,
"2025-10-15 12:00:00",98689,54026
"2025-10-15 12:10:00",103604,
"2025-10-15 12:20:00",108165,
"2025-10-15 12:30:00",112466,
"2025-10-15 12:40:00",116917,
"2025-10-15 12:50:00",121054,
"2025-10-15 13:00:00",124797,53712
"2025-10-15 13:10:00",128631,
"2025-10-15 13:20:00",132051,
"2025-10-15 13:30:00",134739,
"2025-10-15 13:40:00",136761,
"2025-10-15 13:50:00",137781,
"2025-10-15 14:00:00",137340,53374
"2025-10-15 14:10:00",136463,
"2025-10-15 14:20:00",134846,
"2025-10-15 14:30:00",131997,
"2025-10-15 14:40:00",127245,
"2025-10-15 14:50:00",121944,
"2025-10-15 15:00:00",114402,53172
"2025-10-15 15:10:00",105177,
"2025-10-15 15:20:00",97284,
"2025-10-15 15:30:00",89830,
"2025-10-15 15:40:00",82152,
"2025-10-15 15:50:00",75372,
"2025-10-15 16:00:00",68732,53054
"2025-10-15 16:10:00",61744,
"2025-10-15 16:20:00",55925,
"2025-10-15 16:30:00",50969,
"2025-10-15 16:40:00",46889,
"2025-10-15 16:50:00",43378,
"2025-10-15 17:00:00",40144,53016
"2025-10-15 17:10:00",37161,
"2025-10-15 17:20:00",34683,
"2025-10-15 17:30:00",32531,
"2025-10-15 17:40:00",30542,
"2025-10-15 17:50:00",28724,
"2025-10-15 18:00:00",26981,53016
"2025-10-15 18:10:00",25423,
"2025-10-15 18:20:00",24176,
"2025-10-15 18:30:00",22959,
"2025-10-15 18:40:00",21744,
"2025-10-15 18:50:00",20667,
"2025-10-15 19:00:00",19751,53020
"2025-10-15 19:10:00",18942,
"2025-10-15 19:20:00",18187,
"2025-10-15 19:30:00",17451,
"2025-10-15 19:40:00",16705,
"2025-10-15 19:50:00",16149,
"2025-10-15 20:00:00",15666,53034
"2025-10-15 20:10:00",15403,
"2025-10-15 20:20:00",15047,
"2025-10-15 20:30:00",14663,
"2025-10-15 20:40:00",14194,
"2025-10-15 20:50:00",13742,
"2025-10-15 21:00:00",13385,53048
"2025-10-15 21:10:00",12808,
"2025-10-15 21:20:00",12420,
"2025-10-15 21:30:00",11955,
"2025-10-15 21:40:00",11617,
"2025-10-15 21:50:00",11333,
"2025-10-15 22:00:00",10990,53053
"2025-10-15 22:10:00",10691,
"2025-10-15 22:20:00",10346,
"2025-10-15 22:30:00",10030,
"2025-10-15 22:40:00",9699,
"2025-10-15 22:50:00",9451,
"2025-10-15 23:00:00",9162,53054
"2025-10-15 23:10:00",9034,
"2025-10-15 23:20:00",8944,
"2025-10-15 23:30:00",8904,
"2025-10-15 23:40:00",8851,
"2025-10-15 23:50:00",8981,
"2025-10-16 00:00:00",9118,53050
"2025-10-16 00:10:00",9590,
"2025-10-16 00:20:00",10210,
"2025-10-16 00:30:00",10997,
"2025-10-16 00:40:00",11797,
"2025-10-16 00:50:00",12542,
"2025-10-16 01:00:00",13408,53051
"2025-10-16 01:10:00",14218,
"2025-10-16 01:20:00",14980,
"2025-10-16 01:30:00",15834,
"2025-10-16 01:40:00",16678,
"2025-10-16 01:50:00",17708,
"2025-10-16 02:00:00",18971,53052
"2025-10-16 02:10:00",20471,
"2025-10-16 02:20:00",22163,
"2025-10-16 02:30:00",23825,
"2025-10-16 02:40:00",25239,
"2025-10-16 02:50:00",26447,
"2025-10-16 03:00:00",27206,53051
"2025-10-16 03:10:00",27686,
"2025-10-16 03:20:00",28122,
"2025-10-16 03:30:00",28451,
"2025-10-16 03:40:00",29344,
"2025-10-16 03:50:00",30578,
"2025-10-16 04:00:00",32181,53032
"2025-10-16 04:10:00",34898,
"2025-10-16 04:20:00",38456,
"2025-10-16 04:30:00",41700,
"2025-10-16 04:40:00",44108,
"2025-10-16 04:50:00",45745,
"2025-10-16 05:00:00",46326,53002
"2025-10-16 05:10:00",46141,
"2025-10-16 05:20:00",45653,
"2025-10-16 05:30:00",45059,
"2025-10-16 05:40:00",44053,
"2025-10-16 05:50:00",43222,
"2025-10-16 06:00:00",42725,52930
"2025-10-16 06:10:00",42257,
"2025-10-16 06:20:00",42420,
"2025-10-16 06:30:00",42683,
"2025-10-16 06:40:00",42997,
"2025-10-16 06:50:00",43482,
"2025-10-16 07:00:00",43970,52888
"2025-10-16 07:10:00",44586,
"2025-10-16 07:20:00",45429,
"2025-10-16 07:30:00",46098,
"2025-10-16 07:40:00",47102,
"2025-10-16 07:50:00",48599,
"2025-10-16 08:00:00",50471,52852
"2025-10-16 08:10:00",51773,
"2025-10-16 08:20:00",53759,
"2025-10-16 08:30:00",55393,
"2025-10-16 08:40:00",56752,
"2025-10-16 08:50:00",57423,
"2025-10-16 09:00:00",57906,52855
"2025-10-16 09:10:00",58126,
"2025-10-16 09:20:00",58332,
"2025-10-16 09:30:00",58740,
"2025-10-16 09:40:00",59355,
"2025-10-16 09:50:00",60201,
"2025-10-16 10:00:00",60790,52851
"2025-10-16 10:10:00",61925,
"2025-10-16 10:20:00",63407,
"2025-10-16 10:30:00",65311,
"2025-10-16 10:40:00",67633,
"2025-10-16 10:50:00",70574,
"2025-10-16 11:00:00",73984,52843
"2025-10-16 11:10:00",77287,
"2025-10-16 11:20:00",81100,
"2025-10-16 11:30:00",85148,
"2025-10-16 11:40:00",89753,
"2025-10-16 11:50:00",94096,
"2025-10-16 12:00:00",98267,52830
"2025-10-16 12:10:00",102831,
"2025-10-16 12:20:00",107366,
"2025-10-16 12:30:00",111839,
"2025-10-16 12:40:00",116302,
"2025-10-16 12:50:00",120762,
"2025-10-16 13:00:00",124849,52764
"2025-10-16 13:10:00",128861,
"2025-10-16 13:20:00",131948,
"2025-10-16 13:30:00",134363,
"2025-10-16 13:40:00",135816,
"2025-10-16 13:50:00",136149,
"2025-10-16 14:00:00",135977,52699
"2025-10-16 14:10:00",134694,
"2025-10-16 14:20:00",132396,
"2025-10-16 14:30:00",129255,
"2025-10-16 14:40:00",124516,
"2025-10-16 14:50:00",118826,
"2025-10-16 15:00:00",111799,52592
"2025-10-16 15:10:00",102711,
"2025-10-16 15:20:00",95213,
"2025-10-16 15:30:00",88267,
"2025-10-16 15:40:00",80661,
"2025-10-16 15:50:00",74336,
"2025-10-16 16:00:00",67676,52604
"2025-10-16 16:10:00",61028,
"2025-10-16 16:20:00",55507,
"2025-10-16 16:30:00",50925,
"2025-10-16 16:40:00",46783,
"2025-10-16 16:50:00",43197,
"2025-10-16 17:00:00",40002,52691
"2025-10-16 17:10:00",36921,
"2025-10-16 17:20:00",34253,
"2025-10-16 17:30:00",31946,
"2025-10-16 17:40:00",29722,
"2025-10-16 17:50:00",27847,
"2025-10-16 18:00:00",26139,52734
"2025-10-16 18:10:00",24458,
"2025-10-16 18:20:00",23050,
"2025-10-16 18:30:00",21788,
"2025-10-16 18:40:00",20730,
"2025-10-16 18:50:00",19768,
"2025-10-16 19:00:00",18712,52743
"2025-10-16 19:10:00",17854,
"2025-10-16 19:20:00",17130,
"2025-10-16 19:30:00",16429,
"2025-10-16 19:40:00",15764,
"2025-10-16 19:50:00",15161,
"2025-10-16 20:00:00",14562,52732
"2025-10-16 20:10:00",14222,
"2025-10-16 20:20:00",13767,
"2025-10-16 20:30:00",13353,
"2025-10-16 20:40:00",12951,
"2025-10-16 20:50:00",12545,
"2025-10-16 21:00:00",12159,52705
"2025-10-16 21:10:00",11724,
"2025-10-16 21:20:00",11401,
"2025-10-16 21:30:00",11078,
"2025-10-16 21:40:00",10666,
"2025-10-16 21:50:00",10377,
"2025-10-16 22:00:00",10090,52684
"2025-10-16 22:10:00",9814,
"2025-10-16 22:20:00",9552,
"2025-10-16 22:30:00",9303,
"2025-10-16 22:40:00",9065,
"2025-10-16 22:50:00",8856,
"2025-10-16 23:00:00",8641,52672
"2025-10-16 23:10:00",8372,
"2025-10-16 23:20:00",8298,
"2025-10-16 23:30:00",8327,
"2025-10-16 23:40:00",8362,
"2025-10-16 23:50:00",8448,
"2025-10-17 00:00:00",8691,52667
"2025-10-17 00:10:00",9073,
"2025-10-17 00:20:00",9750,
"2025-10-17 00:30:00",10488,
"2025-10-17 00:40:00",11467,
"2025-10-17 00:50:00",12304,
"2025-10-17 01:00:00",13177,52670
"2025-10-17 01:10:00",14067,
"2025-10-17 01:20:00",14925,
"2025-10-17 01:30:00",15861,
"2025-10-17 01:40:00",16666,
"2025-10-17 01:50:00",17606,
"2025-10-17 02:00:00",18961,52692
"2025-10-17 02:10:00",20286,
"2025-10-17 02:20:00",22086,
"2025-10-17 02:30:00",23784,
"2025-10-17 02:40:00",25202,
"2025-10-17 02:50:00",26510,
"2025-10-17 03:00:00",27451,52727
"2025-10-17 03:10:00",28090,
"2025-10-17 03:20:00",28614,
"2025-10-17 03:30:00",29105,
"2025-10-17 03:40:00",29729,
"2025-10-17 03:50:00",30881,
"2025-10-17 04:00:00",32641,52741
"2025-10-17 04:10:00",34948,
"2025-10-17 04:20:00",38024,
"2025-10-17 04:30:00",40864,
"2025-10-17 04:40:00",43443,
"2025-10-17 04:50:00",45168,
"2025-10-17 05:00:00",46053,52759
"2025-10-17 05:10:00",46163,
"2025-10-17 05:20:00",46036,
"2025-10-17 05:30:00",45810,
"2025-10-17 05:40:00",45495,
"2025-10-17 05:50:00",44848,
"2025-10-17 06:00:00",44570,52928
"2025-10-17 06:10:00",44386,
"2025-10-17 06:20:00",44722,
"2025-10-17 06:30:00",45113,
"2025-10-17 06:40:00",45671,
"2025-10-17 06:50:00",46123,
"2025-10-17 07:00:00",46622,53123
"2025-10-17 07:10:00",47379,
"2025-10-17 07:20:00",48164,
"2025-10-17 07:30:00",48906,
"2025-10-17 07:40:00",49434,
"2025-10-17 07:50:00",50935,
"2025-10-17 08:00:00",52453,53293
"2025-10-17 08:10:00",54075,
"2025-10-17 08:20:00",55659,
"2025-10-17 08:30:00",56898,
"2025-10-17 08:40:00",58100,
"2025-10-17 08:50:00",59101,
"2025-10-17 09:00:00",59616,53386
"2025-10-17 09:10:00",59808,
"2025-10-17 09:20:00",60000,
"2025-10-17 09:30:00",60130,
"2025-10-17 09:40:00",60415,
"2025-10-17 09:50:00",60799,
"2025-10-17 10:00:00",61351,53452
"2025-10-17 10:10:00",62111,
"2025-10-17 10:20:00",63716,
"2025-10-17 10:30:00",65350,
"2025-10-17 10:40:00",67931,
"2025-10-17 10:50:00",70801,
"2025-10-17 11:00:00",73708,53445
"2025-10-17 11:10:00",77378,
"2025-10-17 11:20:00",81273,
"2025-10-17 11:30:00",85423,
"2025-10-17 11:40:00",89535,
"2025-10-17 11:50:00",93583,
"2025-10-17 12:00:00",97856,53403
"2025-10-17 12:10:00",101950,
"2025-10-17 12:20:00",106525,
"2025-10-17 12:30:00",111230,
"2025-10-17 12:40:00",115641,
"2025-10-17 12:50:00",119476,
"2025-10-17 13:00:00",122858,53286
"2025-10-17 13:10:00",126151,
"2025-10-17 13:20:00",129099,
"2025-10-17 13:30:00",131106,
"2025-10-17 13:40:00",132497,
"2025-10-17 13:50:00",133344,
"2025-10-17 14:00:00",133465,53167
"2025-10-17 14:10:00",133057,
"2025-10-17 14:20:00",131985,
"2025-10-17 14:30:00",130616,
"2025-10-17 14:40:00",127979,
"2025-10-17 14:50:00",124588,
"2025-10-17 15:00:00",120267,53454
"2025-10-17 15:10:00",114421,
"2025-10-17 15:20:00",108641,
"2025-10-17 15:30:00",102625,
"2025-10-17 15:40:00",96215,
"2025-10-17 15:50:00",90029,
"2025-10-17 16:00:00",83788,54021
"2025-10-17 16:10:00",76841,
"2025-10-17 16:20:00",70933,
"2025-10-17 16:30:00",65710,
"2025-10-17 16:40:00",61152,
"2025-10-17 16:50:00",56820,
"2025-10-17 17:00:00",52994,54494
"2025-10-17 17:10:00",49131,
"2025-10-17 17:20:00",45770,
"2025-10-17 17:30:00",42742,
"2025-10-17 17:40:00",40147,
"2025-10-17 17:50:00",35816,
"2025-10-17 18:00:00",34594,54811
"2025-10-17 18:10:00",32481,
"2025-10-17 18:20:00",30536,
"2025-10-17 18:30:00",28786,
"2025-10-17 18:40:00",27204,
"2025-10-17 18:50:00",25650,
"2025-10-17 19:00:00",24214,55024
"2025-10-17 19:10:00",22927,
"2025-10-17 19:20:00",21784,
"2025-10-17 19:30:00",20800,
"2025-10-17 19:40:00",19871,
"2025-10-17 19:50:00",19017,
"2025-10-17 20:00:00",18216,55165
"2025-10-17 20:10:00",17526,
"2025-10-17 20:20:00",16831,
"2025-10-17 20:30:00",16325,
"2025-10-17 20:40:00",15773,
"2025-10-17 20:50:00",15000,
"2025-10-17 21:00:00",14756,55263
"2025-10-17 21:10:00",14178,
"2025-10-17 21:20:00",13655,
"2025-10-17 21:30:00",13237,
"2025-10-17 21:40:00",12789,
"2025-10-17 21:50:00",12417,
"2025-10-17 22:00:00",11992,55334
"2025-10-17 22:10:00",11607,
"2025-10-17 22:20:00",11245,
"2025-10-17 22:30:00",10906,
"2025-10-17 22:40:00",10619,
"2025-10-17 22:50:00",10330,
"2025-10-17 23:00:00",10015,55384
"2025-10-17 23:10:00",9709,
"2025-10-17 23:20:00",9622,
"2025-10-17 23:30:00",9704,
"2025-10-17 23:40:00",9868,
"2025-10-17 23:50:00",10046,
"2025-10-18 00:00:00",10172,55446
"2025-10-18 00:10:00",10698,
"2025-10-18 00:20:00",11324,
"2025-10-18 00:30:00",12109,
"2025-10-18 00:40:00",13050,
"2025-10-18 00:50:00",14053,
"2025-10-18 01:00:00",15243,55607
"2025-10-18 01:10:00",16534,
"2025-10-18 01:20:00",17853,
"2025-10-18 01:30:00",19179,
"2025-10-18 01:40:00",20595,
"2025-10-18 01:50:00",22039,
"2025-10-18 02:00:00",23422,55804
"2025-10-18 02:10:00",25122,
"2025-10-18 02:20:00",26883,
"2025-10-18 02:30:00",28822,
"2025-10-18 02:40:00",30475,
"2025-10-18 02:50:00",31833,
"2025-10-18 03:00:00",33122,56091
"2025-10-18 03:10:00",34280,
"2025-10-18 03:20:00",35206,
"2025-10-18 03:30:00",36109,
"2025-10-18 03:40:00",37225,
"2025-10-18 03:50:00",38468,
"2025-10-18 04:00:00",39841,56308
"2025-10-18 04:10:00",41596,
"2025-10-18 04:20:00",43786,
"2025-10-18 04:30:00",46183,
"2025-10-18 04:40:00",48659,
"2025-10-18 04:50:00",50855,
"2025-10-18 05:00:00",53050,56889
"2025-10-18 05:10:00",54954,
"2025-10-18 05:20:00",56706,
"2025-10-18 05:30:00",58359,
"2025-10-18 05:40:00",59877,
"2025-10-18 05:50:00",61365,
"2025-10-18 06:00:00",62728,57786
"2025-10-18 06:10:00",64128,
"2025-10-18 06:20:00",65538,
"2025-10-18 06:30:00",66850,
"2025-10-18 06:40:00",68171,
"2025-10-18 06:50:00",69287,
"2025-10-18 07:00:00",70176,58691
"2025-10-18 07:10:00",71051,
"2025-10-18 07:20:00",72141,
"2025-10-18 07:30:00",72761,
"2025-10-18 07:40:00",73571,
"2025-10-18 07:50:00",74159,
"2025-10-18 08:00:00",74538,59331
"2025-10-18 08:10:00",74819,
"2025-10-18 08:20:00",75264,
"2025-10-18 08:30:00",75274,
"2025-10-18 08:40:00",75260,
"2025-10-18 08:50:00",75213,
"2025-10-18 09:00:00",74554,59879
"2025-10-18 09:10:00",73615,
"2025-10-18 09:20:00",72621,
"2025-10-18 09:30:00",71598,
"2025-10-18 09:40:00",70580,
"2025-10-18 09:50:00",69924,
"2025-10-18 10:00:00",69714,60074
"2025-10-18 10:10:00",69735,
"2025-10-18 10:20:00",70215,
"2025-10-18 10:30:00",71307,
"2025-10-18 10:40:00",73092,
"2025-10-18 10:50:00",75410,
"2025-10-18 11:00:00",78051,60191
"2025-10-18 11:10:00",81284,
"2025-10-18 11:20:00",84934,
"2025-10-18 11:30:00",88997,
"2025-10-18 11:40:00",93021,
"2025-10-18 11:50:00",96780,
"2025-10-18 12:00:00",100376,60161
"2025-10-18 12:10:00",104541,
"2025-10-18 12:20:00",108179,
"2025-10-18 12:30:00",112181,
"2025-10-18 12:40:00",115764,
"2025-10-18 12:50:00",118935,
"2025-10-18 13:00:00",121331,60018
"2025-10-18 13:10:00",124030,
"2025-10-18 13:20:00",126474,
"2025-10-18 13:30:00",127897,
"2025-10-18 13:40:00",129232,
"2025-10-18 13:50:00",129869,
"2025-10-18 14:00:00",129571,59850
"2025-10-18 14:10:00",128872,
"2025-10-18 14:20:00",127819,
"2025-10-18 14:30:00",125814,
"2025-10-18 14:40:00",123227,
"2025-10-18 14:50:00",119966,
"2025-10-18 15:00:00",115273,59638
"2025-10-18 15:10:00",109687,
"2025-10-18 15:20:00",104943,
"2025-10-18 15:30:00",99750,
"2025-10-18 15:40:00",94459,
"2025-10-18 15:50:00",88943,
"2025-10-18 16:00:00",83293,59563
"2025-10-18 16:10:00",76725,
"2025-10-18 16:20:00",71518,
"2025-10-18 16:30:00",66924,
"2025-10-18 16:40:00",62622,
"2025-10-18 16:50:00",58713,
"2025-10-18 17:00:00",55113,59571
"2025-10-18 17:10:00",51413,
"2025-10-18 17:20:00",48262,
"2025-10-18 17:30:00",45389,
"2025-10-18 17:40:00",42760,
"2025-10-18 17:50:00",40235,
"2025-10-18 18:00:00",37794,59644
"2025-10-18 18:10:00",35559,
"2025-10-18 18:20:00",33386,
"2025-10-18 18:30:00",31504,
"2025-10-18 18:40:00",29887,
"2025-10-18 18:50:00",28412,
"2025-10-18 19:00:00",26937,59719
"2025-10-18 19:10:00",25548,
"2025-10-18 19:20:00",24275,
"2025-10-18 19:30:00",23088,
"2025-10-18 19:40:00",22033,
"2025-10-18 19:50:00",21076,
"2025-10-18 20:00:00",20141,59778
"2025-10-18 20:10:00",19376,
"2025-10-18 20:20:00",18663,
"2025-10-18 20:30:00",18032,
"2025-10-18 20:40:00",17409,
"2025-10-18 20:50:00",16769,
"2025-10-18 21:00:00",16188,59827
"2025-10-18 21:10:00",15561,
"2025-10-18 21:20:00",15038,
"2025-10-18 21:30:00",14505,
"2025-10-18 21:40:00",13994,
"2025-10-18 21:50:00",13544,
"2025-10-18 22:00:00",13135,59870
"2025-10-18 22:10:00",12696,
"2025-10-18 22:20:00",12336,
"2025-10-18 22:30:00",11946,
"2025-10-18 22:40:00",11609,
"2025-10-18 22:50:00",11265,
"2025-10-18 23:00:00",10879,59903
"2025-10-18 23:10:00",10529,
"2025-10-18 23:20:00",10383,
"2025-10-18 23:30:00",10237,
"2025-10-18 23:40:00",10223,
"2025-10-18 23:50:00",10358,
"2025-10-19 00:00:00",10373,59908
"2025-10-19 00:10:00",10686,
"2025-10-19 00:20:00",11309,
"2025-10-19 00:30:00",12116,
"2025-10-19 00:40:00",13088,
"2025-10-19 00:50:00",14104,
"2025-10-19 01:00:00",15209,59936
"2025-10-19 01:10:00",16558,
"2025-10-19 01:20:00",17995,
"2025-10-19 01:30:00",19500,
"2025-10-19 01:40:00",21097,
"2025-10-19 01:50:00",22735,
"2025-10-19 02:00:00",24408,59993
"2025-10-19 02:10:00",26042,
"2025-10-19 02:20:00",28061,
"2025-10-19 02:30:00",29932,
"2025-10-19 02:40:00",31745,
"2025-10-19 02:50:00",33561,
"2025-10-19 03:00:00",34857,60051
"2025-10-19 03:10:00",35937,
"2025-10-19 03:20:00",37099,
"2025-10-19 03:30:00",38057,
"2025-10-19 03:40:00",39334,
"2025-10-19 03:50:00",40430,
"2025-10-19 04:00:00",42057,60137
"2025-10-19 04:10:00",43946,
"2025-10-19 04:20:00",45997,
"2025-10-19 04:30:00",48573,
"2025-10-19 04:40:00",51280,
"2025-10-19 04:50:00",53713,
"2025-10-19 05:00:00",56216,60346
"2025-10-19 05:10:00",58711,
"2025-10-19 05:20:00",61094,
"2025-10-19 05:30:00",63244,
"2025-10-19 05:40:00",65405,
"2025-10-19 05:50:00",67381,
"2025-10-19 06:00:00",68910,60576
"2025-10-19 06:10:00",70725,
"2025-10-19 06:20:00",72261,
"2025-10-19 06:30:00",73860,
"2025-10-19 06:40:00",75474,
"2025-10-19 06:50:00",76614,
"2025-10-19 07:00:00",77748,60799
"2025-10-19 07:10:00",78722,
"2025-10-19 07:20:00",79687,
"2025-10-19 07:30:00",80431,
"2025-10-19 07:40:00",81359,
"2025-10-19 07:50:00",81796,
"2025-10-19 08:00:00",82001,61012
"2025-10-19 08:10:00",82265,
"2025-10-19 08:20:00",82530,
"2025-10-19 08:30:00",82222,
"2025-10-19 08:40:00",82034,
"2025-10-19 08:50:00",81488,
"2025-10-19 09:00:00",80695,61204
"2025-10-19 09:10:00",79172,
"2025-10-19 09:20:00",77956,
"2025-10-19 09:30:00",76429,
"2025-10-19 09:40:00",74995,
"2025-10-19 09:50:00",73435,
"2025-10-19 10:00:00",72216,61140
"2025-10-19 10:10:00",71262,
"2025-10-19 10:20:00",70946,
"2025-10-19 10:30:00",71635,
"2025-10-19 10:40:00",73013,
"2025-10-19 10:50:00",74722,
"2025-10-19 11:00:00",77214,61054
"2025-10-19 11:10:00",80252,
"2025-10-19 11:20:00",83604,
"2025-10-19 11:30:00",87225,
"2025-10-19 11:40:00",90823,
"2025-10-19 11:50:00",94529,
"2025-10-19 12:00:00",98134,60977
"2025-10-19 12:10:00",102305,
"2025-10-19 12:20:00",106100,
"2025-10-19 12:30:00",110055,
"2025-10-19 12:40:00",113693,
"2025-10-19 12:50:00",116823,
"2025-10-19 13:00:00",119593,60795
"2025-10-19 13:10:00",121941,
"2025-10-19 13:20:00",123563,
"2025-10-19 13:30:00",124602,
"2025-10-19 13:40:00",125003,
"2025-10-19 13:50:00",124963,
"2025-10-19 14:00:00",123945,60590
"2025-10-19 14:10:00",121860,
"2025-10-19 14:20:00",119145,
"2025-10-19 14:30:00",115578,
"2025-10-19 14:40:00",111175,
"2025-10-19 14:50:00",105367,
"2025-10-19 15:00:00",98257,59931
"2025-10-19 15:10:00",90250,
"2025-10-19 15:20:00",83906,
"2025-10-19 15:30:00",77299,
"2025-10-19 15:40:00",70800,
"2025-10-19 15:50:00",64991,
"2025-10-19 16:00:00",59632,59004
"2025-10-19 16:10:00",53771,
"2025-10-19 16:20:00",48962,
"2025-10-19 16:30:00",45741,
"2025-10-19 16:40:00",44119,
"2025-10-19 16:50:00",41185,
"2025-10-19 17:00:00",38292,58345
"2025-10-19 17:10:00",35789,
"2025-10-19 17:20:00",33566,
"2025-10-19 17:30:00",31792,
"2025-10-19 17:40:00",30086,
"2025-10-19 17:50:00",28634,
"2025-10-19 18:00:00",27228,57930
"2025-10-19 18:10:00",25822,
"2025-10-19 18:20:00",24661,
"2025-10-19 18:30:00",23619,
"2025-10-19 18:40:00",20711,
"2025-10-19 18:50:00",21141,
"2025-10-19 19:00:00",20751,57691
"2025-10-19 19:10:00",19860,
"2025-10-19 19:20:00",19174,
"2025-10-19 19:30:00",18543,
"2025-10-19 19:40:00",17915,
"2025-10-19 19:50:00",17363,
"2025-10-19 20:00:00",16883,57570
"2025-10-19 20:10:00",16630,
"2025-10-19 20:20:00",16189,
"2025-10-19 20:30:00",15830,
"2025-10-19 20:40:00",15355,
"2025-10-19 20:50:00",14936,
"2025-10-19 21:00:00",14600,57516
"2025-10-19 21:10:00",14134,
"2025-10-19 21:20:00",13796,
"2025-10-19 21:30:00",13467,
"2025-10-19 21:40:00",13228,
"2025-10-19 21:50:00",12924,
"2025-10-19 22:00:00",12545,57499
"2025-10-19 22:10:00",12235,
"2025-10-19 22:20:00",11920,
"2025-10-19 22:30:00",11579,
"2025-10-19 22:40:00",11315,
"2025-10-19 22:50:00",11086,
"2025-10-19 23:00:00",10779,57503
"2025-10-19 23:10:00",10455,
"2025-10-19 23:20:00",10448,
"2025-10-19 23:30:00",10443,
"2025-10-19 23:40:00",10485,
"2025-10-19 23:50:00",10519,
"2025-10-20 00:00:00",10738,57481
"2025-10-20 00:10:00",11008,
"2025-10-20 00:20:00",11558,
"2025-10-20 00:30:00",12165,
"2025-10-20 00:40:00",12809,
"2025-10-20 00:50:00",13361,
"2025-10-20 01:00:00",14085,57328
"2025-10-20 01:10:00",14725,
"2025-10-20 01:20:00",15293,
"2025-10-20 01:30:00",15934,
"2025-10-20 01:40:00",16610,
"2025-10-20 01:50:00",17471,
"2025-10-20 02:00:00",18518,57017
"2025-10-20 02:10:00",19791,
"2025-10-20 02:20:00",21079,
"2025-10-20 02:30:00",22343,
"2025-10-20 02:40:00",23517,
"2025-10-20 02:50:00",24539,
"2025-10-20 03:00:00",25301,56569
"2025-10-20 03:10:00",25770,
"2025-10-20 03:20:00",26109,
"2025-10-20 03:30:00",26544,
"2025-10-20 03:40:00",27224,
"2025-10-20 03:50:00",28281,
"2025-10-20 04:00:00",29875,56060
"2025-10-20 04:10:00",32295,
"2025-10-20 04:20:00",34814,
"2025-10-20 04:30:00",37038,
"2025-10-20 04:40:00",39122,
"2025-10-20 04:50:00",40208,
"2025-10-20 05:00:00",40386,54985
"2025-10-20 05:10:00",40278,
"2025-10-20 05:20:00",39808,
"2025-10-20 05:30:00",39181,
"2025-10-20 05:40:00",38246,
"2025-10-20 05:50:00",37583,
"2025-10-20 06:00:00",37300,53478
"2025-10-20 06:10:00",37184,
"2025-10-20 06:20:00",37583,
"2025-10-20 06:30:00",37998,
"2025-10-20 06:40:00",38585,
"2025-10-20 06:50:00",39048,
"2025-10-20 07:00:00",39337,51983
"2025-10-20 07:10:00",39895,
"2025-10-20 07:20:00",40903,
"2025-10-20 07:30:00",42002,
"2025-10-20 07:40:00",43242,
"2025-10-20 07:50:00",44608,
"2025-10-20 08:00:00",46448,50809
"2025-10-20 08:10:00",48207,
"2025-10-20 08:20:00",49830,
"2025-10-20 08:30:00",51426,
"2025-10-20 08:40:00",52644,
"2025-10-20 08:50:00",53503,
"2025-10-20 09:00:00",53916,49819
"2025-10-20 09:10:00",54262,
"2025-10-20 09:20:00",54555,
"2025-10-20 09:30:00",54756,
"2025-10-20 09:40:00",55565,
"2025-10-20 09:50:00",56549,
"2025-10-20 10:00:00",57517,49542
"2025-10-20 10:10:00",59075,
"2025-10-20 10:20:00",60915,
"2025-10-20 10:30:00",63060,
"2025-10-20 10:40:00",65383,
"2025-10-20 10:50:00",68165,
"2025-10-20 11:00:00",71080,49326
"2025-10-20 11:10:00",74800,
"2025-10-20 11:20:00",78324,
"2025-10-20 11:30:00",82006,
"2025-10-20 11:40:00",85996,
"2025-10-20 11:50:00",89870,
"2025-10-20 12:00:00",93557,49158
"2025-10-20 12:10:00",97542,
"2025-10-20 12:20:00",101854,
"2025-10-20 12:30:00",105959,
"2025-10-20 12:40:00",109807,
"2025-10-20 12:50:00",114055,
"2025-10-20 13:00:00",117445,49110
"2025-10-20 13:10:00",120371,
"2025-10-20 13:20:00",123031,
"2025-10-20 13:30:00",124885,
"2025-10-20 13:40:00",125792,
"2025-10-20 13:50:00",125969,
"2025-10-20 14:00:00",125248,49061
"2025-10-20 14:10:00",123325,
"2025-10-20 14:20:00",120714,
"2025-10-20 14:30:00",116936,
"2025-10-20 14:40:00",112143,
"2025-10-20 14:50:00",106381,
"2025-10-20 15:00:00",98897,48985
"2025-10-20 15:10:00",90348,
"2025-10-20 15:20:00",83607,
"2025-10-20 15:30:00",77142,
"2025-10-20 15:40:00",70440,
"2025-10-20 15:50:00",64636,
"2025-10-20 16:00:00",59074,48895
"2025-10-20 16:10:00",52969,
"2025-10-20 16:20:00",48125,
"2025-10-20 16:30:00",44296,
"2025-10-20 16:40:00",40924,
"2025-10-20 16:50:00",38177,
"2025-10-20 17:00:00",35447,48764
"2025-10-20 17:10:00",33156,
"2025-10-20 17:20:00",31181,
"2025-10-20 17:30:00",29405,
"2025-10-20 17:40:00",27697,
"2025-10-20 17:50:00",26357,
"2025-10-20 18:00:00",24931,48688
"2025-10-20 18:10:00",23618,
"2025-10-20 18:20:00",22536,
"2025-10-20 18:30:00",21420,
"2025-10-20 18:40:00",20472,
"2025-10-20 18:50:00",19624,
"2025-10-20 19:00:00",18884,48643
"2025-10-20 19:10:00",18189,
"2025-10-20 19:20:00",17525,
"2025-10-20 19:30:00",16899,
"2025-10-20 19:40:00",16454,
"2025-10-20 19:50:00",15865,
"2025-10-20 20:00:00",15251,48615
"2025-10-20 20:10:00",14817,
"2025-10-20 20:20:00",14358,
"2025-10-20 20:30:00",12089,
"2025-10-20 20:40:00",11738,
"2025-10-20 20:50:00",11388,
"2025-10-20 21:00:00",10986,48510
"2025-10-20 21:10:00",10712,
"2025-10-20 21:20:00",10397,
"2025-10-20 21:30:00",10138,
"2025-10-20 21:40:00",9884,
"2025-10-20 21:50:00",9593,
"2025-10-20 22:00:00",9218,48423
"2025-10-20 22:10:00",8953,
"2025-10-20 22:20:00",8743,
"2025-10-20 22:30:00",8528,
"2025-10-20 22:40:00",8323,
"2025-10-20 22:50:00",8106,
"2025-10-20 23:00:00",7863,48354
"2025-10-20 23:10:00",7648,
"2025-10-20 23:20:00",7595,48354
"2025-10-20 23:30:00",7634,
"2025-10-20 23:40:00",7495,
"2025-10-20 23:50:00",7581,