"2025-09-20 00:00:00",93422,342906
"2025-09-20 01:00:00",122684,342733
"2025-09-20 02:00:00",166240,342631
"2025-09-20 03:00:00",187522,342815
"2025-09-20 04:00:00",227847,343327
"2025-09-20 05:00:00",294865,344346
"2025-09-20 06:00:00",355450,346076
"2025-09-20 07:00:00",390905,348386
"2025-09-20 08:00:00",394659,350956
"2025-09-20 09:00:00",387057,353497
"2025-09-20 10:00:00",362418,355867
"2025-09-20 11:00:00",465253,357896
"2025-09-20 12:00:00",596353,360397
"2025-09-20 13:00:00",678298,362712
"2025-09-20 14:00:00",682601,363794
"2025-09-20 15:00:00",651104,364523
"2025-09-20 16:00:00",529688,362449
"2025-09-20 17:00:00",406470,358334
"2025-09-20 18:00:00",321183,354518
"2025-09-20 19:00:00",262272,351735
"2025-09-20 20:00:00",218487,349821
"2025-09-20 21:00:00",180332,348256
"2025-09-20 22:00:00",143762,346670
"2025-09-20 23:00:00",110862,345186
"2025-09-21 00:00:00",96869,344283
"2025-09-21 01:00:00",126556,343756
"2025-09-21 02:00:00",176213,342820
"2025-09-21 03:00:00",204198,341090
"2025-09-21 04:00:00",254796,338780
"2025-09-21 05:00:00",337196,335855
"2025-09-21 06:00:00",410756,330897
"2025-09-21 07:00:00",452376,324270
"2025-09-21 08:00:00",455708,317000
"2025-09-21 09:00:00",444752,310014
"2025-09-21 10:00:00",408834,303418
"2025-09-21 11:00:00",519253,300020
"2025-09-21 12:00:00",643338,297515
"2025-09-21 13:00:00",695017,295657
"2025-09-21 14:00:00",691597,294310
"2025-09-21 15:00:00",595075,292910
"2025-09-21 16:00:00",427201,291821
"2025-09-21 17:00:00",313684,290924
"2025-09-21 18:00:00",255475,290252
"2025-09-21 19:00:00",219204,289736
"2025-09-21 20:00:00",185164,289284
"2025-09-21 21:00:00",147566,288812
"2025-09-21 22:00:00",114521,288389
"2025-09-21 23:00:00",88418,288025
"2025-09-22 00:00:00",83701,287813
"2025-09-22 01:00:00",102933,287784
"2025-09-22 02:00:00",132470,287780
"2025-09-22 03:00:00",145435,287771
"2025-09-22 04:00:00",179788,287681
"2025-09-22 05:00:00",210481,287514
"2025-09-22 06:00:00",241470,287411
"2025-09-22 07:00:00",266341,287406
"2025-09-22 08:00:00",276250,287593
"2025-09-22 09:00:00",274997,287817
"2025-09-22 10:00:00",318609,288250
"2025-09-22 11:00:00",451505,288565
"2025-09-22 12:00:00",593202,289133
"2025-09-22 13:00:00",658033,289826
"2025-09-22 14:00:00",656720,290540
"2025-09-22 15:00:00",570787,291280
"2025-09-22 16:00:00",407457,291778
"2025-09-22 17:00:00",298269,292291
"2025-09-22 18:00:00",242763,292753
"2025-09-22 19:00:00",207603,293120
"2025-09-22 20:00:00",173067,293326
"2025-09-22 21:00:00",136555,293493
"2025-09-22 22:00:00",104641,293640
"2025-09-22 23:00:00",81799,293750
"2025-09-23 00:00:00",82553,293810
"2025-09-23 01:00:00",103966,293269
"2025-09-23 02:00:00",134575,289937
"2025-09-23 03:00:00",146854,285540
"2025-09-23 04:00:00",183423,281060
"2025-09-23 05:00:00",219453,280863
"2025-09-23 06:00:00",254877,281869
"2025-09-23 07:00:00",284747,283272
"2025-09-23 08:00:00",295391,285284
"2025-09-23 09:00:00",293392,287410
"2025-09-23 10:00:00",332315,289528
"2025-09-23 11:00:00",470534,290883
"2025-09-23 12:00:00",614507,292293
"2025-09-23 13:00:00",679870,293059
"2025-09-23 14:00:00",678433,290336
"2025-09-23 15:00:00",585838,288557
"2025-09-23 16:00:00",422583,289559
"2025-09-23 17:00:00",311900,291208
"2025-09-23 18:00:00",253868,292565
"2025-09-23 19:00:00",214537,293817
"2025-09-23 20:00:00",178939,294796
"2025-09-23 21:00:00",141816,295528
"2025-09-23 22:00:00",108644,296122
"2025-09-23 23:00:00",83889,296689
"2025-09-24 00:00:00",68445,297086
"2025-09-24 01:00:00",15296,297448
"2025-09-24 02:00:00",17299,300344
"2025-09-24 03:00:00",26751,304285
"2025-09-24 04:00:00",176972,309006
"2025-09-24 05:00:00",244713,309748
"2025-09-24 06:00:00",290220,309282
"2025-09-24 07:00:00",336442,308340
"2025-09-24 08:00:00",350332,306708
"2025-09-24 09:00:00",348837,304918
"2025-09-24 10:00:00",366591,303022
"2025-09-24 11:00:00",506034,301656
"2025-09-24 12:00:00",632558,299796
"2025-09-24 13:00:00",603225,298064
"2025-09-24 14:00:00",628056,300257
"2025-09-24 15:00:00",610918,302041
"2025-09-24 16:00:00",465558,302005
"2025-09-24 17:00:00",347327,301392
"2025-09-24 18:00:00",287087,300761
"2025-09-24 19:00:00",240511,299980
"2025-09-24 20:00:00",198270,299410
"2025-09-24 21:00:00",157594,299040
"2025-09-24 22:00:00",123990,298740
"2025-09-24 23:00:00",97009,298418
"2025-09-25 00:00:00",91833,298260
"2025-09-25 01:00:00",113447,298680
"2025-09-25 02:00:00",145445,299333
"2025-09-25 03:00:00",159679,300051
"2025-09-25 04:00:00",194846,299987
"2025-09-25 05:00:00",227352,299720
"2025-09-25 06:00:00",256824,299380
"2025-09-25 07:00:00",282982,298932
"2025-09-25 08:00:00",292033,298443
"2025-09-25 09:00:00",290752,297919
"2025-09-25 10:00:00",322862,297476
"2025-09-25 11:00:00",451138,296668
"2025-09-25 12:00:00",597310,295766
"2025-09-25 13:00:00",674060,295595
"2025-09-25 14:00:00",674540,295846
"2025-09-25 15:00:00",602848,295874
"2025-09-25 16:00:00",442377,297187
"2025-09-25 17:00:00",323829,299617
"2025-09-25 18:00:00",260492,301805
"2025-09-25 19:00:00",220959,303298
"2025-09-25 20:00:00",184968,304224
"2025-09-25 21:00:00",146268,304992
"2025-09-25 22:00:00",112373,305764
"2025-09-25 23:00:00",88031,306500
"2025-09-26 00:00:00",84784,307019
"2025-09-26 01:00:00",106894,307312
"2025-09-26 02:00:00",139368,307841
"2025-09-26 03:00:00",153635,308801
"2025-09-26 04:00:00",189992,310012
"2025-09-26 05:00:00",223696,311375
"2025-09-26 06:00:00",254275,313870
"2025-09-26 07:00:00",280404,317420
"2025-09-26 08:00:00",288579,321310
"2025-09-26 09:00:00",286782,325069
"2025-09-26 10:00:00",310776,328549
"2025-09-26 11:00:00",432231,329961
"2025-09-26 12:00:00",576718,330887
"2025-09-26 13:00:00",670885,331440
"2025-09-26 14:00:00",676738,331302
"2025-09-26 15:00:00",646196,331349
"2025-09-26 16:00:00",518876,330669
"2025-09-26 17:00:00",394241,329467
"2025-09-26 18:00:00",309115,328622
"2025-09-26 19:00:00",251558,328168
"2025-09-26 20:00:00",210594,328106
"2025-09-26 21:00:00",172187,328226
"2025-09-26 22:00:00",136735,328493
"2025-09-26 23:00:00",105582,328756
"2025-09-27 00:00:00",95558,328934
"2025-09-27 01:00:00",124661,329049
"2025-09-27 02:00:00",170082,329120
"2025-09-27 03:00:00",191704,329069
"2025-09-27 04:00:00",232475,329059
"2025-09-27 05:00:00",300082,329433
"2025-09-27 06:00:00",362687,329413
"2025-09-27 07:00:00",399688,328863
"2025-09-27 08:00:00",404441,328089
"2025-09-27 09:00:00",396743,327346
"2025-09-27 10:00:00",360220,326149
"2025-09-27 11:00:00",467628,326371
"2025-09-27 12:00:00",596288,327005
"2025-09-27 13:00:00",668033,327570
"2025-09-27 14:00:00",668335,327808
"2025-09-27 15:00:00",606289,327694
"2025-09-27 16:00:00",464269,327095
"2025-09-27 17:00:00",356234,326142
"2025-09-27 18:00:00",287891,325174
"2025-09-27 19:00:00",243606,324509
"2025-09-27 20:00:00",208050,324048
"2025-09-27 21:00:00",174561,323644
"2025-09-27 22:00:00",140865,323073
"2025-09-27 23:00:00",109018,322421
"2025-09-28 00:00:00",94939,321863
"2025-09-28 01:00:00",118771,321487
"2025-09-28 02:00:00",158101,320950
"2025-09-28 03:00:00",179473,320115
"2025-09-28 04:00:00",221786,319041
"2025-09-28 05:00:00",266978,317462
"2025-09-28 06:00:00",309096,315259
"2025-09-28 07:00:00",339546,312614
"2025-09-28 08:00:00",346446,309777
"2025-09-28 09:00:00",342890,307007
"2025-09-28 10:00:00",355294,304826
"2025-09-28 11:00:00",480667,303240
"2025-09-28 12:00:00",614300,301767
"2025-09-28 13:00:00",677535,300111
"2025-09-28 14:00:00",676984,298642
"2025-09-28 15:00:00",604491,297074
"2025-09-28 16:00:00",445829,295559
"2025-09-28 17:00:00",331788,294486
"2025-09-28 18:00:00",268725,293794
"2025-09-28 19:00:00",229075,293271
"2025-09-28 20:00:00",193668,292814
"2025-09-28 21:00:00",154130,292271
"2025-09-28 22:00:00",117964,291700
"2025-09-28 23:00:00",90484,291238
"2025-09-29 00:00:00",84070,290957
"2025-09-29 01:00:00",104791,290833
"2025-09-29 02:00:00",134541,290634
"2025-09-29 03:00:00",147512,290433
"2025-09-29 04:00:00",181352,290089
"2025-09-29 05:00:00",213533,289566
"2025-09-29 06:00:00",243563,288960
"2025-09-29 07:00:00",266900,288266
"2025-09-29 08:00:00",274407,287488
"2025-09-29 09:00:00",271955,286598
"2025-09-29 10:00:00",297004,285866
"2025-09-29 11:00:00",423993,284867
"2025-09-29 12:00:00",554524,283157
"2025-09-29 13:00:00",624018,281070
"2025-09-29 14:00:00",623992,278998
"2025-09-29 15:00:00",559502,277136
"2025-09-29 16:00:00",417865,276527
"2025-09-29 17:00:00",314444,277287
"2025-09-29 18:00:00",255246,278266
"2025-09-29 19:00:00",217760,279053
"2025-09-29 20:00:00",181881,279390
"2025-09-29 21:00:00",142422,279460
"2025-09-29 22:00:00",108195,279435
"2025-09-29 23:00:00",83777,279545
"2025-09-30 00:00:00",83930,279709
"2025-09-30 01:00:00",106150,279819
"2025-09-30 02:00:00",139435,280084
"2025-09-30 03:00:00",151245,280457
"2025-09-30 04:00:00",184622,280947
"2025-09-30 05:00:00",219319,281442
"2025-09-30 06:00:00",249673,282496
"2025-09-30 07:00:00",270133,284151
"2025-09-30 08:00:00",273609,285972
"2025-09-30 09:00:00",271380,287764
"2025-09-30 10:00:00",286718,289185
"2025-09-30 11:00:00",390636,289419
"2025-09-30 12:00:00",505394,288889
"2025-09-30 13:00:00",575243,287856
"2025-09-30 14:00:00",578917,286388
"2025-09-30 15:00:00",550405,285345
"2025-09-30 16:00:00",451846,284844
"2025-09-30 17:00:00",354489,284606
"2025-09-30 18:00:00",287811,284656
"2025-09-30 19:00:00",234882,284637
"2025-09-30 20:00:00",189662,284640
"2025-09-30 21:00:00",146013,284640
"2025-09-30 22:00:00",115190,284757
"2025-09-30 23:00:00",89613,284797
"2025-10-01 00:00:00",87126,284810
"2025-10-01 01:00:00",113170,284880
"2025-10-01 02:00:00",150887,284990
"2025-10-01 03:00:00",167136,285111
"2025-10-01 04:00:00",199526,285160
"2025-10-01 05:00:00",254102,285519
"2025-10-01 06:00:00",307597,286268
"2025-10-01 07:00:00",336293,287065
"2025-10-01 08:00:00",338880,288126
"2025-10-01 09:00:00",328404,289150
"2025-10-01 10:00:00",312776,289795
"2025-10-01 11:00:00",397288,290237
"2025-10-01 12:00:00",493788,290341
"2025-10-01 13:00:00",546022,290151
"2025-10-01 14:00:00",546549,290038
"2025-10-01 15:00:00",515134,289960
"2025-10-01 16:00:00",422763,290190
"2025-10-01 17:00:00",339657,290821
"2025-10-01 18:00:00",278479,291428
"2025-10-01 19:00:00",231312,291961
"2025-10-01 20:00:00",188151,292429
"2025-10-01 21:00:00",147010,292898
"2025-10-01 22:00:00",113883,293248
"2025-10-01 23:00:00",88767,293503
"2025-10-02 00:00:00",86242,293683
"2025-10-02 01:00:00",111312,293782
"2025-10-02 02:00:00",146885,293857
"2025-10-02 03:00:00",160918,293899
"2025-10-02 04:00:00",193590,294050
"2025-10-02 05:00:00",249515,294312
"2025-10-02 06:00:00",299847,294617
"2025-10-02 07:00:00",338722,295035
"2025-10-02 08:00:00",344417,295274
"2025-10-02 09:00:00",337373,295478
"2025-10-02 10:00:00",325328,295736
"2025-10-02 11:00:00",407753,296019
"2025-10-02 12:00:00",503542,296236
"2025-10-02 13:00:00",560780,296434
"2025-10-02 14:00:00",564555,296600
"2025-10-02 15:00:00",541545,296860
"2025-10-02 16:00:00",456212,297211
"2025-10-02 17:00:00",369014,297564
"2025-10-02 18:00:00",301589,297849
"2025-10-02 19:00:00",250760,298092
"2025-10-02 20:00:00",206178,298477
"2025-10-02 21:00:00",161911,298910
"2025-10-02 22:00:00",124842,299414
"2025-10-02 23:00:00",96887,299864
"2025-10-03 00:00:00",91797,300171
"2025-10-03 01:00:00",117357,300317
"2025-10-03 02:00:00",153094,300430
"2025-10-03 03:00:00",171314,300669
"2025-10-03 04:00:00",207584,300981
"2025-10-03 05:00:00",267342,301346
"2025-10-03 06:00:00",315612,301649
"2025-10-03 07:00:00",345328,301937
"2025-10-03 08:00:00",347389,302169
"2025-10-03 09:00:00",340061,302410
"2025-10-03 10:00:00",330357,302689
"2025-10-03 11:00:00",410624,302804
"2025-10-03 12:00:00",502195,302778
"2025-10-03 13:00:00",555850,302681
"2025-10-03 14:00:00",557575,302576
"2025-10-03 15:00:00",533205,302471
"2025-10-03 16:00:00",450645,302552
"2025-10-03 17:00:00",364850,302725
"2025-10-03 18:00:00",298168,302887
"2025-10-03 19:00:00",254058,303167
"2025-10-03 20:00:00",213599,303393
"2025-10-03 21:00:00",175014,303826
"2025-10-03 22:00:00",137764,304300
"2025-10-03 23:00:00",105795,304699
"2025-10-04 00:00:00",93711,304919
"2025-10-04 01:00:00",117728,304882
"2025-10-04 02:00:00",155643,304852
"2025-10-04 03:00:00",174195,304829
"2025-10-04 04:00:00",209774,304845
"2025-10-04 05:00:00",268387,304828
"2025-10-04 06:00:00",322861,305026
"2025-10-04 07:00:00",352961,305341
"2025-10-04 08:00:00",355640,305785
"2025-10-04 09:00:00",348132,306286
"2025-10-04 10:00:00",333177,306682
"2025-10-04 11:00:00",410696,306958
"2025-10-04 12:00:00",502032,307282
"2025-10-04 13:00:00",556957,307689
"2025-10-04 14:00:00",559798,308147
"2025-10-04 15:00:00",541257,308737
"2025-10-04 16:00:00",461593,309350
"2025-10-04 17:00:00",374855,309846
"2025-10-04 18:00:00",307899,310289
"2025-10-04 19:00:00",258187,310556
"2025-10-04 20:00:00",222110,310798
"2025-10-04 21:00:00",185430,310854
"2025-10-04 22:00:00",148199,310687
"2025-10-04 23:00:00",114110,310400
"2025-10-05 00:00:00",92092,310014
"2025-10-05 01:00:00",114613,309829
"2025-10-05 02:00:00",152484,309638
"2025-10-05 03:00:00",173348,309360
"2025-10-05 04:00:00",208420,308882
"2025-10-05 05:00:00",271305,308485
"2025-10-05 06:00:00",330597,308289
"2025-10-05 07:00:00",365939,308306
"2025-10-05 08:00:00",371376,308328
"2025-10-05 09:00:00",363728,308270
"2025-10-05 10:00:00",345856,307999
"2025-10-05 11:00:00",425797,307331
"2025-10-05 12:00:00",519857,306742
"2025-10-05 13:00:00",576179,306402
"2025-10-05 14:00:00",579865,306278
"2025-10-05 15:00:00",559865,306126
"2025-10-05 16:00:00",475768,305852
"2025-10-05 17:00:00",386835,305503
"2025-10-05 18:00:00",316939,305110
"2025-10-05 19:00:00",262089,304723
"2025-10-05 20:00:00",215681,304255
"2025-10-05 21:00:00",168507,303605
"2025-10-05 22:00:00",127601,302893
"2025-10-05 23:00:00",98040,302348
"2025-10-06 00:00:00",86765,302092
"2025-10-06 01:00:00",108979,301932
"2025-10-06 02:00:00",140603,301645
"2025-10-06 03:00:00",152478,301199
"2025-10-06 04:00:00",187173,300939
"2025-10-06 05:00:00",254740,300798
"2025-10-06 06:00:00",318867,300337
"2025-10-06 07:00:00",351674,299394
"2025-10-06 08:00:00",353239,299059
"2025-10-06 09:00:00",338104,298731
"2025-10-06 10:00:00",298635,298127
"2025-10-06 11:00:00",379349,297960
"2025-10-06 12:00:00",483606,298205
"2025-10-06 13:00:00",549186,298695
"2025-10-06 14:00:00",552755,299070
"2025-10-06 15:00:00",531089,299359
"2025-10-06 16:00:00",445432,299378
"2025-10-06 17:00:00",357127,299139
"2025-10-06 18:00:00",292616,297946
"2025-10-06 19:00:00",244443,297542
"2025-10-06 20:00:00",200019,297250
"2025-10-06 21:00:00",153699,296957
"2025-10-06 22:00:00",116276,296730
"2025-10-06 23:00:00",89630,296554
"2025-10-07 00:00:00",83403,296457
"2025-10-07 01:00:00",106073,296383
"2025-10-07 02:00:00",139517,296401
"2025-10-07 03:00:00",161260,296759
"2025-10-07 04:00:00",196942,297105
"2025-10-07 05:00:00",243222,297072
"2025-10-07 06:00:00",285759,296926
"2025-10-07 07:00:00",353639,297951
"2025-10-07 08:00:00",364052,298624
"2025-10-07 09:00:00",359319,299438
"2025-10-07 10:00:00",341778,300649
"2025-10-07 11:00:00",432523,302217
"2025-10-07 12:00:00",539257,304118
"2025-10-07 13:00:00",599594,305950
"2025-10-07 14:00:00",601061,307443
"2025-10-07 15:00:00",567610,308600
"2025-10-07 16:00:00",468210,308676
"2025-10-07 17:00:00",324054,306809
"2025-10-07 18:00:00",292933,306719
"2025-10-07 19:00:00",248415,306419
"2025-10-07 20:00:00",203011,306029
"2025-10-07 21:00:00",156099,305831
"2025-10-07 22:00:00",117929,305712
"2025-10-07 23:00:00",89409,305612
"2025-10-08 00:00:00",83857,305568
"2025-10-08 01:00:00",109250,305633
"2025-10-08 02:00:00",148816,305757
"2025-10-08 03:00:00",168618,305671
"2025-10-08 04:00:00",210421,305681
"2025-10-08 05:00:00",277876,306175
"2025-10-08 06:00:00",340070,306666
"2025-10-08 07:00:00",377911,305984
"2025-10-08 08:00:00",382827,304979
"2025-10-08 09:00:00",371727,303839
"2025-10-08 10:00:00",360712,302999
"2025-10-08 11:00:00",466354,303386
"2025-10-08 12:00:00",575936,304189
"2025-10-08 13:00:00",620161,304871
"2025-10-08 14:00:00",618356,305684
"2025-10-08 15:00:00",542622,305410
"2025-10-08 16:00:00",408583,304150
"2025-10-08 17:00:00",319257,304054
"2025-10-08 18:00:00",271439,303354
"2025-10-08 19:00:00",222950,302427
"2025-10-08 20:00:00",189060,301970
"2025-10-08 21:00:00",147585,301613
"2025-10-08 22:00:00",112980,301405
"2025-10-08 23:00:00",86728,301283
"2025-10-09 00:00:00",83593,301247
"2025-10-09 01:00:00",103839,301104
"2025-10-09 02:00:00",133845,300746
"2025-10-09 03:00:00",150439,300329
"2025-10-09 04:00:00",190081,299830
"2025-10-09 05:00:00",228804,298563
"2025-10-09 06:00:00",264926,296565
"2025-10-09 07:00:00",291036,294241
"2025-10-09 08:00:00",296637,291882
"2025-10-09 09:00:00",293050,289699
"2025-10-09 10:00:00",332239,288818
"2025-10-09 11:00:00",458011,288460
"2025-10-09 12:00:00",584008,288523
"2025-10-09 13:00:00",640934,289017
"2025-10-09 14:00:00",637431,289620
"2025-10-09 15:00:00",554958,290084
"2025-10-09 16:00:00",408431,290344
"2025-10-09 17:00:00",307962,290317
"2025-10-09 18:00:00",252500,290011
"2025-10-09 19:00:00",214999,289909
"2025-10-09 20:00:00",178828,289701
"2025-10-09 21:00:00",140906,289669
"2025-10-09 22:00:00",107998,289796
"2025-10-09 23:00:00",83262,289954
"2025-10-10 00:00:00",81674,290080
"2025-10-10 01:00:00",103810,290137
"2025-10-10 02:00:00",135440,290237
"2025-10-10 03:00:00",150417,290315
"2025-10-10 04:00:00",188636,290398
"2025-10-10 05:00:00",224065,290432
"2025-10-10 06:00:00",259338,290565
"2025-10-10 07:00:00",282688,290686
"2025-10-10 08:00:00",287544,290809
"2025-10-10 09:00:00",283901,290939
"2025-10-10 10:00:00",323075,291042
"2025-10-10 11:00:00",448179,291059
"2025-10-10 12:00:00",580446,291197
"2025-10-10 13:00:00",647157,291624
"2025-10-10 14:00:00",646118,292269
"2025-10-10 15:00:00",571862,293173
"2025-10-10 16:00:00",426034,294579
"2025-10-10 17:00:00",320705,296162
"2025-10-10 18:00:00",259658,297456
"2025-10-10 19:00:00",219241,298340
"2025-10-10 20:00:00",188666,299078
"2025-10-10 21:00:00",158387,299839
"2025-10-10 22:00:00",125043,300530
"2025-10-10 23:00:00",95492,301066
"2025-10-11 00:00:00",85895,301312
"2025-10-11 01:00:00",107975,301456
"2025-10-11 02:00:00",141109,301696
"2025-10-11 03:00:00",159098,302127
"2025-10-11 04:00:00",200268,302742
"2025-10-11 05:00:00",244204,303740
"2025-10-11 06:00:00",284056,305406
"2025-10-11 07:00:00",309297,307605
"2025-10-11 08:00:00",314972,310048
"2025-10-11 09:00:00",309768,312423
"2025-10-11 10:00:00",344436,314569
"2025-10-11 11:00:00",466188,315895
"2025-10-11 12:00:00",599862,317090
"2025-10-11 13:00:00",677453,318293
"2025-10-11 14:00:00",678765,319037
"2025-10-11 15:00:00",639473,320705
"2025-10-11 16:00:00",516512,322287
"2025-10-11 17:00:00",402252,323237
"2025-10-11 18:00:00",317805,323723
"2025-10-11 19:00:00",255700,323977
"2025-10-11 20:00:00",211275,324171
"2025-10-11 21:00:00",176738,324368
"2025-10-11 22:00:00",141970,324487
"2025-10-11 23:00:00",107753,324481
"2025-10-12 00:00:00",90750,324351
"2025-10-12 01:00:00",116762,324442
"2025-10-12 02:00:00",157866,324658
"2025-10-12 03:00:00",183589,324895
"2025-10-12 04:00:00",235474,325308
"2025-10-12 05:00:00",320495,326715
"2025-10-12 06:00:00",397531,328562
"2025-10-12 07:00:00",440510,330429
"2025-10-12 08:00:00",445323,332125
"2025-10-12 09:00:00",433272,333720
"2025-10-12 10:00:00",412402,333805
"2025-10-12 11:00:00",521209,334202
"2025-10-12 12:00:00",631009,334018
"2025-10-12 13:00:00",666946,332829
"2025-10-12 14:00:00",660610,331755
"2025-10-12 15:00:00",560549,328902
"2025-10-12 16:00:00",406362,325382
"2025-10-12 17:00:00",308038,322430
"2025-10-12 18:00:00",254852,320406
"2025-10-12 19:00:00",219920,319242
"2025-10-12 20:00:00",185457,318404
"2025-10-12 21:00:00",147503,317474
"2025-10-12 22:00:00",113420,316584
"2025-10-12 23:00:00",86625,315946
"2025-10-13 00:00:00",78095,315595
"2025-10-13 01:00:00",94592,314970
"2025-10-13 02:00:00",117799,313786
"2025-10-13 03:00:00",130775,312180
"2025-10-13 04:00:00",162290,309921
"2025-10-13 05:00:00",188691,305822
"2025-10-13 06:00:00",219640,300292
"2025-10-13 07:00:00",247285,294239
"2025-10-13 08:00:00",257965,288246
"2025-10-13 09:00:00",257020,282477
"2025-10-13 10:00:00",294990,278501
"2025-10-13 11:00:00",414484,274779
"2025-10-13 12:00:00",545498,271635
"2025-10-13 13:00:00",611471,269567
"2025-10-13 14:00:00",610828,267706
"2025-10-13 15:00:00",536454,266660
"2025-10-13 16:00:00",390353,265918
"2025-10-13 17:00:00",290450,265189
"2025-10-13 18:00:00",240194,264599
"2025-10-13 19:00:00",207253,264095
"2025-10-13 20:00:00",174162,263629
"2025-10-13 21:00:00",138158,263243
"2025-10-13 22:00:00",106345,262962
"2025-10-13 23:00:00",82045,262782
"2025-10-13 23:10:00",78300,
"2025-10-13 23:20:00",75534,
"2025-10-13 23:30:00",73456,
"2025-10-13 23:40:00",71928,
"2025-10-13 23:50:00",70818,
"2025-10-14 00:00:00",69562,262666
"2025-10-14 00:10:00",69126,
"2025-10-14 00:20:00",70299,
"2025-10-14 00:30:00",71719,
"2025-10-14 00:40:00",73514,
"2025-10-14 00:50:00",75566,
"2025-10-14 01:00:00",77546,262443
"2025-10-14 01:10:00",80146,
"2025-10-14 01:20:00",82874,
"2025-10-14 01:30:00",85752,
"2025-10-14 01:40:00",88689,
"2025-10-14 01:50:00",91906,
"2025-10-14 02:00:00",95249,261576
"2025-10-14 02:10:00",99100,
"2025-10-14 02:20:00",102927,
"2025-10-14 02:30:00",106771,
"2025-10-14 02:40:00",110308,
"2025-10-14 02:50:00",113085,
"2025-10-14 03:00:00",115657,260486
"2025-10-14 03:10:00",117887,
"2025-10-14 03:20:00",119610,
"2025-10-14 03:30:00",121121,
"2025-10-14 03:40:00",122680,
"2025-10-14 03:50:00",124778,
"2025-10-14 04:00:00",127341,259295
"2025-10-14 04:10:00",131401,
"2025-10-14 04:20:00",136969,
"2025-10-14 04:30:00",143114,
"2025-10-14 04:40:00",149521,
"2025-10-14 04:50:00",155855,
"2025-10-14 05:00:00",161157,257927
"2025-10-14 05:10:00",166225,
"2025-10-14 05:20:00",171050,
"2025-10-14 05:30:00",175644,
"2025-10-14 05:40:00",180485,
"2025-10-14 05:50:00",184581,
"2025-10-14 06:00:00",188684,256254
"2025-10-14 06:10:00",193175,
"2025-10-14 06:20:00",198424,
"2025-10-14 06:30:00",203410,
"2025-10-14 06:40:00",208513,
"2025-10-14 06:50:00",213206,
"2025-10-14 07:00:00",217365,254050
"2025-10-14 07:10:00",220814,
"2025-10-14 07:20:00",223757,
"2025-10-14 07:30:00",226446,
"2025-10-14 07:40:00",228938,
"2025-10-14 07:50:00",230891,
"2025-10-14 08:00:00",231238,252444
"2025-10-14 08:10:00",230283,
"2025-10-14 08:20:00",230223,
"2025-10-14 08:30:00",229290,
"2025-10-14 08:40:00",228378,
"2025-10-14 08:50:00",227879,
"2025-10-14 09:00:00",226147,251553
"2025-10-14 09:10:00",225855,
"2025-10-14 09:20:00",224297,
"2025-10-14 09:30:00",222304,
"2025-10-14 09:40:00",220503,
"2025-10-14 09:50:00",219821,
"2025-10-14 10:00:00",221739,250703
"2025-10-14 10:10:00",225641,
"2025-10-14 10:20:00",230371,
"2025-10-14 10:30:00",237253,
"2025-10-14 10:40:00",245855,
"2025-10-14 10:50:00",256858,
"2025-10-14 11:00:00",270358,249733
"2025-10-14 11:10:00",289827,
"2025-10-14 11:20:00",306450,
"2025-10-14 11:30:00",323529,
"2025-10-14 11:40:00",341542,
"2025-10-14 11:50:00",368066,
"2025-10-14 12:00:00",398600,249190
"2025-10-14 12:10:00",422937,
"2025-10-14 12:20:00",447189,
"2025-10-14 12:30:00",470734,
"2025-10-14 12:40:00",493160,
"2025-10-14 12:50:00",511965,
"2025-10-14 13:00:00",528581,248564
"2025-10-14 13:10:00",544601,
"2025-10-14 13:20:00",558314,
"2025-10-14 13:30:00",569162,
"2025-10-14 13:40:00",576851,
"2025-10-14 13:50:00",580921,
"2025-10-14 14:00:00",580375,247915
"2025-10-14 14:10:00",576262,
"2025-10-14 14:20:00",569392,
"2025-10-14 14:30:00",559345,
"2025-10-14 14:40:00",546310,
"2025-10-14 14:50:00",530621,
"2025-10-14 15:00:00",510729,247426
"2025-10-14 15:10:00",485813,
"2025-10-14 15:20:00",462138,
"2025-10-14 15:30:00",438568,
"2025-10-14 15:40:00",415292,
"2025-10-14 15:50:00",393039,
"2025-10-14 16:00:00",370893,247203
"2025-10-14 16:10:00",348282,
"2025-10-14 16:20:00",328920,
"2025-10-14 16:30:00",312453,
"2025-10-14 16:40:00",298873,
"2025-10-14 16:50:00",286774,
"2025-10-14 17:00:00",275693,247065
"2025-10-14 17:10:00",265000,
"2025-10-14 17:20:00",255696,
"2025-10-14 17:30:00",247485,
"2025-10-14 17:40:00",240606,
"2025-10-14 17:50:00",234190,
"2025-10-14 18:00:00",227745,246891
"2025-10-14 18:10:00",220787,
"2025-10-14 18:20:00",215031,
"2025-10-14 18:30:00",209723,
"2025-10-14 18:40:00",204820,
"2025-10-14 18:50:00",199398,
"2025-10-14 19:00:00",194078,246640
"2025-10-14 19:10:00",188344,
"2025-10-14 19:20:00",183557,
"2025-10-14 19:30:00",178385,
"2025-10-14 19:40:00",172748,
"2025-10-14 19:50:00",168262,
"2025-10-14 20:00:00",162968,246432
"2025-10-14 20:10:00",156726,
"2025-10-14 20:20:00",150944,
"2025-10-14 20:30:00",145600,
"2025-10-14 20:40:00",140358,
"2025-10-14 20:50:00",135389,
"2025-10-14 21:00:00",130176,246320
"2025-10-14 21:10:00",124920,
"2025-10-14 21:20:00",119800,
"2025-10-14 21:30:00",114367,
"2025-10-14 21:40:00",109661,
"2025-10-14 21:50:00",105247,
"2025-10-14 22:00:00",100529,246255
"2025-10-14 22:10:00",92055,
"2025-10-14 22:20:00",89962,
"2025-10-14 22:30:00",86670,
"2025-10-14 22:40:00",83261,
"2025-10-14 22:50:00",79542,
"2025-10-14 23:00:00",76046,246158
"2025-10-14 23:10:00",72323,
"2025-10-14 23:20:00",69277,
"2025-10-14 23:30:00",66857,
"2025-10-14 23:40:00",64291,
"2025-10-14 23:50:00",61774,
"2025-10-15 00:00:00",58570,245688
"2025-10-15 00:10:00",41670,
"2025-10-15 00:20:00",24359,
"2025-10-15 00:30:00",14653,
"2025-10-15 00:40:00",12883,
"2025-10-15 00:50:00",12621,
"2025-10-15 01:00:00",12591,243228
"2025-10-15 01:10:00",12449,
"2025-10-15 01:20:00",12390,
"2025-10-15 01:30:00",12280,
"2025-10-15 01:40:00",12425,
"2025-10-15 01:50:00",12575,
"2025-10-15 02:00:00",12662,240590
"2025-10-15 02:10:00",12772,
"2025-10-15 02:20:00",12934,
"2025-10-15 02:30:00",12981,
"2025-10-15 02:40:00",13029,
"2025-10-15 02:50:00",13268,
"2025-10-15 03:00:00",13369,237771
"2025-10-15 03:10:00",13441,
"2025-10-15 03:20:00",13630,
"2025-10-15 03:30:00",13826,
"2025-10-15 03:40:00",14056,
"2025-10-15 03:50:00",14257,
"2025-10-15 04:00:00",14632,234040
"2025-10-15 04:10:00",15078,
"2025-10-15 04:20:00",15313,
"2025-10-15 04:30:00",15965,
"2025-10-15 04:40:00",16268,
"2025-10-15 04:50:00",16405,
"2025-10-15 05:00:00",16873,229599
"2025-10-15 05:10:00",17143,
"2025-10-15 05:20:00",17418,
"2025-10-15 05:30:00",17777,
"2025-10-15 05:40:00",17924,
"2025-10-15 05:50:00",18299,
"2025-10-15 06:00:00",19023,224493
"2025-10-15 06:10:00",19302,
"2025-10-15 06:20:00",19683,
"2025-10-15 06:30:00",20405,
"2025-10-15 06:40:00",21312,
"2025-10-15 06:50:00",21994,
"2025-10-15 07:00:00",23502,223019
"2025-10-15 07:10:00",40326,
"2025-10-15 07:20:00",69603,
"2025-10-15 07:30:00",96123,
"2025-10-15 07:40:00",120152,
"2025-10-15 07:50:00",141979,
"2025-10-15 08:00:00",162322,224017
"2025-10-15 08:10:00",181229,
"2025-10-15 08:20:00",197711,
"2025-10-15 08:30:00",212910,
"2025-10-15 08:40:00",226518,
"2025-10-15 08:50:00",237153,
"2025-10-15 09:00:00",244410,225426
"2025-10-15 09:10:00",250367,
"2025-10-15 09:20:00",254668,
"2025-10-15 09:30:00",257370,
"2025-10-15 09:40:00",260525,
"2025-10-15 09:50:00",263990,
"2025-10-15 10:00:00",268035,227244
"2025-10-15 10:10:00",272882,
"2025-10-15 10:20:00",280316,
"2025-10-15 10:30:00",288753,
"2025-10-15 10:40:00",299839,
"2025-10-15 10:50:00",313008,
"2025-10-15 11:00:00",327357,229062
"2025-10-15 11:10:00",345582,
"2025-10-15 11:20:00",365258,
"2025-10-15 11:30:00",385278,
"2025-10-15 11:40:00",405575,
"2025-10-15 11:50:00",425860,
"2025-10-15 12:00:00",446696,230286
"2025-10-15 12:10:00",470178,
"2025-10-15 12:20:00",491589,
"2025-10-15 12:30:00",512321,
"2025-10-15 12:40:00",532401,
"2025-10-15 12:50:00",550084,
"2025-10-15 13:00:00",565630,231486
"2025-10-15 13:10:00",581179,
"2025-10-15 13:20:00",594849,
"2025-10-15 13:30:00",605055,
"2025-10-15 13:40:00",612241,
"2025-10-15 13:50:00",616891,
"2025-10-15 14:00:00",617542,232725
"2025-10-15 14:10:00",616366,
"2025-10-15 14:20:00",611203,
"2025-10-15 14:30:00",602527,
"2025-10-15 14:40:00",590244,
"2025-10-15 14:50:00",575924,
"2025-10-15 15:00:00",555691,234232
"2025-10-15 15:10:00",530456,
"2025-10-15 15:20:00",505982,
"2025-10-15 15:30:00",481488,
"2025-10-15 15:40:00",456446,
"2025-10-15 15:50:00",431939,
"2025-10-15 16:00:00",408181,235414
"2025-10-15 16:10:00",383120,
"2025-10-15 16:20:00",362096,
"2025-10-15 16:30:00",343658,
"2025-10-15 16:40:00",327627,
"2025-10-15 16:50:00",313664,
"2025-10-15 17:00:00",300278,236182
"2025-10-15 17:10:00",288631,
"2025-10-15 17:20:00",278393,
"2025-10-15 17:30:00",269222,
"2025-10-15 17:40:00",261206,
"2025-10-15 17:50:00",253978,
"2025-10-15 18:00:00",246507,236765
"2025-10-15 18:10:00",238732,
"2025-10-15 18:20:00",231743,
"2025-10-15 18:30:00",225984,
"2025-10-15 18:40:00",221161,
"2025-10-15 18:50:00",215794,
"2025-10-15 19:00:00",210505,237257
"2025-10-15 19:10:00",204651,
"2025-10-15 19:20:00",198966,
"2025-10-15 19:30:00",193971,
"2025-10-15 19:40:00",188945,
"2025-10-15 19:50:00",184063,
"2025-10-15 20:00:00",178419,237721
"2025-10-15 20:10:00",172123,
"2025-10-15 20:20:00",165989,
"2025-10-15 20:30:00",160356,
"2025-10-15 20:40:00",154941,
"2025-10-15 20:50:00",149117,
"2025-10-15 21:00:00",142682,238073
"2025-10-15 21:10:00",136330,
"2025-10-15 21:20:00",131503,
"2025-10-15 21:30:00",124721,
"2025-10-15 21:40:00",119922,
"2025-10-15 21:50:00",115052,
"2025-10-15 22:00:00",110277,238343
"2025-10-15 22:10:00",105433,
"2025-10-15 22:20:00",101087,
"2025-10-15 22:30:00",96939,
"2025-10-15 22:40:00",93114,
"2025-10-15 22:50:00",89396,
"2025-10-15 23:00:00",85429,238610
"2025-10-15 23:10:00",81235,
"2025-10-15 23:20:00",78690,
"2025-10-15 23:30:00",76433,
"2025-10-15 23:40:00",74811,
"2025-10-15 23:50:00",73700,
"2025-10-16 00:00:00",72777,239361
"2025-10-16 00:10:00",72782,
"2025-10-16 00:20:00",74247,
"2025-10-16 00:30:00",76357,
"2025-10-16 00:40:00",78881,
"2025-10-16 00:50:00",81832,
"2025-10-16 01:00:00",84598,242408
"2025-10-16 01:10:00",87577,
"2025-10-16 01:20:00",90555,
"2025-10-16 01:30:00",94263,
"2025-10-16 01:40:00",97949,
"2025-10-16 01:50:00",101809,
"2025-10-16 02:00:00",106408,246363
"2025-10-16 02:10:00",111271,
"2025-10-16 02:20:00",115913,
"2025-10-16 02:30:00",120544,
"2025-10-16 02:40:00",124578,
"2025-10-16 02:50:00",128094,
"2025-10-16 03:00:00",130938,250747
"2025-10-16 03:10:00",133110,
"2025-10-16 03:20:00",134789,
"2025-10-16 03:30:00",136297,
"2025-10-16 03:40:00",138071,
"2025-10-16 03:50:00",140681,
"2025-10-16 04:00:00",143323,256198
"2025-10-16 04:10:00",147912,
"2025-10-16 04:20:00",153937,
"2025-10-16 04:30:00",160253,
"2025-10-16 04:40:00",166623,
"2025-10-16 04:50:00",172290,
"2025-10-16 05:00:00",177262,262666
"2025-10-16 05:10:00",182654,
"2025-10-16 05:20:00",187576,
"2025-10-16 05:30:00",192512,
"2025-10-16 05:40:00",197457,
"2025-10-16 05:50:00",202271,
"2025-10-16 06:00:00",206330,270082
"2025-10-16 06:10:00",211101,
"2025-10-16 06:20:00",216042,
"2025-10-16 06:30:00",221388,
"2025-10-16 06:40:00",226617,
"2025-10-16 06:50:00",231649,
"2025-10-16 07:00:00",236047,274185
"2025-10-16 07:10:00",240019,
"2025-10-16 07:20:00",244946,
"2025-10-16 07:30:00",249036,
"2025-10-16 07:40:00",253501,
"2025-10-16 07:50:00",256493,
"2025-10-16 08:00:00",258484,275184
"2025-10-16 08:10:00",259795,
"2025-10-16 08:20:00",262102,
"2025-10-16 08:30:00",263389,
"2025-10-16 08:40:00",263808,
"2025-10-16 08:50:00",263459,
"2025-10-16 09:00:00",261401,275138
"2025-10-16 09:10:00",258378,
"2025-10-16 09:20:00",256349,
"2025-10-16 09:30:00",255041,
"2025-10-16 09:40:00",254291,
"2025-10-16 09:50:00",254599,
"2025-10-16 10:00:00",256322,274800
"2025-10-16 10:10:00",259999,
"2025-10-16 10:20:00",266917,
"2025-10-16 10:30:00",275679,
"2025-10-16 10:40:00",286983,
"2025-10-16 10:50:00",302150,
"2025-10-16 11:00:00",318452,274743
"2025-10-16 11:10:00",337019,
"2025-10-16 11:20:00",356601,
"2025-10-16 11:30:00",377878,
"2025-10-16 11:40:00",402097,
"2025-10-16 11:50:00",424805,
"2025-10-16 12:00:00",447184,274816
"2025-10-16 12:10:00",470597,
"2025-10-16 12:20:00",492668,
"2025-10-16 12:30:00",514847,
"2025-10-16 12:40:00",535638,
"2025-10-16 12:50:00",555184,
"2025-10-16 13:00:00",570500,274903
"2025-10-16 13:10:00",586352,
"2025-10-16 13:20:00",600345,
"2025-10-16 13:30:00",611061,
"2025-10-16 13:40:00",618456,
"2025-10-16 13:50:00",621238,
"2025-10-16 14:00:00",621278,275070
"2025-10-16 14:10:00",617300,
"2025-10-16 14:20:00",611621,
"2025-10-16 14:30:00",602304,
"2025-10-16 14:40:00",588935,
"2025-10-16 14:50:00",572058,
"2025-10-16 15:00:00",550508,274957
"2025-10-16 15:10:00",525701,
"2025-10-16 15:20:00",502182,
"2025-10-16 15:30:00",477797,
"2025-10-16 15:40:00",452970,
"2025-10-16 15:50:00",429229,
"2025-10-16 16:00:00",405595,275175
"2025-10-16 16:10:00",380477,
"2025-10-16 16:20:00",359367,
"2025-10-16 16:30:00",341449,
"2025-10-16 16:40:00",325879,
"2025-10-16 16:50:00",312290,
"2025-10-16 17:00:00",299818,275614
"2025-10-16 17:10:00",287984,
"2025-10-16 17:20:00",277098,
"2025-10-16 17:30:00",267615,
"2025-10-16 17:40:00",259492,
"2025-10-16 17:50:00",252250,
"2025-10-16 18:00:00",244226,275948
"2025-10-16 18:10:00",237068,
"2025-10-16 18:20:00",230680,
"2025-10-16 18:30:00",224927,
"2025-10-16 18:40:00",219274,
"2025-10-16 18:50:00",213726,
"2025-10-16 19:00:00",208812,276162
"2025-10-16 19:10:00",202445,
"2025-10-16 19:20:00",196850,
"2025-10-16 19:30:00",191320,
"2025-10-16 19:40:00",186169,
"2025-10-16 19:50:00",180839,
"2025-10-16 20:00:00",174975,276214
"2025-10-16 20:10:00",169105,
"2025-10-16 20:20:00",163351,
"2025-10-16 20:30:00",157764,
"2025-10-16 20:40:00",151875,
"2025-10-16 20:50:00",146799,
"2025-10-16 21:00:00",141051,276294
"2025-10-16 21:10:00",135213,
"2025-10-16 21:20:00",129563,
"2025-10-16 21:30:00",124117,
"2025-10-16 21:40:00",119600,
"2025-10-16 21:50:00",114889,
"2025-10-16 22:00:00",109996,276410
"2025-10-16 22:10:00",105068,
"2025-10-16 22:20:00",100793,
"2025-10-16 22:30:00",96561,
"2025-10-16 22:40:00",92144,
"2025-10-16 22:50:00",88371,
"2025-10-16 23:00:00",84665,276483
"2025-10-16 23:10:00",80739,
"2025-10-16 23:20:00",77741,
"2025-10-16 23:30:00",75523,
"2025-10-16 23:40:00",73562,
"2025-10-16 23:50:00",72147,
"2025-10-17 00:00:00",71163,276445
"2025-10-17 00:10:00",70663,
"2025-10-17 00:20:00",71993,
"2025-10-17 00:30:00",73780,
"2025-10-17 00:40:00",76241,
"2025-10-17 00:50:00",78869,
"2025-10-17 01:00:00",81525,276360
"2025-10-17 01:10:00",84637,
"2025-10-17 01:20:00",88010,
"2025-10-17 01:30:00",91377,
"2025-10-17 01:40:00",95203,
"2025-10-17 01:50:00",98816,
"2025-10-17 02:00:00",103275,276350
"2025-10-17 02:10:00",108819,
"2025-10-17 02:20:00",113868,
"2025-10-17 02:30:00",118595,
"2025-10-17 02:40:00",122507,
"2025-10-17 02:50:00",126456,
"2025-10-17 03:00:00",130062,276480
"2025-10-17 03:10:00",133060,
"2025-10-17 03:20:00",135281,
"2025-10-17 03:30:00",137048,
"2025-10-17 03:40:00",139161,
"2025-10-17 03:50:00",141533,
"2025-10-17 04:00:00",144480,276693
"2025-10-17 04:10:00",149173,
"2025-10-17 04:20:00",155286,
"2025-10-17 04:30:00",161736,
"2025-10-17 04:40:00",168421,
"2025-10-17 04:50:00",174824,
"2025-10-17 05:00:00",180609,277057
"2025-10-17 05:10:00",186208,
"2025-10-17 05:20:00",191943,
"2025-10-17 05:30:00",197284,
"2025-10-17 05:40:00",202994,
"2025-10-17 05:50:00",208094,
"2025-10-17 06:00:00",213404,277723
"2025-10-17 06:10:00",218675,
"2025-10-17 06:20:00",224767,
"2025-10-17 06:30:00",230381,
"2025-10-17 06:40:00",235710,
"2025-10-17 06:50:00",241536,
"2025-10-17 07:00:00",246297,278481
"2025-10-17 07:10:00",251416,
"2025-10-17 07:20:00",255983,
"2025-10-17 07:30:00",259930,
"2025-10-17 07:40:00",263033,
"2025-10-17 07:50:00",265634,
"2025-10-17 08:00:00",267856,279220
"2025-10-17 08:10:00",269593,
"2025-10-17 08:20:00",271101,
"2025-10-17 08:30:00",271087,
"2025-10-17 08:40:00",270941,
"2025-10-17 08:50:00",270742,
"2025-10-17 09:00:00",269325,279962
"2025-10-17 09:10:00",266790,
"2025-10-17 09:20:00",264700,
"2025-10-17 09:30:00",261841,
"2025-10-17 09:40:00",260528,
"2025-10-17 09:50:00",259824,
"2025-10-17 10:00:00",259639,280256
"2025-10-17 10:10:00",261918,
"2025-10-17 10:20:00",267465,
"2025-10-17 10:30:00",275355,
"2025-10-17 10:40:00",286186,
"2025-10-17 10:50:00",299199,
"2025-10-17 11:00:00",313365,279810
"2025-10-17 11:10:00",329669,
"2025-10-17 11:20:00",347965,
"2025-10-17 11:30:00",367889,
"2025-10-17 11:40:00",386724,
"2025-10-17 11:50:00",407133,
"2025-10-17 12:00:00",430392,279580
"2025-10-17 12:10:00",452427,
"2025-10-17 12:20:00",475123,
"2025-10-17 12:30:00",499959,
"2025-10-17 12:40:00",523519,
"2025-10-17 12:50:00",543716,
"2025-10-17 13:00:00",560704,279890
"2025-10-17 13:10:00",578104,
"2025-10-17 13:20:00",594245,
"2025-10-17 13:30:00",607509,
"2025-10-17 13:40:00",618314,
"2025-10-17 13:50:00",626819,
"2025-10-17 14:00:00",631834,280396
"2025-10-17 14:10:00",633645,
"2025-10-17 14:20:00",633454,
"2025-10-17 14:30:00",631563,
"2025-10-17 14:40:00",625811,
"2025-10-17 14:50:00",617457,
"2025-10-17 15:00:00",603839,282404
"2025-10-17 15:10:00",586411,
"2025-10-17 15:20:00",569377,
"2025-10-17 15:30:00",550394,
"2025-10-17 15:40:00",530685,
"2025-10-17 15:50:00",507905,
"2025-10-17 16:00:00",485254,285380
"2025-10-17 16:10:00",462138,
"2025-10-17 16:20:00",441265,
"2025-10-17 16:30:00",422593,
"2025-10-17 16:40:00",405771,
"2025-10-17 16:50:00",389651,
"2025-10-17 17:00:00",374012,288176
"2025-10-17 17:10:00",358503,
"2025-10-17 17:20:00",344210,
"2025-10-17 17:30:00",331688,
"2025-10-17 17:40:00",319838,
"2025-10-17 17:50:00",300719,
"2025-10-17 18:00:00",295068,290116
"2025-10-17 18:10:00",284186,
"2025-10-17 18:20:00",274265,
"2025-10-17 18:30:00",265627,
"2025-10-17 18:40:00",257721,
"2025-10-17 18:50:00",250433,
"2025-10-17 19:00:00",242939,291430
"2025-10-17 19:10:00",235317,
"2025-10-17 19:20:00",228398,
"2025-10-17 19:30:00",221403,
"2025-10-17 19:40:00",215182,
"2025-10-17 19:50:00",209145,
"2025-10-17 20:00:00",203278,292506
"2025-10-17 20:10:00",197110,
"2025-10-17 20:20:00",190257,
"2025-10-17 20:30:00",184919,
"2025-10-17 20:40:00",179138,
"2025-10-17 20:50:00",170551,
"2025-10-17 21:00:00",167479,293507
"2025-10-17 21:10:00",160857,
"2025-10-17 21:20:00",154719,
"2025-10-17 21:30:00",149038,
"2025-10-17 21:40:00",143415,
"2025-10-17 21:50:00",137888,
"2025-10-17 22:00:00",132207,294343
"2025-10-17 22:10:00",126872,
"2025-10-17 22:20:00",121429,
"2025-10-17 22:30:00",116419,
"2025-10-17 22:40:00",111412,
"2025-10-17 22:50:00",106633,
"2025-10-17 23:00:00",101783,294985
"2025-10-17 23:10:00",97164,
"2025-10-17 23:20:00",93101,
"2025-10-17 23:30:00",90067,
"2025-10-17 23:40:00",87310,
"2025-10-17 23:50:00",85119,
"2025-10-18 00:00:00",83242,295299
"2025-10-18 00:10:00",81804,
"2025-10-18 00:20:00",82085,
"2025-10-18 00:30:00",83131,
"2025-10-18 00:40:00",85175,
"2025-10-18 00:50:00",87591,
"2025-10-18 01:00:00",90279,295794
"2025-10-18 01:10:00",94113,
"2025-10-18 01:20:00",98076,
"2025-10-18 01:30:00",102427,
"2025-10-18 01:40:00",107509,
"2025-10-18 01:50:00",112774,
"2025-10-18 02:00:00",119257,296659
"2025-10-18 02:10:00",126072,
"2025-10-18 02:20:00",132665,
"2025-10-18 02:30:00",139101,
"2025-10-18 02:40:00",145198,
"2025-10-18 02:50:00",150175,
"2025-10-18 03:00:00",154611,297710
"2025-10-18 03:10:00",158263,
"2025-10-18 03:20:00",161604,
"2025-10-18 03:30:00",164191,
"2025-10-18 03:40:00",166569,
"2025-10-18 03:50:00",169867,
"2025-10-18 04:00:00",173038,299037
"2025-10-18 04:10:00",177322,
"2025-10-18 04:20:00",184460,
"2025-10-18 04:30:00",192084,
"2025-10-18 04:40:00",200492,
"2025-10-18 04:50:00",209781,
"2025-10-18 05:00:00",219409,301583
"2025-10-18 05:10:00",230285,
"2025-10-18 05:20:00",241308,
"2025-10-18 05:30:00",252534,
"2025-10-18 05:40:00",263565,
"2025-10-18 05:50:00",274199,
"2025-10-18 06:00:00",284478,305139
"2025-10-18 06:10:00",295498,
"2025-10-18 06:20:00",305491,
"2025-10-18 06:30:00",315161,
"2025-10-18 06:40:00",324388,
"2025-10-18 06:50:00",332704,
"2025-10-18 07:00:00",340519,309214
"2025-10-18 07:10:00",347951,
"2025-10-18 07:20:00",354591,
"2025-10-18 07:30:00",360191,
"2025-10-18 07:40:00",365431,
"2025-10-18 07:50:00",368820,
"2025-10-18 08:00:00",370926,313240
"2025-10-18 08:10:00",371965,
"2025-10-18 08:20:00",372086,
"2025-10-18 08:30:00",371849,
"2025-10-18 08:40:00",369899,
"2025-10-18 08:50:00",367342,
"2025-10-18 09:00:00",362643,316988
"2025-10-18 09:10:00",355912,
"2025-10-18 09:20:00",349285,
"2025-10-18 09:30:00",342217,
"2025-10-18 09:40:00",336027,
"2025-10-18 09:50:00",331168,
"2025-10-18 10:00:00",327862,319249
"2025-10-18 10:10:00",326254,
"2025-10-18 10:20:00",328425,
"2025-10-18 10:30:00",333640,
"2025-10-18 10:40:00",342148,
"2025-10-18 10:50:00",353612,
"2025-10-18 11:00:00",367894,321425
"2025-10-18 11:10:00",384605,
"2025-10-18 11:20:00",402286,
"2025-10-18 11:30:00",421086,
"2025-10-18 11:40:00",440866,
"2025-10-18 11:50:00",460509,
"2025-10-18 12:00:00",481238,322910
"2025-10-18 12:10:00",502276,
"2025-10-18 12:20:00",522483,
"2025-10-18 12:30:00",543336,
"2025-10-18 12:40:00",562046,
"2025-10-18 12:50:00",578949,
"2025-10-18 13:00:00",593194,323920
"2025-10-18 13:10:00",609212,
"2025-10-18 13:20:00",622903,
"2025-10-18 13:30:00",633267,
"2025-10-18 13:40:00",643277,
"2025-10-18 13:50:00",650569,
"2025-10-18 14:00:00",652990,324682
"2025-10-18 14:10:00",653622,
"2025-10-18 14:20:00",653027,
"2025-10-18 14:30:00",649728,
"2025-10-18 14:40:00",643777,
"2025-10-18 14:50:00",634183,
"2025-10-18 15:00:00",620481,325293
"2025-10-18 15:10:00",603646,
"2025-10-18 15:20:00",585947,
"2025-10-18 15:30:00",566885,
"2025-10-18 15:40:00",547718,
"2025-10-18 15:50:00",527925,
"2025-10-18 16:00:00",505511,325851
"2025-10-18 16:10:00",483890,
"2025-10-18 16:20:00",463996,
"2025-10-18 16:30:00",445752,
"2025-10-18 16:40:00",428913,
"2025-10-18 16:50:00",412674,
"2025-10-18 17:00:00",396504,326381
"2025-10-18 17:10:00",380091,
"2025-10-18 17:20:00",365547,
"2025-10-18 17:30:00",351561,
"2025-10-18 17:40:00",339036,
"2025-10-18 17:50:00",327545,
"2025-10-18 18:00:00",316231,326907
"2025-10-18 18:10:00",304866,
"2025-10-18 18:20:00",294633,
"2025-10-18 18:30:00",285480,
"2025-10-18 18:40:00",276691,
"2025-10-18 18:50:00",267786,
"2025-10-18 19:00:00",259300,327346
"2025-10-18 19:10:00",251969,
"2025-10-18 19:20:00",244923,
"2025-10-18 19:30:00",237837,
"2025-10-18 19:40:00",231200,
"2025-10-18 19:50:00",224776,
"2025-10-18 20:00:00",218007,327787
"2025-10-18 20:10:00",211465,
"2025-10-18 20:20:00",205189,
"2025-10-18 20:30:00",198933,
"2025-10-18 20:40:00",192935,
"2025-10-18 20:50:00",186629,
"2025-10-18 21:00:00",180164,328174
"2025-10-18 21:10:00",173371,
"2025-10-18 21:20:00",167411,
"2025-10-18 21:30:00",161269,
"2025-10-18 21:40:00",155562,
"2025-10-18 21:50:00",149925,
"2025-10-18 22:00:00",144071,328537
"2025-10-18 22:10:00",138019,
"2025-10-18 22:20:00",132318,
"2025-10-18 22:30:00",126576,
"2025-10-18 22:40:00",121443,
"2025-10-18 22:50:00",115970,
"2025-10-18 23:00:00",110629,328797
"2025-10-18 23:10:00",105519,
"2025-10-18 23:20:00",101688,
"2025-10-18 23:30:00",98286,
"2025-10-18 23:40:00",95372,
"2025-10-18 23:50:00",92540,
"2025-10-19 00:00:00",89979,328916
"2025-10-19 00:10:00",88015,
"2025-10-19 00:20:00",87981,
"2025-10-19 00:30:00",89003,
"2025-10-19 00:40:00",90427,
"2025-10-19 00:50:00",92300,
"2025-10-19 01:00:00",94879,329067
"2025-10-19 01:10:00",98145,
"2025-10-19 01:20:00",102378,
"2025-10-19 01:30:00",106981,
"2025-10-19 01:40:00",112174,
"2025-10-19 01:50:00",117572,
"2025-10-19 02:00:00",124075,329295
"2025-10-19 02:10:00",131172,
"2025-10-19 02:20:00",138242,
"2025-10-19 02:30:00",144866,
"2025-10-19 02:40:00",151434,
"2025-10-19 02:50:00",157426,
"2025-10-19 03:00:00",162541,329723
"2025-10-19 03:10:00",167342,
"2025-10-19 03:20:00",171562,
"2025-10-19 03:30:00",175289,
"2025-10-19 03:40:00",179059,
"2025-10-19 03:50:00",183134,
"2025-10-19 04:00:00",187676,330495
"2025-10-19 04:10:00",194178,
"2025-10-19 04:20:00",202246,
"2025-10-19 04:30:00",211459,
"2025-10-19 04:40:00",221533,
"2025-10-19 04:50:00",232518,
"2025-10-19 05:00:00",244275,331810
"2025-10-19 05:10:00",257088,
"2025-10-19 05:20:00",271026,
"2025-10-19 05:30:00",285168,
"2025-10-19 05:40:00",298358,
"2025-10-19 05:50:00",311530,
"2025-10-19 06:00:00",324327,333624
"2025-10-19 06:10:00",338137,
"2025-10-19 06:20:00",351283,
"2025-10-19 06:30:00",363657,
"2025-10-19 06:40:00",375304,
"2025-10-19 06:50:00",385375,
"2025-10-19 07:00:00",394722,335670
"2025-10-19 07:10:00",404183,
"2025-10-19 07:20:00",412147,
"2025-10-19 07:30:00",419001,
"2025-10-19 07:40:00",424761,
"2025-10-19 07:50:00",429349,
"2025-10-19 08:00:00",431779,337774
"2025-10-19 08:10:00",434695,
"2025-10-19 08:20:00",435674,
"2025-10-19 08:30:00",435516,
"2025-10-19 08:40:00",433744,
"2025-10-19 08:50:00",430273,
"2025-10-19 09:00:00",424999,339459
"2025-10-19 09:10:00",417722,
"2025-10-19 09:20:00",410313,
"2025-10-19 09:30:00",401990,
"2025-10-19 09:40:00",394602,
"2025-10-19 09:50:00",387545,
"2025-10-19 10:00:00",382133,340694
"2025-10-19 10:10:00",378100,
"2025-10-19 10:20:00",379494,
"2025-10-19 10:30:00",384121,
"2025-10-19 10:40:00",392070,
"2025-10-19 10:50:00",402995,
"2025-10-19 11:00:00",416597,342378
"2025-10-19 11:10:00",433657,
"2025-10-19 11:20:00",451612,
"2025-10-19 11:30:00",471008,
"2025-10-19 11:40:00",490887,
"2025-10-19 11:50:00",510605,
"2025-10-19 12:00:00",530720,343953
"2025-10-19 12:10:00",551313,
"2025-10-19 12:20:00",570491,
"2025-10-19 12:30:00",589515,
"2025-10-19 12:40:00",606049,
"2025-10-19 12:50:00",619520,
"2025-10-19 13:00:00",629933,344373
"2025-10-19 13:10:00",641787,
"2025-10-19 13:20:00",650290,
"2025-10-19 13:30:00",655825,
"2025-10-19 13:40:00",658968,
"2025-10-19 13:50:00",659661,
"2025-10-19 14:00:00",655451,344543
"2025-10-19 14:10:00",647167,
"2025-10-19 14:20:00",636717,
"2025-10-19 14:30:00",623113,
"2025-10-19 14:40:00",606324,
"2025-10-19 14:50:00",585600,
"2025-10-19 15:00:00",560390,342252
"2025-10-19 15:10:00",532728,
"2025-10-19 15:20:00",506729,
"2025-10-19 15:30:00",479497,
"2025-10-19 15:40:00",453677,
"2025-10-19 15:50:00",429782,
"2025-10-19 16:00:00",405389,338360
"2025-10-19 16:10:00",381932,
"2025-10-19 16:20:00",362972,
"2025-10-19 16:30:00",347412,
"2025-10-19 16:40:00",332995,
"2025-10-19 16:50:00",320320,
"2025-10-19 17:00:00",307695,334912
"2025-10-19 17:10:00",295456,
"2025-10-19 17:20:00",285794,
"2025-10-19 17:30:00",276529,
"2025-10-19 17:40:00",269406,
"2025-10-19 17:50:00",263051,
"2025-10-19 18:00:00",256459,332611
"2025-10-19 18:10:00",249765,
"2025-10-19 18:20:00",243672,
"2025-10-19 18:30:00",237631,
"2025-10-19 18:40:00",218733,
"2025-10-19 18:50:00",222134,
"2025-10-19 19:00:00",218877,331079
"2025-10-19 19:10:00",212815,
"2025-10-19 19:20:00",207081,
"2025-10-19 19:30:00",201433,
"2025-10-19 19:40:00",195794,
"2025-10-19 19:50:00",190195,
"2025-10-19 20:00:00",184259,329820
"2025-10-19 20:10:00",178277,
"2025-10-19 20:20:00",172241,
"2025-10-19 20:30:00",166095,
"2025-10-19 20:40:00",159896,
"2025-10-19 20:50:00",153780,
"2025-10-19 21:00:00",147473,328603
"2025-10-19 21:10:00",141545,
"2025-10-19 21:20:00",136263,
"2025-10-19 21:30:00",131223,
"2025-10-19 21:40:00",125699,
"2025-10-19 21:50:00",120239,
"2025-10-19 22:00:00",114965,327526
"2025-10-19 22:10:00",109805,
"2025-10-19 22:20:00",104876,
"2025-10-19 22:30:00",100234,
"2025-10-19 22:40:00",96052,
"2025-10-19 22:50:00",91711,
"2025-10-19 23:00:00",87424,326684
"2025-10-19 23:10:00",83277,
"2025-10-19 23:20:00",80704,
"2025-10-19 23:30:00",78276,
"2025-10-19 23:40:00",76173,
"2025-10-19 23:50:00",74751,
"2025-10-20 00:00:00",73202,326228
"2025-10-20 00:10:00",72322,
"2025-10-20 00:20:00",73306,
"2025-10-20 00:30:00",74790,
"2025-10-20 00:40:00",76751,
"2025-10-20 00:50:00",78617,
"2025-10-20 01:00:00",80954,325687
"2025-10-20 01:10:00",83715,
"2025-10-20 01:20:00",86251,
"2025-10-20 01:30:00",89111,
"2025-10-20 01:40:00",92404,
"2025-10-20 01:50:00",95862,
"2025-10-20 02:00:00",99896,324488
"2025-10-20 02:10:00",104372,
"2025-10-20 02:20:00",109010,
"2025-10-20 02:30:00",113128,
"2025-10-20 02:40:00",116916,
"2025-10-20 02:50:00",120063,
"2025-10-20 03:00:00",122833,322724
"2025-10-20 03:10:00",124927,
"2025-10-20 03:20:00",127018,
"2025-10-20 03:30:00",128281,
"2025-10-20 03:40:00",130247,
"2025-10-20 03:50:00",132730,
"2025-10-20 04:00:00",135929,320284
"2025-10-20 04:10:00",140620,
"2025-10-20 04:20:00",146864,
"2025-10-20 04:30:00",153292,
"2025-10-20 04:40:00",159970,
"2025-10-20 04:50:00",165981,
"2025-10-20 05:00:00",171133,315803
"2025-10-20 05:10:00",176195,
"2025-10-20 05:20:00",181201,
"2025-10-20 05:30:00",185860,
"2025-10-20 05:40:00",191111,
"2025-10-20 05:50:00",196029,
"2025-10-20 06:00:00",200705,309563
"2025-10-20 06:10:00",206125,
"2025-10-20 06:20:00",211596,
"2025-10-20 06:30:00",217162,
"2025-10-20 06:40:00",222514,
"2025-10-20 06:50:00",227926,
"2025-10-20 07:00:00",232843,301695
"2025-10-20 07:10:00",233393,
"2025-10-20 07:20:00",192712,
"2025-10-20 07:30:00",125339,
"2025-10-20 07:40:00",83524,
"2025-10-20 07:50:00",63216,
"2025-10-20 08:00:00",56629,286333
"2025-10-20 08:10:00",53785,
"2025-10-20 08:20:00",51543,
"2025-10-20 08:30:00",50188,
"2025-10-20 08:40:00",49460,
"2025-10-20 08:50:00",47961,
"2025-10-20 09:00:00",47858,271418
"2025-10-20 09:10:00",47377,
"2025-10-20 09:20:00",46755,
"2025-10-20 09:30:00",46679,
"2025-10-20 09:40:00",47746,
"2025-10-20 09:50:00",52116,
"2025-10-20 10:00:00",54525,263840
"2025-10-20 10:10:00",55412,
"2025-10-20 10:20:00",56370,
"2025-10-20 10:30:00",107296,
"2025-10-20 10:40:00",165358,
"2025-10-20 10:50:00",210472,
"2025-10-20 11:00:00",246699,260914
"2025-10-20 11:10:00",292405,
"2025-10-20 11:20:00",333058,
"2025-10-20 11:30:00",370915,
"2025-10-20 11:40:00",405561,
"2025-10-20 11:50:00",437423,
"2025-10-20 12:00:00",467376,259428
"2025-10-20 12:10:00",496752,
"2025-10-20 12:20:00",523584,
"2025-10-20 12:30:00",548002,
"2025-10-20 12:40:00",570344,
"2025-10-20 12:50:00",589115,
"2025-10-20 13:00:00",605198,258446
"2025-10-20 13:10:00",620686,
"2025-10-20 13:20:00",632608,
"2025-10-20 13:30:00",640845,
"2025-10-20 13:40:00",645653,
"2025-10-20 13:50:00",646575,
"2025-10-20 14:00:00",644090,257456
"2025-10-20 14:10:00",637027,
"2025-10-20 14:20:00",627528,
"2025-10-20 14:30:00",613104,
"2025-10-20 14:40:00",595710,
"2025-10-20 14:50:00",574781,
"2025-10-20 15:00:00",549601,256492
"2025-10-20 15:10:00",521516,
"2025-10-20 15:20:00",496179,
"2025-10-20 15:30:00",470026,
"2025-10-20 15:40:00",444380,
"2025-10-20 15:50:00",419946,
"2025-10-20 16:00:00",395686,255698
"2025-10-20 16:10:00",372092,
"2025-10-20 16:20:00",352643,
"2025-10-20 16:30:00",334639,
"2025-10-20 16:40:00",318826,
"2025-10-20 16:50:00",306649,
"2025-10-20 17:00:00",294993,254987
"2025-10-20 17:10:00",283995,
"2025-10-20 17:20:00",274166,
"2025-10-20 17:30:00",265144,
"2025-10-20 17:40:00",257732,
"2025-10-20 17:50:00",250405,
"2025-10-20 18:00:00",243763,254409
"2025-10-20 18:10:00",237092,
"2025-10-20 18:20:00",231357,
"2025-10-20 18:30:00",226144,
"2025-10-20 18:40:00",221654,
"2025-10-20 18:50:00",216828,
"2025-10-20 19:00:00",211429,254116
"2025-10-20 19:10:00",205533,
"2025-10-20 19:20:00",200265,
"2025-10-20 19:30:00",194035,
"2025-10-20 19:40:00",189216,
"2025-10-20 19:50:00",183962,
"2025-10-20 20:00:00",178156,253922
"2025-10-20 20:10:00",172002,
"2025-10-20 20:20:00",165914,
"2025-10-20 20:30:00",159245,
"2025-10-20 20:40:00",152955,
"2025-10-20 20:50:00",146939,
"2025-10-20 21:00:00",140407,253731
"2025-10-20 21:10:00",133910,
"2025-10-20 21:20:00",128102,
"2025-10-20 21:30:00",122758,
"2025-10-20 21:40:00",117814,
"2025-10-20 21:50:00",112962,
"2025-10-20 22:00:00",108156,253601
"2025-10-20 22:10:00",103275,
"2025-10-20 22:20:00",98870,
"2025-10-20 22:30:00",94716,
"2025-10-20 22:40:00",90893,
"2025-10-20 22:50:00",87139,
"2025-10-20 23:00:00",83481,253633
"2025-10-20 23:10:00",79657,253633