"2025-09-20 00:00:00",86075,105198
"2025-09-20 01:00:00",81942,105336
"2025-09-20 02:00:00",77484,105366
"2025-09-20 03:00:00",75767,105399
"2025-09-20 04:00:00",73979,105375
"2025-09-20 05:00:00",73883,105324
"2025-09-20 06:00:00",77926,105298
"2025-09-20 07:00:00",84952,105265
"2025-09-20 08:00:00",92399,105215
"2025-09-20 09:00:00",100422,105183
"2025-09-20 10:00:00",107652,105174
"2025-09-20 11:00:00",113467,105173
"2025-09-20 12:00:00",118508,105153
"2025-09-20 13:00:00",123279,105129
"2025-09-20 14:00:00",126049,105102
"2025-09-20 15:00:00",127603,105081
"2025-09-20 16:00:00",129953,105070
"2025-09-20 17:00:00",131661,104994
"2025-09-20 18:00:00",132066,104848
"2025-09-20 19:00:00",130514,104637
"2025-09-20 20:00:00",127182,104219
"2025-09-20 21:00:00",121248,103510
"2025-09-20 22:00:00",110831,102527
"2025-09-20 23:00:00",99904,101501
"2025-09-21 00:00:00",90071,100626
"2025-09-21 01:00:00",83501,99922
"2025-09-21 02:00:00",79185,99305
"2025-09-21 03:00:00",76178,98667
"2025-09-21 04:00:00",73743,97958
"2025-09-21 05:00:00",74159,97184
"2025-09-21 06:00:00",77819,96305
"2025-09-21 07:00:00",84206,95333
"2025-09-21 08:00:00",91862,94194
"2025-09-21 09:00:00",100214,92902
"2025-09-21 10:00:00",107432,91450
"2025-09-21 11:00:00",112622,89967
"2025-09-21 12:00:00",117428,88605
"2025-09-21 13:00:00",122016,87388
"2025-09-21 14:00:00",124863,86380
"2025-09-21 15:00:00",126575,85553
"2025-09-21 16:00:00",127289,84851
"2025-09-21 17:00:00",127222,84267
"2025-09-21 18:00:00",126089,83721
"2025-09-21 19:00:00",119488,83193
"2025-09-21 20:00:00",109123,82765
"2025-09-21 21:00:00",96712,82412
"2025-09-21 22:00:00",85499,82142
"2025-09-21 23:00:00",77926,82006
"2025-09-22 00:00:00",72371,81936
"2025-09-22 01:00:00",67904,81916
"2025-09-22 02:00:00",63082,81940
"2025-09-22 03:00:00",58273,82003
"2025-09-22 04:00:00",54121,82063
"2025-09-22 05:00:00",51889,82124
"2025-09-22 06:00:00",53205,82148
"2025-09-22 07:00:00",55305,82126
"2025-09-22 08:00:00",59008,82153
"2025-09-22 09:00:00",63286,82123
"2025-09-22 10:00:00",69622,82088
"2025-09-22 11:00:00",77770,82028
"2025-09-22 12:00:00",86151,81929
"2025-09-22 13:00:00",95959,81832
"2025-09-22 14:00:00",103302,81653
"2025-09-22 15:00:00",108218,81433
"2025-09-22 16:00:00",111964,81220
"2025-09-22 17:00:00",112948,80990
"2025-09-22 18:00:00",112552,80758
"2025-09-22 19:00:00",108958,80534
"2025-09-22 20:00:00",100933,80298
"2025-09-22 21:00:00",90727,80047
"2025-09-22 22:00:00",82791,79822
"2025-09-22 23:00:00",76664,79572
"2025-09-23 00:00:00",72309,79176
"2025-09-23 01:00:00",69045,78912
"2025-09-23 02:00:00",65422,78690
"2025-09-23 03:00:00",60702,78509
"2025-09-23 04:00:00",56867,78362
"2025-09-23 05:00:00",53904,78208
"2025-09-23 06:00:00",54466,78032
"2025-09-23 07:00:00",58233,77881
"2025-09-23 08:00:00",60910,77724
"2025-09-23 09:00:00",65243,77578
"2025-09-23 10:00:00",70792,77396
"2025-09-23 11:00:00",77730,77177
"2025-09-23 12:00:00",85756,76949
"2025-09-23 13:00:00",93099,76703
"2025-09-23 14:00:00",99133,76432
"2025-09-23 15:00:00",103978,76116
"2025-09-23 16:00:00",107212,75772
"2025-09-23 17:00:00",108080,75405
"2025-09-23 18:00:00",107655,75018
"2025-09-23 19:00:00",103510,74640
"2025-09-23 20:00:00",94866,74299
"2025-09-23 21:00:00",85028,73994
"2025-09-23 22:00:00",76234,73572
"2025-09-23 23:00:00",66123,73136
"2025-09-24 00:00:00",65084,73031
"2025-09-24 01:00:00",62805,72870
"2025-09-24 02:00:00",60223,72709
"2025-09-24 03:00:00",56367,72543
"2025-09-24 04:00:00",52418,72377
"2025-09-24 05:00:00",48899,72223
"2025-09-24 06:00:00",49943,72122
"2025-09-24 07:00:00",53644,72029
"2025-09-24 08:00:00",56603,71897
"2025-09-24 09:00:00",60007,71748
"2025-09-24 10:00:00",64736,71618
"2025-09-24 11:00:00",71420,71430
"2025-09-24 12:00:00",79260,71230
"2025-09-24 13:00:00",86104,71031
"2025-09-24 14:00:00",90904,71005
"2025-09-24 15:00:00",95063,71155
"2025-09-24 16:00:00",97642,71369
"2025-09-24 17:00:00",97983,71649
"2025-09-24 18:00:00",97856,71969
"2025-09-24 19:00:00",94784,72302
"2025-09-24 20:00:00",87089,72704
"2025-09-24 21:00:00",74125,73145
"2025-09-24 22:00:00",65538,73735
"2025-09-24 23:00:00",64038,74385
"2025-09-25 00:00:00",61346,74862
"2025-09-25 01:00:00",58918,75265
"2025-09-25 02:00:00",56041,75616
"2025-09-25 03:00:00",52228,75940
"2025-09-25 04:00:00",48687,76259
"2025-09-25 05:00:00",46572,76572
"2025-09-25 06:00:00",47846,76860
"2025-09-25 07:00:00",50430,77078
"2025-09-25 08:00:00",53073,77287
"2025-09-25 09:00:00",57154,77525
"2025-09-25 10:00:00",60325,77785
"2025-09-25 11:00:00",66688,78257
"2025-09-25 12:00:00",74650,78891
"2025-09-25 13:00:00",86582,79608
"2025-09-25 14:00:00",96504,80244
"2025-09-25 15:00:00",102624,80762
"2025-09-25 16:00:00",107215,81259
"2025-09-25 17:00:00",108723,81750
"2025-09-25 18:00:00",108803,82265
"2025-09-25 19:00:00",107603,82807
"2025-09-25 20:00:00",101672,83372
"2025-09-25 21:00:00",92968,84038
"2025-09-25 22:00:00",84592,84762
"2025-09-25 23:00:00",78493,85356
"2025-09-26 00:00:00",73792,85827
"2025-09-26 01:00:00",69978,86181
"2025-09-26 02:00:00",66354,86470
"2025-09-26 03:00:00",62353,86767
"2025-09-26 04:00:00",58410,87111
"2025-09-26 05:00:00",55564,87511
"2025-09-26 06:00:00",55104,87982
"2025-09-26 07:00:00",57485,88576
"2025-09-26 08:00:00",60888,89311
"2025-09-26 09:00:00",65979,90189
"2025-09-26 10:00:00",75427,91207
"2025-09-26 11:00:00",86563,92190
"2025-09-26 12:00:00",95887,93028
"2025-09-26 13:00:00",104428,93700
"2025-09-26 14:00:00",110474,94214
"2025-09-26 15:00:00",115589,94635
"2025-09-26 16:00:00",119714,94968
"2025-09-26 17:00:00",121877,95258
"2025-09-26 18:00:00",122351,95562
"2025-09-26 19:00:00",121451,95874
"2025-09-26 20:00:00",117461,96175
"2025-09-26 21:00:00",110437,96476
"2025-09-26 22:00:00",99319,96746
"2025-09-26 23:00:00",89988,96985
"2025-09-27 00:00:00",82166,97155
"2025-09-27 01:00:00",76582,97265
"2025-09-27 02:00:00",73234,97343
"2025-09-27 03:00:00",70709,97405
"2025-09-27 04:00:00",68639,97470
"2025-09-27 05:00:00",68384,97547
"2025-09-27 06:00:00",71680,97652
"2025-09-27 07:00:00",78164,97816
"2025-09-27 08:00:00",85642,98016
"2025-09-27 09:00:00",93416,98248
"2025-09-27 10:00:00",100575,98476
"2025-09-27 11:00:00",106948,98673
"2025-09-27 12:00:00",112166,98808
"2025-09-27 13:00:00",116901,98888
"2025-09-27 14:00:00",120388,98937
"2025-09-27 15:00:00",122933,98933
"2025-09-27 16:00:00",125520,98879
"2025-09-27 17:00:00",127998,98751
"2025-09-27 18:00:00",128612,98518
"2025-09-27 19:00:00",126799,98195
"2025-09-27 20:00:00",122292,97766
"2025-09-27 21:00:00",115028,97161
"2025-09-27 22:00:00",103880,96415
"2025-09-27 23:00:00",93286,95660
"2025-09-28 00:00:00",84109,94983
"2025-09-28 01:00:00",77412,94414
"2025-09-28 02:00:00",73127,93922
"2025-09-28 03:00:00",70090,93442
"2025-09-28 04:00:00",67595,92917
"2025-09-28 05:00:00",66992,92358
"2025-09-28 06:00:00",70840,91775
"2025-09-28 07:00:00",77080,91096
"2025-09-28 08:00:00",84658,90281
"2025-09-28 09:00:00",92929,89322
"2025-09-28 10:00:00",100529,88228
"2025-09-28 11:00:00",106191,87070
"2025-09-28 12:00:00",110807,85987
"2025-09-28 13:00:00",115336,85002
"2025-09-28 14:00:00",117943,84164
"2025-09-28 15:00:00",119342,83475
"2025-09-28 16:00:00",119453,82849
"2025-09-28 17:00:00",118463,82274
"2025-09-28 18:00:00",116460,81730
"2025-09-28 19:00:00",111355,81205
"2025-09-28 20:00:00",101175,80706
"2025-09-28 21:00:00",89284,80176
"2025-09-28 22:00:00",78176,79736
"2025-09-28 23:00:00",70477,79401
"2025-09-29 00:00:00",65115,79162
"2025-09-29 01:00:00",61149,78990
"2025-09-29 02:00:00",57385,78849
"2025-09-29 03:00:00",52986,78709
"2025-09-29 04:00:00",49468,78552
"2025-09-29 05:00:00",47793,78330
"2025-09-29 06:00:00",48502,78049
"2025-09-29 07:00:00",50176,77706
"2025-09-29 08:00:00",52746,77319
"2025-09-29 09:00:00",56296,76872
"2025-09-29 10:00:00",61908,76410
"2025-09-29 11:00:00",70125,75954
"2025-09-29 12:00:00",77968,75494
"2025-09-29 13:00:00",87562,75089
"2025-09-29 14:00:00",95489,74686
"2025-09-29 15:00:00",99871,74239
"2025-09-29 16:00:00",102986,73817
"2025-09-29 17:00:00",104030,73401
"2025-09-29 18:00:00",103993,73008
"2025-09-29 19:00:00",102010,72647
"2025-09-29 20:00:00",92681,72229
"2025-09-29 21:00:00",83875,71857
"2025-09-29 22:00:00",75208,71483
"2025-09-29 23:00:00",69266,71166
"2025-09-30 00:00:00",65117,70898
"2025-09-30 01:00:00",62070,70677
"2025-09-30 02:00:00",58958,70485
"2025-09-30 03:00:00",54491,70299
"2025-09-30 04:00:00",49264,70123
"2025-09-30 05:00:00",47000,69989
"2025-09-30 06:00:00",47599,69864
"2025-09-30 07:00:00",50024,69766
"2025-09-30 08:00:00",52712,69649
"2025-09-30 09:00:00",56744,69542
"2025-09-30 10:00:00",61607,69406
"2025-09-30 11:00:00",68379,69260
"2025-09-30 12:00:00",76010,69097
"2025-09-30 13:00:00",83361,68886
"2025-09-30 14:00:00",88527,68587
"2025-09-30 15:00:00",92457,68276
"2025-09-30 16:00:00",94864,67927
"2025-09-30 17:00:00",95873,67577
"2025-09-30 18:00:00",95509,67221
"2025-09-30 19:00:00",91158,66833
"2025-09-30 20:00:00",81971,66441
"2025-09-30 21:00:00",71937,66053
"2025-09-30 22:00:00",64392,65735
"2025-09-30 23:00:00",59606,65472
"2025-10-01 00:00:00",56646,65234
"2025-10-01 01:00:00",54252,64996
"2025-10-01 02:00:00",51367,64754
"2025-10-01 03:00:00",48039,64533
"2025-10-01 04:00:00",44617,64360
"2025-10-01 05:00:00",42672,64205
"2025-10-01 06:00:00",43869,64072
"2025-10-01 07:00:00",45558,63917
"2025-10-01 08:00:00",48302,63776
"2025-10-01 09:00:00",51694,63619
"2025-10-01 10:00:00",56870,63470
"2025-10-01 11:00:00",63147,63304
"2025-10-01 12:00:00",70173,63112
"2025-10-01 13:00:00",75717,62878
"2025-10-01 14:00:00",80712,62656
"2025-10-01 15:00:00",83591,62400
"2025-10-01 16:00:00",86017,62184
"2025-10-01 17:00:00",86930,62109
"2025-10-01 18:00:00",86664,62178
"2025-10-01 19:00:00",82121,64200
"2025-10-01 20:00:00",73736,66428
"2025-10-01 21:00:00",65707,68821
"2025-10-01 22:00:00",59568,71043
"2025-10-01 23:00:00",55089,73018
"2025-10-02 00:00:00",51784,74708
"2025-10-02 01:00:00",49142,76176
"2025-10-02 02:00:00",46413,77475
"2025-10-02 03:00:00",43850,78657
"2025-10-02 04:00:00",40977,79714
"2025-10-02 05:00:00",39493,80679
"2025-10-02 06:00:00",40284,81553
"2025-10-02 07:00:00",42467,82488
"2025-10-02 08:00:00",44990,83537
"2025-10-02 09:00:00",48491,84731
"2025-10-02 10:00:00",53333,86095
"2025-10-02 11:00:00",58994,87614
"2025-10-02 12:00:00",65446,89315
"2025-10-02 13:00:00",71602,91099
"2025-10-02 14:00:00",75935,92914
"2025-10-02 15:00:00",80369,94808
"2025-10-02 16:00:00",88326,96833
"2025-10-02 17:00:00",94761,98878
"2025-10-02 18:00:00",170326,102122
"2025-10-02 19:00:00",173703,103683
"2025-10-02 20:00:00",170957,105216
"2025-10-02 21:00:00",155787,106559
"2025-10-02 22:00:00",140223,107857
"2025-10-02 23:00:00",125214,109037
"2025-10-03 00:00:00",113648,110102
"2025-10-03 01:00:00",104584,111068
"2025-10-03 02:00:00",96978,111976
"2025-10-03 03:00:00",89414,112860
"2025-10-03 04:00:00",82778,113768
"2025-10-03 05:00:00",78172,114734
"2025-10-03 06:00:00",81249,115874
"2025-10-03 07:00:00",88289,117174
"2025-10-03 08:00:00",96777,118618
"2025-10-03 09:00:00",107550,120247
"2025-10-03 10:00:00",119329,122022
"2025-10-03 11:00:00",133000,123879
"2025-10-03 12:00:00",142712,125697
"2025-10-03 13:00:00",150957,127514
"2025-10-03 14:00:00",157821,129294
"2025-10-03 15:00:00",164109,131094
"2025-10-03 16:00:00",169409,132795
"2025-10-03 17:00:00",172092,134378
"2025-10-03 18:00:00",173316,134566
"2025-10-03 19:00:00",171149,134636
"2025-10-03 20:00:00",165204,134651
"2025-10-03 21:00:00",154488,134787
"2025-10-03 22:00:00",141212,135010
"2025-10-03 23:00:00",127108,135227
"2025-10-04 00:00:00",115861,135393
"2025-10-04 01:00:00",107652,135511
"2025-10-04 02:00:00",102530,135624
"2025-10-04 03:00:00",98545,135775
"2025-10-04 04:00:00",96504,135984
"2025-10-04 05:00:00",97380,136283
"2025-10-04 06:00:00",103414,136613
"2025-10-04 07:00:00",111902,136964
"2025-10-04 08:00:00",122559,137344
"2025-10-04 09:00:00",134044,137779
"2025-10-04 10:00:00",142999,138101
"2025-10-04 11:00:00",152240,138397
"2025-10-04 12:00:00",159973,138655
"2025-10-04 13:00:00",164431,138829
"2025-10-04 14:00:00",170342,139024
"2025-10-04 15:00:00",174131,139161
"2025-10-04 16:00:00",176974,139222
"2025-10-04 17:00:00",178446,139229
"2025-10-04 18:00:00",178991,139183
"2025-10-04 19:00:00",177074,139097
"2025-10-04 20:00:00",172827,138946
"2025-10-04 21:00:00",164068,138620
"2025-10-04 22:00:00",149858,138067
"2025-10-04 23:00:00",133293,137451
"2025-10-05 00:00:00",119253,136885
"2025-10-05 01:00:00",108726,136418
"2025-10-05 02:00:00",102268,136020
"2025-10-05 03:00:00",96963,135607
"2025-10-05 04:00:00",94182,135171
"2025-10-05 05:00:00",93818,134623
"2025-10-05 06:00:00",99382,134011
"2025-10-05 07:00:00",107209,133305
"2025-10-05 08:00:00",119535,132527
"2025-10-05 09:00:00",128269,131537
"2025-10-05 10:00:00",139742,130538
"2025-10-05 11:00:00",148961,129481
"2025-10-05 12:00:00",156075,128436
"2025-10-05 13:00:00",162300,127521
"2025-10-05 14:00:00",167662,126735
"2025-10-05 15:00:00",170210,126051
"2025-10-05 16:00:00",171554,125430
"2025-10-05 17:00:00",171204,124874
"2025-10-05 18:00:00",169601,124319
"2025-10-05 19:00:00",163029,123693
"2025-10-05 20:00:00",148811,122895
"2025-10-05 21:00:00",130244,121946
"2025-10-05 22:00:00",115214,121030
"2025-10-05 23:00:00",103364,120252
"2025-10-06 00:00:00",95925,119639
"2025-10-06 01:00:00",89760,119158
"2025-10-06 02:00:00",83802,118707
"2025-10-06 03:00:00",77994,118131
"2025-10-06 04:00:00",71054,117485
"2025-10-06 05:00:00",68055,116881
"2025-10-06 06:00:00",69662,116198
"2025-10-06 07:00:00",72279,115263
"2025-10-06 08:00:00",77084,114252
"2025-10-06 09:00:00",82677,113170
"2025-10-06 10:00:00",91189,112028
"2025-10-06 11:00:00",101360,110893
"2025-10-06 12:00:00",112688,109820
"2025-10-06 13:00:00",125533,108883
"2025-10-06 14:00:00",136874,108024
"2025-10-06 15:00:00",143824,107211
"2025-10-06 16:00:00",150143,106500
"2025-10-06 17:00:00",151928,105761
"2025-10-06 18:00:00",151677,104991
"2025-10-06 19:00:00",147079,104314
"2025-10-06 20:00:00",135698,103748
"2025-10-06 21:00:00",119795,103276
"2025-10-06 22:00:00",106687,102892
"2025-10-06 23:00:00",96121,102549
"2025-10-07 00:00:00",90687,102193
"2025-10-07 01:00:00",85505,101892
"2025-10-07 02:00:00",73948,101462
"2025-10-07 03:00:00",69173,101209
"2025-10-07 04:00:00",67374,101057
"2025-10-07 05:00:00",64834,100872
"2025-10-07 06:00:00",59602,100599
"2025-10-07 07:00:00",66918,100556
"2025-10-07 08:00:00",71851,100442
"2025-10-07 09:00:00",77890,100322
"2025-10-07 10:00:00",85953,100168
"2025-10-07 11:00:00",94799,99977
"2025-10-07 12:00:00",105689,99769
"2025-10-07 13:00:00",115904,99482
"2025-10-07 14:00:00",124651,99114
"2025-10-07 15:00:00",131209,98705
"2025-10-07 16:00:00",133607,98187
"2025-10-07 17:00:00",132202,97637
"2025-10-07 18:00:00",134468,97199
"2025-10-07 19:00:00",132336,96772
"2025-10-07 20:00:00",122704,96348
"2025-10-07 21:00:00",109113,95970
"2025-10-07 22:00:00",96615,95593
"2025-10-07 23:00:00",82909,95187
"2025-10-08 00:00:00",79187,94937
"2025-10-08 01:00:00",73954,94662
"2025-10-08 02:00:00",70556,94609
"2025-10-08 03:00:00",64898,94526
"2025-10-08 04:00:00",60674,94409
"2025-10-08 05:00:00",62025,94383
"2025-10-08 06:00:00",63350,94451
"2025-10-08 07:00:00",66651,94407
"2025-10-08 08:00:00",70806,94347
"2025-10-08 09:00:00",75498,94259
"2025-10-08 10:00:00",83334,94175
"2025-10-08 11:00:00",91749,94062
"2025-10-08 12:00:00",101813,93934
"2025-10-08 13:00:00",110900,93790
"2025-10-08 14:00:00",117964,93687
"2025-10-08 15:00:00",123640,93621
"2025-10-08 16:00:00",128606,93635
"2025-10-08 17:00:00",130187,93728
"2025-10-08 18:00:00",129815,93763
"2025-10-08 19:00:00",125581,93754
"2025-10-08 20:00:00",115412,93775
"2025-10-08 21:00:00",101104,93793
"2025-10-08 22:00:00",91313,93907
"2025-10-08 23:00:00",84158,94153
"2025-10-09 00:00:00",79190,94335
"2025-10-09 01:00:00",75333,94528
"2025-10-09 02:00:00",71540,94685
"2025-10-09 03:00:00",67394,94866
"2025-10-09 04:00:00",62934,95025
"2025-10-09 05:00:00",60408,95092
"2025-10-09 06:00:00",60968,95128
"2025-10-09 07:00:00",64422,95169
"2025-10-09 08:00:00",68838,95171
"2025-10-09 09:00:00",74166,95211
"2025-10-09 10:00:00",80931,95254
"2025-10-09 11:00:00",89614,95382
"2025-10-09 12:00:00",100468,95600
"2025-10-09 13:00:00",114532,95971
"2025-10-09 14:00:00",125200,96369
"2025-10-09 15:00:00",131915,96736
"2025-10-09 16:00:00",137258,97111
"2025-10-09 17:00:00",139416,97501
"2025-10-09 18:00:00",139629,97927
"2025-10-09 19:00:00",138242,98440
"2025-10-09 20:00:00",129137,98988
"2025-10-09 21:00:00",116583,99646
"2025-10-09 22:00:00",104871,100295
"2025-10-09 23:00:00",95769,100864
"2025-10-10 00:00:00",89354,101331
"2025-10-10 01:00:00",83948,101684
"2025-10-10 02:00:00",79289,101976
"2025-10-10 03:00:00",74168,102237
"2025-10-10 04:00:00",70263,102541
"2025-10-10 05:00:00",67117,102857
"2025-10-10 06:00:00",67742,103228
"2025-10-10 07:00:00",68384,103581
"2025-10-10 08:00:00",74199,104072
"2025-10-10 09:00:00",81596,104668
"2025-10-10 10:00:00",93470,105446
"2025-10-10 11:00:00",106709,106335
"2025-10-10 12:00:00",119122,107193
"2025-10-10 13:00:00",128864,107857
"2025-10-10 14:00:00",135793,108367
"2025-10-10 15:00:00",142417,108844
"2025-10-10 16:00:00",147738,109282
"2025-10-10 17:00:00",151284,109722
"2025-10-10 18:00:00",152212,110157
"2025-10-10 19:00:00",151293,110594
"2025-10-10 20:00:00",146405,111121
"2025-10-10 21:00:00",136715,111737
"2025-10-10 22:00:00",123163,112309
"2025-10-10 23:00:00",109832,112765
"2025-10-11 00:00:00",98539,113072
"2025-10-11 01:00:00",90649,113296
"2025-10-11 02:00:00",85563,113487
"2025-10-11 03:00:00",82432,113724
"2025-10-11 04:00:00",80518,114011
"2025-10-11 05:00:00",81018,114393
"2025-10-11 06:00:00",85844,114889
"2025-10-11 07:00:00",93534,115594
"2025-10-11 08:00:00",102845,116403
"2025-10-11 09:00:00",113411,117323
"2025-10-11 10:00:00",124413,118225
"2025-10-11 11:00:00",132508,118962
"2025-10-11 12:00:00",139704,119534
"2025-10-11 13:00:00",145867,119999
"2025-10-11 14:00:00",150598,120389
"2025-10-11 15:00:00",154589,120689
"2025-10-11 16:00:00",157206,120887
"2025-10-11 17:00:00",158992,121010
"2025-10-11 18:00:00",158995,121039
"2025-10-11 19:00:00",155999,121004
"2025-10-11 20:00:00",151643,120974
"2025-10-11 21:00:00",142411,120849
"2025-10-11 22:00:00",128967,120648
"2025-10-11 23:00:00",114746,120430
"2025-10-12 00:00:00",102455,120232
"2025-10-12 01:00:00",93030,120059
"2025-10-12 02:00:00",87052,119915
"2025-10-12 03:00:00",83387,119775
"2025-10-12 04:00:00",80633,119602
"2025-10-12 05:00:00",80645,119408
"2025-10-12 06:00:00",85872,119196
"2025-10-12 07:00:00",93654,118919
"2025-10-12 08:00:00",104165,118614
"2025-10-12 09:00:00",115083,118233
"2025-10-12 10:00:00",124550,117734
"2025-10-12 11:00:00",131309,117179
"2025-10-12 12:00:00",137952,116641
"2025-10-12 13:00:00",143133,116140
"2025-10-12 14:00:00",146635,115686
"2025-10-12 15:00:00",148688,115256
"2025-10-12 16:00:00",149197,114816
"2025-10-12 17:00:00",145424,114266
"2025-10-12 18:00:00",145064,113774
"2025-10-12 19:00:00",140994,113252
"2025-10-12 20:00:00",127648,112461
"2025-10-12 21:00:00",111597,111487
"2025-10-12 22:00:00",98645,110554
"2025-10-12 23:00:00",88144,109745
"2025-10-13 00:00:00",81422,109130
"2025-10-13 01:00:00",76472,108653
"2025-10-13 02:00:00",71937,108217
"2025-10-13 03:00:00",67433,107745
"2025-10-13 04:00:00",63987,107242
"2025-10-13 05:00:00",61365,106634
"2025-10-13 06:00:00",60559,105827
"2025-10-13 07:00:00",62590,104840
"2025-10-13 08:00:00",65356,103614
"2025-10-13 09:00:00",69629,102186
"2025-10-13 10:00:00",77230,100708
"2025-10-13 11:00:00",86606,99296
"2025-10-13 12:00:00",98629,98044
"2025-10-13 13:00:00",110954,96997
"2025-10-13 14:00:00",121458,96148
"2025-10-13 15:00:00",128193,95416
"2025-10-13 16:00:00",133961,94837
"2025-10-13 17:00:00",136411,94433
"2025-10-13 18:00:00",136377,94028
"2025-10-13 19:00:00",132889,93644
"2025-10-13 20:00:00",122247,93331
"2025-10-13 21:00:00",108862,93110
"2025-10-13 22:00:00",97003,92942
"2025-10-13 23:00:00",88705,92861
"2025-10-13 23:10:00",87223,
"2025-10-13 23:20:00",86174,
"2025-10-13 23:30:00",85193,
"2025-10-13 23:40:00",84019,
"2025-10-13 23:50:00",83137,
"2025-10-14 00:00:00",82289,92781
"2025-10-14 00:10:00",81367,
"2025-10-14 00:20:00",80417,
"2025-10-14 00:30:00",79622,
"2025-10-14 00:40:00",78905,
"2025-10-14 00:50:00",78098,
"2025-10-14 01:00:00",77137,92724
"2025-10-14 01:10:00",76178,
"2025-10-14 01:20:00",75424,
"2025-10-14 01:30:00",74821,
"2025-10-14 01:40:00",73762,
"2025-10-14 01:50:00",73065,
"2025-10-14 02:00:00",71808,92660
"2025-10-14 02:10:00",70670,
"2025-10-14 02:20:00",69815,
"2025-10-14 02:30:00",68915,
"2025-10-14 02:40:00",67991,
"2025-10-14 02:50:00",67249,
"2025-10-14 03:00:00",66559,92582
"2025-10-14 03:10:00",65420,
"2025-10-14 03:20:00",64577,
"2025-10-14 03:30:00",63796,
"2025-10-14 03:40:00",62868,
"2025-10-14 03:50:00",61943,
"2025-10-14 04:00:00",61062,92445
"2025-10-14 04:10:00",60260,
"2025-10-14 04:20:00",59603,
"2025-10-14 04:30:00",58984,
"2025-10-14 04:40:00",58492,
"2025-10-14 04:50:00",58026,
"2025-10-14 05:00:00",57701,92296
"2025-10-14 05:10:00",57099,
"2025-10-14 05:20:00",56953,
"2025-10-14 05:30:00",56705,
"2025-10-14 05:40:00",56581,
"2025-10-14 05:50:00",56500,
"2025-10-14 06:00:00",56383,92160
"2025-10-14 06:10:00",56351,
"2025-10-14 06:20:00",56521,
"2025-10-14 06:30:00",56758,
"2025-10-14 06:40:00",56860,
"2025-10-14 06:50:00",57121,
"2025-10-14 07:00:00",57381,92046
"2025-10-14 07:10:00",57831,
"2025-10-14 07:20:00",58312,
"2025-10-14 07:30:00",58814,
"2025-10-14 07:40:00",59259,
"2025-10-14 07:50:00",59761,
"2025-10-14 08:00:00",60181,91964
"2025-10-14 08:10:00",60711,
"2025-10-14 08:20:00",61379,
"2025-10-14 08:30:00",62108,
"2025-10-14 08:40:00",62961,
"2025-10-14 08:50:00",63644,
"2025-10-14 09:00:00",64364,91920
"2025-10-14 09:10:00",65280,
"2025-10-14 09:20:00",66388,
"2025-10-14 09:30:00",67413,
"2025-10-14 09:40:00",68263,
"2025-10-14 09:50:00",69269,
"2025-10-14 10:00:00",70214,91832
"2025-10-14 10:10:00",71335,
"2025-10-14 10:20:00",72291,
"2025-10-14 10:30:00",73400,
"2025-10-14 10:40:00",74508,
"2025-10-14 10:50:00",75766,
"2025-10-14 11:00:00",77267,91726
"2025-10-14 11:10:00",78587,
"2025-10-14 11:20:00",79812,
"2025-10-14 11:30:00",80969,
"2025-10-14 11:40:00",82777,
"2025-10-14 11:50:00",84560,
"2025-10-14 12:00:00",86432,91562
"2025-10-14 12:10:00",88282,
"2025-10-14 12:20:00",89437,
"2025-10-14 12:30:00",91612,
"2025-10-14 12:40:00",93433,
"2025-10-14 12:50:00",94929,
"2025-10-14 13:00:00",95998,91321
"2025-10-14 13:10:00",98880,
"2025-10-14 13:20:00",100501,
"2025-10-14 13:30:00",101879,
"2025-10-14 13:40:00",103524,
"2025-10-14 13:50:00",105193,
"2025-10-14 14:00:00",106414,90965
"2025-10-14 14:10:00",107492,
"2025-10-14 14:20:00",108852,
"2025-10-14 14:30:00",110054,
"2025-10-14 14:40:00",111333,
"2025-10-14 14:50:00",112696,
"2025-10-14 15:00:00",113440,90557
"2025-10-14 15:10:00",114545,
"2025-10-14 15:20:00",115467,
"2025-10-14 15:30:00",116458,
"2025-10-14 15:40:00",117192,
"2025-10-14 15:50:00",118147,
"2025-10-14 16:00:00",118671,90069
"2025-10-14 16:10:00",119270,
"2025-10-14 16:20:00",119753,
"2025-10-14 16:30:00",120313,
"2025-10-14 16:40:00",120950,
"2025-10-14 16:50:00",121601,
"2025-10-14 17:00:00",121873,89543
"2025-10-14 17:10:00",121847,
"2025-10-14 17:20:00",122002,
"2025-10-14 17:30:00",122698,
"2025-10-14 17:40:00",122822,
"2025-10-14 17:50:00",122840,
"2025-10-14 18:00:00",122818,89021
"2025-10-14 18:10:00",122918,
"2025-10-14 18:20:00",122221,
"2025-10-14 18:30:00",120866,
"2025-10-14 18:40:00",119956,
"2025-10-14 18:50:00",119052,
"2025-10-14 19:00:00",117788,88443
"2025-10-14 19:10:00",116350,
"2025-10-14 19:20:00",114822,
"2025-10-14 19:30:00",113258,
"2025-10-14 19:40:00",111287,
"2025-10-14 19:50:00",109634,
"2025-10-14 20:00:00",107810,87902
"2025-10-14 20:10:00",105515,
"2025-10-14 20:20:00",100072,
"2025-10-14 20:30:00",101230,
"2025-10-14 20:40:00",99568,
"2025-10-14 20:50:00",97625,
"2025-10-14 21:00:00",96005,87422
"2025-10-14 21:10:00",93854,
"2025-10-14 21:20:00",92165,
"2025-10-14 21:30:00",90606,
"2025-10-14 21:40:00",88815,
"2025-10-14 21:50:00",87276,
"2025-10-14 22:00:00",85837,87003
"2025-10-14 22:10:00",76090,
"2025-10-14 22:20:00",77882,
"2025-10-14 22:30:00",77745,
"2025-10-14 22:40:00",77271,
"2025-10-14 22:50:00",76973,
"2025-10-14 23:00:00",76409,86546
"2025-10-14 23:10:00",75837,
"2025-10-14 23:20:00",75473,
"2025-10-14 23:30:00",75042,
"2025-10-14 23:40:00",74334,
"2025-10-14 23:50:00",73658,
"2025-10-15 00:00:00",72957,86210
"2025-10-15 00:10:00",72575,
"2025-10-15 00:20:00",72012,
"2025-10-15 00:30:00",71532,
"2025-10-15 00:40:00",70888,
"2025-10-15 00:50:00",70334,
"2025-10-15 01:00:00",69665,85928
"2025-10-15 01:10:00",68829,
"2025-10-15 01:20:00",68286,
"2025-10-15 01:30:00",67274,
"2025-10-15 01:40:00",66925,
"2025-10-15 01:50:00",66285,
"2025-10-15 02:00:00",65488,85685
"2025-10-15 02:10:00",64509,
"2025-10-15 02:20:00",63916,
"2025-10-15 02:30:00",63157,
"2025-10-15 02:40:00",62418,
"2025-10-15 02:50:00",61633,
"2025-10-15 03:00:00",60910,85457
"2025-10-15 03:10:00",59982,
"2025-10-15 03:20:00",59288,
"2025-10-15 03:30:00",58625,
"2025-10-15 03:40:00",57976,
"2025-10-15 03:50:00",57356,
"2025-10-15 04:00:00",56717,85286
"2025-10-15 04:10:00",55999,
"2025-10-15 04:20:00",55567,
"2025-10-15 04:30:00",55114,
"2025-10-15 04:40:00",54699,
"2025-10-15 04:50:00",54258,
"2025-10-15 05:00:00",53893,85139
"2025-10-15 05:10:00",53461,
"2025-10-15 05:20:00",53442,
"2025-10-15 05:30:00",53316,
"2025-10-15 05:40:00",53186,
"2025-10-15 05:50:00",53039,
"2025-10-15 06:00:00",53027,85011
"2025-10-15 06:10:00",53034,
"2025-10-15 06:20:00",53182,
"2025-10-15 06:30:00",53233,
"2025-10-15 06:40:00",53382,
"2025-10-15 06:50:00",53663,
"2025-10-15 07:00:00",53901,84870
"2025-10-15 07:10:00",54142,
"2025-10-15 07:20:00",54391,
"2025-10-15 07:30:00",54686,
"2025-10-15 07:40:00",55088,
"2025-10-15 07:50:00",55729,
"2025-10-15 08:00:00",55921,84704
"2025-10-15 08:10:00",55784,
"2025-10-15 08:20:00",56614,
"2025-10-15 08:30:00",57381,
"2025-10-15 08:40:00",58068,
"2025-10-15 08:50:00",58830,
"2025-10-15 09:00:00",59303,84512
"2025-10-15 09:10:00",60241,
"2025-10-15 09:20:00",61160,
"2025-10-15 09:30:00",62074,
"2025-10-15 09:40:00",62831,
"2025-10-15 09:50:00",63646,
"2025-10-15 10:00:00",64500,84318
"2025-10-15 10:10:00",65569,
"2025-10-15 10:20:00",66774,
"2025-10-15 10:30:00",67900,
"2025-10-15 10:40:00",68979,
"2025-10-15 10:50:00",70163,
"2025-10-15 11:00:00",71554,84101
"2025-10-15 11:10:00",72672,
"2025-10-15 11:20:00",73303,
"2025-10-15 11:30:00",75208,
"2025-10-15 11:40:00",76820,
"2025-10-15 11:50:00",78441,
"2025-10-15 12:00:00",80026,83844
"2025-10-15 12:10:00",81582,
"2025-10-15 12:20:00",83131,
"2025-10-15 12:30:00",84835,
"2025-10-15 12:40:00",86276,
"2025-10-15 12:50:00",87801,
"2025-10-15 13:00:00",89462,83530
"2025-10-15 13:10:00",90984,
"2025-10-15 13:20:00",92425,
"2025-10-15 13:30:00",93736,
"2025-10-15 13:40:00",94896,
"2025-10-15 13:50:00",96158,
"2025-10-15 14:00:00",97297,83229
"2025-10-15 14:10:00",98556,
"2025-10-15 14:20:00",99066,
"2025-10-15 14:30:00",100517,
"2025-10-15 14:40:00",101531,
"2025-10-15 14:50:00",102641,
"2025-10-15 15:00:00",103461,82936
"2025-10-15 15:10:00",103729,
"2025-10-15 15:20:00",104597,
"2025-10-15 15:30:00",105877,
"2025-10-15 15:40:00",106808,
"2025-10-15 15:50:00",107651,
"2025-10-15 16:00:00",108549,82658
"2025-10-15 16:10:00",109237,
"2025-10-15 16:20:00",109892,
"2025-10-15 16:30:00",110411,
"2025-10-15 16:40:00",110997,
"2025-10-15 16:50:00",111384,
"2025-10-15 17:00:00",111732,82391
"2025-10-15 17:10:00",111979,
"2025-10-15 17:20:00",112155,
"2025-10-15 17:30:00",112606,
"2025-10-15 17:40:00",112660,
"2025-10-15 17:50:00",112710,
"2025-10-15 18:00:00",112675,82129
"2025-10-15 18:10:00",112266,
"2025-10-15 18:20:00",112244,
"2025-10-15 18:30:00",111845,
"2025-10-15 18:40:00",111271,
"2025-10-15 18:50:00",110467,
"2025-10-15 19:00:00",109433,81960
"2025-10-15 19:10:00",107864,
"2025-10-15 19:20:00",106235,
"2025-10-15 19:30:00",104923,
"2025-10-15 19:40:00",103641,
"2025-10-15 19:50:00",102045,
"2025-10-15 20:00:00",100461,81842
"2025-10-15 20:10:00",98551,
"2025-10-15 20:20:00",96594,
"2025-10-15 20:30:00",94552,
"2025-10-15 20:40:00",92741,
"2025-10-15 20:50:00",91066,
"2025-10-15 21:00:00",89394,81770
"2025-10-15 21:10:00",87377,
"2025-10-15 21:20:00",85959,
"2025-10-15 21:30:00",83932,
"2025-10-15 21:40:00",82233,
"2025-10-15 21:50:00",80650,
"2025-10-15 22:00:00",79171,81693
"2025-10-15 22:10:00",77707,
"2025-10-15 22:20:00",76473,
"2025-10-15 22:30:00",75318,
"2025-10-15 22:40:00",74262,
"2025-10-15 22:50:00",73296,
"2025-10-15 23:00:00",72407,81699
"2025-10-15 23:10:00",71444,
"2025-10-15 23:20:00",70677,
"2025-10-15 23:30:00",69915,
"2025-10-15 23:40:00",69355,
"2025-10-15 23:50:00",68671,
"2025-10-16 00:00:00",68053,81656
"2025-10-16 00:10:00",67408,
"2025-10-16 00:20:00",66940,
"2025-10-16 00:30:00",66361,
"2025-10-16 00:40:00",65795,
"2025-10-16 00:50:00",65267,
"2025-10-16 01:00:00",64828,81598
"2025-10-16 01:10:00",64101,
"2025-10-16 01:20:00",59913,
"2025-10-16 01:30:00",60453,
"2025-10-16 01:40:00",60395,
"2025-10-16 01:50:00",60119,
"2025-10-16 02:00:00",59754,81496
"2025-10-16 02:10:00",59175,
"2025-10-16 02:20:00",58501,
"2025-10-16 02:30:00",58075,
"2025-10-16 02:40:00",57757,
"2025-10-16 02:50:00",57256,
"2025-10-16 03:00:00",56679,81445
"2025-10-16 03:10:00",55973,
"2025-10-16 03:20:00",55437,
"2025-10-16 03:30:00",54857,
"2025-10-16 03:40:00",54250,
"2025-10-16 03:50:00",53712,
"2025-10-16 04:00:00",53374,81410
"2025-10-16 04:10:00",52900,
"2025-10-16 04:20:00",52458,
"2025-10-16 04:30:00",52117,
"2025-10-16 04:40:00",51757,
"2025-10-16 04:50:00",51635,
"2025-10-16 05:00:00",51422,81395
"2025-10-16 05:10:00",50965,
"2025-10-16 05:20:00",50845,
"2025-10-16 05:30:00",50809,
"2025-10-16 05:40:00",50626,
"2025-10-16 05:50:00",50829,
"2025-10-16 06:00:00",50829,81400
"2025-10-16 06:10:00",50630,
"2025-10-16 06:20:00",50940,
"2025-10-16 06:30:00",51179,
"2025-10-16 06:40:00",51537,
"2025-10-16 06:50:00",52011,
"2025-10-16 07:00:00",52405,81415
"2025-10-16 07:10:00",52593,
"2025-10-16 07:20:00",53034,
"2025-10-16 07:30:00",53386,
"2025-10-16 07:40:00",53825,
"2025-10-16 07:50:00",54392,
"2025-10-16 08:00:00",54725,81432
"2025-10-16 08:10:00",54958,
"2025-10-16 08:20:00",55616,
"2025-10-16 08:30:00",56239,
"2025-10-16 08:40:00",56954,
"2025-10-16 08:50:00",57610,
"2025-10-16 09:00:00",57907,81456
"2025-10-16 09:10:00",58773,
"2025-10-16 09:20:00",59590,
"2025-10-16 09:30:00",60471,
"2025-10-16 09:40:00",61289,
"2025-10-16 09:50:00",62285,
"2025-10-16 10:00:00",63095,81468
"2025-10-16 10:10:00",63561,
"2025-10-16 10:20:00",64890,
"2025-10-16 10:30:00",66090,
"2025-10-16 10:40:00",67097,
"2025-10-16 10:50:00",68154,
"2025-10-16 11:00:00",69183,81488
"2025-10-16 11:10:00",70357,
"2025-10-16 11:20:00",71398,
"2025-10-16 11:30:00",72638,
"2025-10-16 11:40:00",74073,
"2025-10-16 11:50:00",75717,
"2025-10-16 12:00:00",77280,81586
"2025-10-16 12:10:00",79003,
"2025-10-16 12:20:00",79700,
"2025-10-16 12:30:00",82312,
"2025-10-16 12:40:00",84206,
"2025-10-16 12:50:00",86306,
"2025-10-16 13:00:00",88321,81928
"2025-10-16 13:10:00",90238,
"2025-10-16 13:20:00",92082,
"2025-10-16 13:30:00",94293,
"2025-10-16 13:40:00",97200,
"2025-10-16 13:50:00",101323,
"2025-10-16 14:00:00",105977,82360
"2025-10-16 14:10:00",108375,
"2025-10-16 14:20:00",110074,
"2025-10-16 14:30:00",111322,
"2025-10-16 14:40:00",109487,
"2025-10-16 14:50:00",110680,
"2025-10-16 15:00:00",111598,82813
"2025-10-16 15:10:00",113024,
"2025-10-16 15:20:00",114305,
"2025-10-16 15:30:00",115507,
"2025-10-16 15:40:00",116292,
"2025-10-16 15:50:00",117399,
"2025-10-16 16:00:00",118895,83320
"2025-10-16 16:10:00",119560,
"2025-10-16 16:20:00",120368,
"2025-10-16 16:30:00",121142,
"2025-10-16 16:40:00",121766,
"2025-10-16 16:50:00",122505,
"2025-10-16 17:00:00",123202,83889
"2025-10-16 17:10:00",123772,
"2025-10-16 17:20:00",124095,
"2025-10-16 17:30:00",124416,
"2025-10-16 17:40:00",124957,
"2025-10-16 17:50:00",125369,
"2025-10-16 18:00:00",125685,84619
"2025-10-16 18:10:00",125733,
"2025-10-16 18:20:00",126235,
"2025-10-16 18:30:00",129809,
"2025-10-16 18:40:00",129647,
"2025-10-16 18:50:00",128414,
"2025-10-16 19:00:00",128848,85418
"2025-10-16 19:10:00",129145,
"2025-10-16 19:20:00",128187,
"2025-10-16 19:30:00",127673,
"2025-10-16 19:40:00",126203,
"2025-10-16 19:50:00",124892,
"2025-10-16 20:00:00",123584,86339
"2025-10-16 20:10:00",121842,
"2025-10-16 20:20:00",119804,
"2025-10-16 20:30:00",117743,
"2025-10-16 20:40:00",115986,
"2025-10-16 20:50:00",114457,
"2025-10-16 21:00:00",112601,87264
"2025-10-16 21:10:00",109623,
"2025-10-16 21:20:00",108446,
"2025-10-16 21:30:00",106383,
"2025-10-16 21:40:00",104604,
"2025-10-16 21:50:00",102899,
"2025-10-16 22:00:00",101445,88158
"2025-10-16 22:10:00",99372,
"2025-10-16 22:20:00",98084,
"2025-10-16 22:30:00",96517,
"2025-10-16 22:40:00",94939,
"2025-10-16 22:50:00",93607,
"2025-10-16 23:00:00",92501,88963
"2025-10-16 23:10:00",91201,
"2025-10-16 23:20:00",89553,
"2025-10-16 23:30:00",89001,
"2025-10-16 23:40:00",87811,
"2025-10-16 23:50:00",86930,
"2025-10-17 00:00:00",85981,89669
"2025-10-17 00:10:00",85021,
"2025-10-17 00:20:00",84380,
"2025-10-17 00:30:00",83200,
"2025-10-17 00:40:00",82432,
"2025-10-17 00:50:00",81751,
"2025-10-17 01:00:00",81094,90291
"2025-10-17 01:10:00",80056,
"2025-10-17 01:20:00",79345,
"2025-10-17 01:30:00",78704,
"2025-10-17 01:40:00",77856,
"2025-10-17 01:50:00",77056,
"2025-10-17 02:00:00",76278,90902
"2025-10-17 02:10:00",75247,
"2025-10-17 02:20:00",74507,
"2025-10-17 02:30:00",73552,
"2025-10-17 02:40:00",72657,
"2025-10-17 02:50:00",71875,
"2025-10-17 03:00:00",71129,91438
"2025-10-17 03:10:00",70203,
"2025-10-17 03:20:00",69346,
"2025-10-17 03:30:00",68567,
"2025-10-17 03:40:00",67762,
"2025-10-17 03:50:00",67045,
"2025-10-17 04:00:00",66497,91938
"2025-10-17 04:10:00",65977,
"2025-10-17 04:20:00",65398,
"2025-10-17 04:30:00",64806,
"2025-10-17 04:40:00",64197,
"2025-10-17 04:50:00",63882,
"2025-10-17 05:00:00",63460,92414
"2025-10-17 05:10:00",62936,
"2025-10-17 05:20:00",62748,
"2025-10-17 05:30:00",62688,
"2025-10-17 05:40:00",62515,
"2025-10-17 05:50:00",62533,
"2025-10-17 06:00:00",62581,92913
"2025-10-17 06:10:00",62785,
"2025-10-17 06:20:00",62930,
"2025-10-17 06:30:00",63340,
"2025-10-17 06:40:00",63595,
"2025-10-17 06:50:00",64089,
"2025-10-17 07:00:00",64152,93426
"2025-10-17 07:10:00",64636,
"2025-10-17 07:20:00",65359,
"2025-10-17 07:30:00",65639,
"2025-10-17 07:40:00",65584,
"2025-10-17 07:50:00",66304,
"2025-10-17 08:00:00",66896,94050
"2025-10-17 08:10:00",67536,
"2025-10-17 08:20:00",68551,
"2025-10-17 08:30:00",69690,
"2025-10-17 08:40:00",70586,
"2025-10-17 08:50:00",71791,
"2025-10-17 09:00:00",72777,94775
"2025-10-17 09:10:00",73886,
"2025-10-17 09:20:00",75131,
"2025-10-17 09:30:00",76256,
"2025-10-17 09:40:00",77329,
"2025-10-17 09:50:00",78602,
"2025-10-17 10:00:00",79846,95725
"2025-10-17 10:10:00",81401,
"2025-10-17 10:20:00",83186,
"2025-10-17 10:30:00",85132,
"2025-10-17 10:40:00",87459,
"2025-10-17 10:50:00",90119,
"2025-10-17 11:00:00",92389,96889
"2025-10-17 11:10:00",95925,
"2025-10-17 11:20:00",97955,
"2025-10-17 11:30:00",99656,
"2025-10-17 11:40:00",101725,
"2025-10-17 11:50:00",103777,
"2025-10-17 12:00:00",105883,98085
"2025-10-17 12:10:00",107946,
"2025-10-17 12:20:00",110078,
"2025-10-17 12:30:00",112066,
"2025-10-17 12:40:00",114001,
"2025-10-17 12:50:00",116087,
"2025-10-17 13:00:00",118196,99045
"2025-10-17 13:10:00",120061,
"2025-10-17 13:20:00",120143,
"2025-10-17 13:30:00",122572,
"2025-10-17 13:40:00",124173,
"2025-10-17 13:50:00",125569,
"2025-10-17 14:00:00",126611,99888
"2025-10-17 14:10:00",128552,
"2025-10-17 14:20:00",130033,
"2025-10-17 14:30:00",131029,
"2025-10-17 14:40:00",131804,
"2025-10-17 14:50:00",132884,
"2025-10-17 15:00:00",134212,100770
"2025-10-17 15:10:00",135470,
"2025-10-17 15:20:00",136775,
"2025-10-17 15:30:00",137804,
"2025-10-17 15:40:00",138804,
"2025-10-17 15:50:00",140059,
"2025-10-17 16:00:00",141661,101690
"2025-10-17 16:10:00",142995,
"2025-10-17 16:20:00",144217,
"2025-10-17 16:30:00",145106,
"2025-10-17 16:40:00",145957,
"2025-10-17 16:50:00",146581,
"2025-10-17 17:00:00",147360,102600
"2025-10-17 17:10:00",147976,
"2025-10-17 17:20:00",148520,
"2025-10-17 17:30:00",148947,
"2025-10-17 17:40:00",149151,
"2025-10-17 17:50:00",149594,
"2025-10-17 18:00:00",149825,103362
"2025-10-17 18:10:00",149793,
"2025-10-17 18:20:00",150098,
"2025-10-17 18:30:00",150077,
"2025-10-17 18:40:00",149830,
"2025-10-17 18:50:00",149468,
"2025-10-17 19:00:00",149226,104117
"2025-10-17 19:10:00",148799,
"2025-10-17 19:20:00",148290,
"2025-10-17 19:30:00",147442,
"2025-10-17 19:40:00",146104,
"2025-10-17 19:50:00",144911,
"2025-10-17 20:00:00",143677,104873
"2025-10-17 20:10:00",142235,
"2025-10-17 20:20:00",140868,
"2025-10-17 20:30:00",139352,
"2025-10-17 20:40:00",137407,
"2025-10-17 20:50:00",133990,
"2025-10-17 21:00:00",133310,105656
"2025-10-17 21:10:00",131419,
"2025-10-17 21:20:00",129583,
"2025-10-17 21:30:00",127530,
"2025-10-17 21:40:00",124919,
"2025-10-17 21:50:00",122333,
"2025-10-17 22:00:00",120106,106362
"2025-10-17 22:10:00",117681,
"2025-10-17 22:20:00",115550,
"2025-10-17 22:30:00",113578,
"2025-10-17 22:40:00",111354,
"2025-10-17 22:50:00",109406,
"2025-10-17 23:00:00",107424,106928
"2025-10-17 23:10:00",105383,
"2025-10-17 23:20:00",103522,
"2025-10-17 23:30:00",101844,
"2025-10-17 23:40:00",99955,
"2025-10-17 23:50:00",98183,
"2025-10-18 00:00:00",96341,107318
"2025-10-18 00:10:00",94419,
"2025-10-18 00:20:00",93111,
"2025-10-18 00:30:00",91834,
"2025-10-18 00:40:00",90631,
"2025-10-18 00:50:00",89480,
"2025-10-18 01:00:00",87586,107558
"2025-10-18 01:10:00",86350,
"2025-10-18 01:20:00",85643,
"2025-10-18 01:30:00",84805,
"2025-10-18 01:40:00",83879,
"2025-10-18 01:50:00",83107,
"2025-10-18 02:00:00",82483,107786
"2025-10-18 02:10:00",81825,
"2025-10-18 02:20:00",81487,
"2025-10-18 02:30:00",81081,
"2025-10-18 02:40:00",80372,
"2025-10-18 02:50:00",80131,
"2025-10-18 03:00:00",79709,108100
"2025-10-18 03:10:00",79213,
"2025-10-18 03:20:00",79067,
"2025-10-18 03:30:00",78704,
"2025-10-18 03:40:00",78322,
"2025-10-18 03:50:00",78056,
"2025-10-18 04:00:00",78036,108519
"2025-10-18 04:10:00",77746,
"2025-10-18 04:20:00",77610,
"2025-10-18 04:30:00",77438,
"2025-10-18 04:40:00",77331,
"2025-10-18 04:50:00",77379,
"2025-10-18 05:00:00",77338,109093
"2025-10-18 05:10:00",77461,
"2025-10-18 05:20:00",77900,
"2025-10-18 05:30:00",78199,
"2025-10-18 05:40:00",78701,
"2025-10-18 05:50:00",79107,
"2025-10-18 06:00:00",79442,109830
"2025-10-18 06:10:00",80355,
"2025-10-18 06:20:00",81261,
"2025-10-18 06:30:00",82125,
"2025-10-18 06:40:00",83012,
"2025-10-18 06:50:00",84038,
"2025-10-18 07:00:00",85010,110792
"2025-10-18 07:10:00",86230,
"2025-10-18 07:20:00",87610,
"2025-10-18 07:30:00",89022,
"2025-10-18 07:40:00",90467,
"2025-10-18 07:50:00",92076,
"2025-10-18 08:00:00",93511,111938
"2025-10-18 08:10:00",95300,
"2025-10-18 08:20:00",97109,
"2025-10-18 08:30:00",98861,
"2025-10-18 08:40:00",100526,
"2025-10-18 08:50:00",102257,
"2025-10-18 09:00:00",103723,113228
"2025-10-18 09:10:00",105786,
"2025-10-18 09:20:00",107687,
"2025-10-18 09:30:00",109368,
"2025-10-18 09:40:00",111205,
"2025-10-18 09:50:00",113087,
"2025-10-18 10:00:00",114781,114450
"2025-10-18 10:10:00",116639,
"2025-10-18 10:20:00",118170,
"2025-10-18 10:30:00",119522,
"2025-10-18 10:40:00",120890,
"2025-10-18 10:50:00",122438,
"2025-10-18 11:00:00",123484,115426
"2025-10-18 11:10:00",125020,
"2025-10-18 11:20:00",126221,
"2025-10-18 11:30:00",127352,
"2025-10-18 11:40:00",128052,
"2025-10-18 11:50:00",129570,
"2025-10-18 12:00:00",130606,116141
"2025-10-18 12:10:00",131735,
"2025-10-18 12:20:00",132555,
"2025-10-18 12:30:00",133360,
"2025-10-18 12:40:00",134065,
"2025-10-18 12:50:00",134990,
"2025-10-18 13:00:00",135449,116716
"2025-10-18 13:10:00",136416,
"2025-10-18 13:20:00",137543,
"2025-10-18 13:30:00",138069,
"2025-10-18 13:40:00",140649,
"2025-10-18 13:50:00",138198,
"2025-10-18 14:00:00",139076,117260
"2025-10-18 14:10:00",140515,
"2025-10-18 14:20:00",145073,
"2025-10-18 14:30:00",145862,
"2025-10-18 14:40:00",146660,
"2025-10-18 14:50:00",147230,
"2025-10-18 15:00:00",148044,117657
"2025-10-18 15:10:00",148731,
"2025-10-18 15:20:00",149408,
"2025-10-18 15:30:00",150110,
"2025-10-18 15:40:00",150472,
"2025-10-18 15:50:00",151071,
"2025-10-18 16:00:00",151799,117902
"2025-10-18 16:10:00",152376,
"2025-10-18 16:20:00",152907,
"2025-10-18 16:30:00",153355,
"2025-10-18 16:40:00",153611,
"2025-10-18 16:50:00",153805,
"2025-10-18 17:00:00",154031,118114
"2025-10-18 17:10:00",154365,
"2025-10-18 17:20:00",154911,
"2025-10-18 17:30:00",155568,
"2025-10-18 17:40:00",155848,
"2025-10-18 17:50:00",156074,
"2025-10-18 18:00:00",156163,118308
"2025-10-18 18:10:00",156232,
"2025-10-18 18:20:00",156227,
"2025-10-18 18:30:00",156218,
"2025-10-18 18:40:00",156277,
"2025-10-18 18:50:00",155907,
"2025-10-18 19:00:00",155367,118498
"2025-10-18 19:10:00",155015,
"2025-10-18 19:20:00",154303,
"2025-10-18 19:30:00",153571,
"2025-10-18 19:40:00",152596,
"2025-10-18 19:50:00",151445,
"2025-10-18 20:00:00",150129,118694
"2025-10-18 20:10:00",148810,
"2025-10-18 20:20:00",147342,
"2025-10-18 20:30:00",145827,
"2025-10-18 20:40:00",143927,
"2025-10-18 20:50:00",141769,
"2025-10-18 21:00:00",139626,118864
"2025-10-18 21:10:00",137405,
"2025-10-18 21:20:00",135005,
"2025-10-18 21:30:00",132836,
"2025-10-18 21:40:00",130538,
"2025-10-18 21:50:00",128299,
"2025-10-18 22:00:00",125947,119007
"2025-10-18 22:10:00",123444,
"2025-10-18 22:20:00",121203,
"2025-10-18 22:30:00",118804,
"2025-10-18 22:40:00",116605,
"2025-10-18 22:50:00",114371,
"2025-10-18 23:00:00",112003,119106
"2025-10-18 23:10:00",109715,
"2025-10-18 23:20:00",107840,
"2025-10-18 23:30:00",105850,
"2025-10-18 23:40:00",103882,
"2025-10-18 23:50:00",101736,
"2025-10-19 00:00:00",99760,119174
"2025-10-19 00:10:00",98092,
"2025-10-19 00:20:00",96622,
"2025-10-19 00:30:00",95316,
"2025-10-19 00:40:00",93771,
"2025-10-19 00:50:00",92080,
"2025-10-19 01:00:00",90591,119241
"2025-10-19 01:10:00",89150,
"2025-10-19 01:20:00",88169,
"2025-10-19 01:30:00",87140,
"2025-10-19 01:40:00",86117,
"2025-10-19 01:50:00",85278,
"2025-10-19 02:00:00",84570,119285
"2025-10-19 02:10:00",83704,
"2025-10-19 02:20:00",82970,
"2025-10-19 02:30:00",82363,
"2025-10-19 02:40:00",81868,
"2025-10-19 02:50:00",80056,
"2025-10-19 03:00:00",79598,119247
"2025-10-19 03:10:00",79003,
"2025-10-19 03:20:00",78764,
"2025-10-19 03:30:00",78359,
"2025-10-19 03:40:00",78125,
"2025-10-19 03:50:00",77692,
"2025-10-19 04:00:00",77358,119188
"2025-10-19 04:10:00",77089,
"2025-10-19 04:20:00",76843,
"2025-10-19 04:30:00",76529,
"2025-10-19 04:40:00",76460,
"2025-10-19 04:50:00",76336,
"2025-10-19 05:00:00",76189,119110
"2025-10-19 05:10:00",76041,
"2025-10-19 05:20:00",76520,
"2025-10-19 05:30:00",76998,
"2025-10-19 05:40:00",77397,
"2025-10-19 05:50:00",77992,
"2025-10-19 06:00:00",78227,119031
"2025-10-19 06:10:00",78979,
"2025-10-19 06:20:00",79912,
"2025-10-19 06:30:00",80963,
"2025-10-19 06:40:00",81919,
"2025-10-19 06:50:00",83046,
"2025-10-19 07:00:00",84416,118972
"2025-10-19 07:10:00",85714,
"2025-10-19 07:20:00",87211,
"2025-10-19 07:30:00",88786,
"2025-10-19 07:40:00",90355,
"2025-10-19 07:50:00",91788,
"2025-10-19 08:00:00",93223,118758
"2025-10-19 08:10:00",94829,
"2025-10-19 08:20:00",96359,
"2025-10-19 08:30:00",94727,
"2025-10-19 08:40:00",96621,
"2025-10-19 08:50:00",98406,
"2025-10-19 09:00:00",99852,118645
"2025-10-19 09:10:00",101861,
"2025-10-19 09:20:00",103604,
"2025-10-19 09:30:00",105244,
"2025-10-19 09:40:00",109723,
"2025-10-19 09:50:00",112274,
"2025-10-19 10:00:00",113056,118508
"2025-10-19 10:10:00",115513,
"2025-10-19 10:20:00",117332,
"2025-10-19 10:30:00",119072,
"2025-10-19 10:40:00",120377,
"2025-10-19 10:50:00",121665,
"2025-10-19 11:00:00",123091,118396
"2025-10-19 11:10:00",124388,
"2025-10-19 11:20:00",125257,
"2025-10-19 11:30:00",126501,
"2025-10-19 11:40:00",127749,
"2025-10-19 11:50:00",128657,
"2025-10-19 12:00:00",129676,118351
"2025-10-19 12:10:00",130487,
"2025-10-19 12:20:00",131715,
"2025-10-19 12:30:00",132744,
"2025-10-19 12:40:00",134047,
"2025-10-19 12:50:00",135334,
"2025-10-19 13:00:00",136540,118270
"2025-10-19 13:10:00",137401,
"2025-10-19 13:20:00",138281,
"2025-10-19 13:30:00",138588,
"2025-10-19 13:40:00",139439,
"2025-10-19 13:50:00",139728,
"2025-10-19 14:00:00",137359,117951
"2025-10-19 14:10:00",137960,
"2025-10-19 14:20:00",138542,
"2025-10-19 14:30:00",139100,
"2025-10-19 14:40:00",139634,
"2025-10-19 14:50:00",139821,
"2025-10-19 15:00:00",139941,117549
"2025-10-19 15:10:00",140146,
"2025-10-19 15:20:00",140464,
"2025-10-19 15:30:00",140871,
"2025-10-19 15:40:00",141099,
"2025-10-19 15:50:00",140987,
"2025-10-19 16:00:00",141276,117076
"2025-10-19 16:10:00",141498,
"2025-10-19 16:20:00",141618,
"2025-10-19 16:30:00",141935,
"2025-10-19 16:40:00",141838,
"2025-10-19 16:50:00",141691,
"2025-10-19 17:00:00",141433,116505
"2025-10-19 17:10:00",141193,
"2025-10-19 17:20:00",140997,
"2025-10-19 17:30:00",140793,
"2025-10-19 17:40:00",140705,
"2025-10-19 17:50:00",140424,
"2025-10-19 18:00:00",140007,115872
"2025-10-19 18:10:00",139282,
"2025-10-19 18:20:00",138456,
"2025-10-19 18:30:00",137341,
"2025-10-19 18:40:00",137882,
"2025-10-19 18:50:00",138018,
"2025-10-19 19:00:00",136048,115118
"2025-10-19 19:10:00",133760,
"2025-10-19 19:20:00",131534,
"2025-10-19 19:30:00",129387,
"2025-10-19 19:40:00",127216,
"2025-10-19 19:50:00",124784,
"2025-10-19 20:00:00",122443,114028
"2025-10-19 20:10:00",119840,
"2025-10-19 20:20:00",117516,
"2025-10-19 20:30:00",115104,
"2025-10-19 20:40:00",112665,
"2025-10-19 20:50:00",110179,
"2025-10-19 21:00:00",107716,112771
"2025-10-19 21:10:00",104691,
"2025-10-19 21:20:00",102735,
"2025-10-19 21:30:00",100477,
"2025-10-19 21:40:00",98429,
"2025-10-19 21:50:00",96257,
"2025-10-19 22:00:00",94227,111521
"2025-10-19 22:10:00",92300,
"2025-10-19 22:20:00",90715,
"2025-10-19 22:30:00",88983,
"2025-10-19 22:40:00",87341,
"2025-10-19 22:50:00",84857,
"2025-10-19 23:00:00",84194,110429
"2025-10-19 23:10:00",82600,
"2025-10-19 23:20:00",81121,
"2025-10-19 23:30:00",79680,
"2025-10-19 23:40:00",78385,
"2025-10-19 23:50:00",77404,
"2025-10-20 00:00:00",76430,109518
"2025-10-20 00:10:00",75220,
"2025-10-20 00:20:00",74224,
"2025-10-20 00:30:00",73240,
"2025-10-20 00:40:00",72517,
"2025-10-20 00:50:00",71547,
"2025-10-20 01:00:00",70678,108760
"2025-10-20 01:10:00",69822,
"2025-10-20 01:20:00",69065,
"2025-10-20 01:30:00",68251,
"2025-10-20 01:40:00",67401,
"2025-10-20 01:50:00",66540,
"2025-10-20 02:00:00",65621,108046
"2025-10-20 02:10:00",64690,
"2025-10-20 02:20:00",63977,
"2025-10-20 02:30:00",62780,
"2025-10-20 02:40:00",62100,
"2025-10-20 02:50:00",61424,
"2025-10-20 03:00:00",60632,107335
"2025-10-20 03:10:00",59798,
"2025-10-20 03:20:00",59069,
"2025-10-20 03:30:00",58468,
"2025-10-20 03:40:00",57800,
"2025-10-20 03:50:00",57119,
"2025-10-20 04:00:00",56313,106546
"2025-10-20 04:10:00",55723,
"2025-10-20 04:20:00",55433,
"2025-10-20 04:30:00",54879,
"2025-10-20 04:40:00",54439,
"2025-10-20 04:50:00",53933,
"2025-10-20 05:00:00",53620,105624
"2025-10-20 05:10:00",53229,
"2025-10-20 05:20:00",53086,
"2025-10-20 05:30:00",53002,
"2025-10-20 05:40:00",52988,
"2025-10-20 05:50:00",52810,
"2025-10-20 06:00:00",52897,104527
"2025-10-20 06:10:00",53142,
"2025-10-20 06:20:00",53451,
"2025-10-20 06:30:00",53590,
"2025-10-20 06:40:00",53918,
"2025-10-20 06:50:00",54331,
"2025-10-20 07:00:00",54783,103092
"2025-10-20 07:10:00",54883,
"2025-10-20 07:20:00",54439,
"2025-10-20 07:30:00",53683,
"2025-10-20 07:40:00",53013,
"2025-10-20 07:50:00",51955,
"2025-10-20 08:00:00",51035,101226
"2025-10-20 08:10:00",50267,
"2025-10-20 08:20:00",49483,
"2025-10-20 08:30:00",48648,
"2025-10-20 08:40:00",48020,
"2025-10-20 08:50:00",47384,
"2025-10-20 09:00:00",46890,98784
"2025-10-20 09:10:00",46370,
"2025-10-20 09:20:00",46234,
"2025-10-20 09:30:00",48694,
"2025-10-20 09:40:00",49974,
"2025-10-20 09:50:00",50819,
"2025-10-20 10:00:00",51717,96798
"2025-10-20 10:10:00",53163,
"2025-10-20 10:20:00",59665,
"2025-10-20 10:30:00",64130,
"2025-10-20 10:40:00",67893,
"2025-10-20 10:50:00",71514,
"2025-10-20 11:00:00",73998,95020
"2025-10-20 11:10:00",76425,
"2025-10-20 11:20:00",78296,
"2025-10-20 11:30:00",80469,
"2025-10-20 11:40:00",82479,
"2025-10-20 11:50:00",84385,
"2025-10-20 12:00:00",86235,93407
"2025-10-20 12:10:00",88193,
"2025-10-20 12:20:00",89845,
"2025-10-20 12:30:00",91732,
"2025-10-20 12:40:00",93673,
"2025-10-20 12:50:00",95662,
"2025-10-20 13:00:00",97696,92099
"2025-10-20 13:10:00",99446,
"2025-10-20 13:20:00",101308,
"2025-10-20 13:30:00",103200,
"2025-10-20 13:40:00",105339,
"2025-10-20 13:50:00",107932,
"2025-10-20 14:00:00",110282,91167
"2025-10-20 14:10:00",111801,
"2025-10-20 14:20:00",112565,
"2025-10-20 14:30:00",114567,
"2025-10-20 14:40:00",115760,
"2025-10-20 14:50:00",117690,
"2025-10-20 15:00:00",118182,90265
"2025-10-20 15:10:00",118747,
"2025-10-20 15:20:00",119701,
"2025-10-20 15:30:00",117668,
"2025-10-20 15:40:00",119421,
"2025-10-20 15:50:00",120052,
"2025-10-20 16:00:00",120880,89645
"2025-10-20 16:10:00",121733,
"2025-10-20 16:20:00",122497,
"2025-10-20 16:30:00",123512,
"2025-10-20 16:40:00",127626,
"2025-10-20 16:50:00",127886,
"2025-10-20 17:00:00",128402,89085
"2025-10-20 17:10:00",128644,
"2025-10-20 17:20:00",128904,
"2025-10-20 17:30:00",129120,
"2025-10-20 17:40:00",128973,
"2025-10-20 17:50:00",128959,
"2025-10-20 18:00:00",128920,88573
"2025-10-20 18:10:00",128240,
"2025-10-20 18:20:00",127935,
"2025-10-20 18:30:00",127454,
"2025-10-20 18:40:00",126569,
"2025-10-20 18:50:00",125730,
"2025-10-20 19:00:00",124903,88057
"2025-10-20 19:10:00",123483,
"2025-10-20 19:20:00",121965,
"2025-10-20 19:30:00",119706,
"2025-10-20 19:40:00",118386,
"2025-10-20 19:50:00",116633,
"2025-10-20 20:00:00",114702,87687
"2025-10-20 20:10:00",112663,
"2025-10-20 20:20:00",110285,
"2025-10-20 20:30:00",107659,
"2025-10-20 20:40:00",104403,
"2025-10-20 20:50:00",103063,
"2025-10-20 21:00:00",101230,87381
"2025-10-20 21:10:00",99057,
"2025-10-20 21:20:00",97097,
"2025-10-20 21:30:00",94725,
"2025-10-20 21:40:00",93018,
"2025-10-20 21:50:00",91499,
"2025-10-20 22:00:00",89946,87185
"2025-10-20 22:10:00",88310,
"2025-10-20 22:20:00",86832,
"2025-10-20 22:30:00",85559,
"2025-10-20 22:40:00",83251,
"2025-10-20 22:50:00",83226,
"2025-10-20 23:00:00",82478,87110
"2025-10-20 23:10:00",81329,
"2025-10-20 23:20:00",80423,87110
"2025-10-20 23:30:00",79490,
"2025-10-20 23:40:00",78535,
"2025-10-20 23:50:00",77782,