"2025-09-20 00:00:00",49841,53046
"2025-09-20 01:00:00",51147,53062
"2025-09-20 02:00:00",51814,53028
"2025-09-20 03:00:00",51502,52990
"2025-09-20 04:00:00",50277,52966
"2025-09-20 05:00:00",46067,52949
"2025-09-20 06:00:00",45914,53016
"2025-09-20 07:00:00",45957,53025
"2025-09-20 08:00:00",46195,53072
"2025-09-20 09:00:00",47681,53167
"2025-09-20 10:00:00",48813,53267
"2025-09-20 11:00:00",51157,53392
"2025-09-20 12:00:00",54356,53469
"2025-09-20 13:00:00",56079,53461
"2025-09-20 14:00:00",57082,53486
"2025-09-20 15:00:00",58408,53451
"2025-09-20 16:00:00",58502,53380
"2025-09-20 17:00:00",60289,53364
"2025-09-20 18:00:00",60378,53336
"2025-09-20 19:00:00",60616,53346
"2025-09-20 20:00:00",59622,53327
"2025-09-20 21:00:00",57265,53262
"2025-09-20 22:00:00",53533,53161
"2025-09-20 23:00:00",50601,53068
"2025-09-21 00:00:00",50326,53028
"2025-09-21 01:00:00",50380,53003
"2025-09-21 02:00:00",50949,52962
"2025-09-21 03:00:00",50998,52832
"2025-09-21 04:00:00",50058,52676
"2025-09-21 05:00:00",47920,52511
"2025-09-21 06:00:00",46345,52386
"2025-09-21 07:00:00",47306,52218
"2025-09-21 08:00:00",48685,51988
"2025-09-21 09:00:00",50259,51722
"2025-09-21 10:00:00",51930,51451
"2025-09-21 11:00:00",53018,51197
"2025-09-21 12:00:00",54091,50946
"2025-09-21 13:00:00",56591,50710
"2025-09-21 14:00:00",56073,50464
"2025-09-21 15:00:00",56511,50247
"2025-09-21 16:00:00",57911,50021
"2025-09-21 17:00:00",59386,49792
"2025-09-21 18:00:00",60401,49572
"2025-09-21 19:00:00",59943,49318
"2025-09-21 20:00:00",57903,49068
"2025-09-21 21:00:00",54744,48848
"2025-09-21 22:00:00",51331,48680
"2025-09-21 23:00:00",49591,48574
"2025-09-22 00:00:00",49713,48614
"2025-09-22 01:00:00",49401,48670
"2025-09-22 02:00:00",47721,48725
"2025-09-22 03:00:00",47113,48733
"2025-09-22 04:00:00",45859,48731
"2025-09-22 05:00:00",44747,48696
"2025-09-22 06:00:00",42071,48627
"2025-09-22 07:00:00",41394,48573
"2025-09-22 08:00:00",41828,48518
"2025-09-22 09:00:00",43246,48461
"2025-09-22 10:00:00",45361,48398
"2025-09-22 11:00:00",46626,48347
"2025-09-22 12:00:00",48020,48330
"2025-09-22 13:00:00",50319,48314
"2025-09-22 14:00:00",50565,48300
"2025-09-22 15:00:00",50708,48278
"2025-09-22 16:00:00",52025,48306
"2025-09-22 17:00:00",53645,48333
"2025-09-22 18:00:00",53832,48314
"2025-09-22 19:00:00",53537,48297
"2025-09-22 20:00:00",52284,48275
"2025-09-22 21:00:00",50446,48206
"2025-09-22 22:00:00",48517,48151
"2025-09-22 23:00:00",50508,48105
"2025-09-23 00:00:00",51043,47821
"2025-09-23 01:00:00",50887,47558
"2025-09-23 02:00:00",48069,47309
"2025-09-23 03:00:00",47234,47140
"2025-09-23 04:00:00",45054,46971
"2025-09-23 05:00:00",43166,46805
"2025-09-23 06:00:00",41004,46625
"2025-09-23 07:00:00",40393,46475
"2025-09-23 08:00:00",40806,46308
"2025-09-23 09:00:00",42060,46112
"2025-09-23 10:00:00",44466,45865
"2025-09-23 11:00:00",46629,45572
"2025-09-23 12:00:00",48088,45231
"2025-09-23 13:00:00",50374,44881
"2025-09-23 14:00:00",50465,44461
"2025-09-23 15:00:00",51918,44023
"2025-09-23 16:00:00",53250,43514
"2025-09-23 17:00:00",53748,42989
"2025-09-23 18:00:00",53969,42462
"2025-09-23 19:00:00",53505,41945
"2025-09-23 20:00:00",50885,41429
"2025-09-23 21:00:00",49291,40955
"2025-09-23 22:00:00",47186,40446
"2025-09-23 23:00:00",42796,39933
"2025-09-24 00:00:00",43861,39550
"2025-09-24 01:00:00",44195,39123
"2025-09-24 02:00:00",43496,38700
"2025-09-24 03:00:00",42765,38291
"2025-09-24 04:00:00",40735,37873
"2025-09-24 05:00:00",38393,37478
"2025-09-24 06:00:00",37030,37035
"2025-09-24 07:00:00",35939,36615
"2025-09-24 08:00:00",35607,36221
"2025-09-24 09:00:00",35424,35879
"2025-09-24 10:00:00",36468,35575
"2025-09-24 11:00:00",37285,35301
"2025-09-24 12:00:00",38484,35089
"2025-09-24 13:00:00",38832,34960
"2025-09-24 14:00:00",38251,35225
"2025-09-24 15:00:00",37731,35534
"2025-09-24 16:00:00",38743,35913
"2025-09-24 17:00:00",39099,36320
"2025-09-24 18:00:00",39620,36770
"2025-09-24 19:00:00",39285,37204
"2025-09-24 20:00:00",37771,37654
"2025-09-24 21:00:00",35190,38070
"2025-09-24 22:00:00",33877,38495
"2025-09-24 23:00:00",32997,38936
"2025-09-25 00:00:00",32730,39391
"2025-09-25 01:00:00",32858,39870
"2025-09-25 02:00:00",32486,40353
"2025-09-25 03:00:00",31506,40843
"2025-09-25 04:00:00",30130,41356
"2025-09-25 05:00:00",26322,41844
"2025-09-25 06:00:00",25640,42407
"2025-09-25 07:00:00",25365,42944
"2025-09-25 08:00:00",26731,43448
"2025-09-25 09:00:00",27810,43922
"2025-09-25 10:00:00",29928,44408
"2025-09-25 11:00:00",32564,44899
"2025-09-25 12:00:00",36408,45391
"2025-09-25 13:00:00",48019,45910
"2025-09-25 14:00:00",49080,46115
"2025-09-25 15:00:00",50690,46343
"2025-09-25 16:00:00",52598,46567
"2025-09-25 17:00:00",54218,46768
"2025-09-25 18:00:00",54351,46971
"2025-09-25 19:00:00",54353,47201
"2025-09-25 20:00:00",52142,47434
"2025-09-25 21:00:00",49746,47693
"2025-09-25 22:00:00",48335,47978
"2025-09-25 23:00:00",48199,48228
"2025-09-26 00:00:00",48725,48379
"2025-09-26 01:00:00",48976,48531
"2025-09-26 02:00:00",48968,48722
"2025-09-26 03:00:00",48619,48936
"2025-09-26 04:00:00",46884,49141
"2025-09-26 05:00:00",45209,49371
"2025-09-26 06:00:00",43685,49608
"2025-09-26 07:00:00",42203,49853
"2025-09-26 08:00:00",42527,50136
"2025-09-26 09:00:00",43814,50435
"2025-09-26 10:00:00",45742,50731
"2025-09-26 11:00:00",47893,51023
"2025-09-26 12:00:00",50159,51288
"2025-09-26 13:00:00",52227,51442
"2025-09-26 14:00:00",53460,51572
"2025-09-26 15:00:00",54719,51699
"2025-09-26 16:00:00",55658,51814
"2025-09-26 17:00:00",57342,51958
"2025-09-26 18:00:00",58207,52092
"2025-09-26 19:00:00",58401,52211
"2025-09-26 20:00:00",56856,52330
"2025-09-26 21:00:00",55263,52454
"2025-09-26 22:00:00",52568,52505
"2025-09-26 23:00:00",49294,52541
"2025-09-27 00:00:00",49751,52593
"2025-09-27 01:00:00",51038,52654
"2025-09-27 02:00:00",51481,52694
"2025-09-27 03:00:00",50931,52714
"2025-09-27 04:00:00",49355,52754
"2025-09-27 05:00:00",48058,52805
"2025-09-27 06:00:00",47028,52829
"2025-09-27 07:00:00",46914,52864
"2025-09-27 08:00:00",47646,52891
"2025-09-27 09:00:00",48814,52913
"2025-09-27 10:00:00",50740,52916
"2025-09-27 11:00:00",52438,52919
"2025-09-27 12:00:00",53881,52939
"2025-09-27 13:00:00",55157,52949
"2025-09-27 14:00:00",56352,52991
"2025-09-27 15:00:00",57536,53004
"2025-09-27 16:00:00",59344,53028
"2025-09-27 17:00:00",60524,53020
"2025-09-27 18:00:00",60885,52998
"2025-09-27 19:00:00",60838,52998
"2025-09-27 20:00:00",59248,52988
"2025-09-27 21:00:00",55751,52902
"2025-09-27 22:00:00",53481,52808
"2025-09-27 23:00:00",50732,52712
"2025-09-28 00:00:00",51153,52686
"2025-09-28 01:00:00",51675,52638
"2025-09-28 02:00:00",51535,52566
"2025-09-28 03:00:00",51552,52491
"2025-09-28 04:00:00",50180,52399
"2025-09-28 05:00:00",47909,52313
"2025-09-28 06:00:00",46761,52227
"2025-09-28 07:00:00",46284,52079
"2025-09-28 08:00:00",46858,51915
"2025-09-28 09:00:00",47396,51691
"2025-09-28 10:00:00",49455,51471
"2025-09-28 11:00:00",51952,51240
"2025-09-28 12:00:00",53282,50989
"2025-09-28 13:00:00",55600,50790
"2025-09-28 14:00:00",55867,50515
"2025-09-28 15:00:00",57129,50244
"2025-09-28 16:00:00",58065,49957
"2025-09-28 17:00:00",58939,49636
"2025-09-28 18:00:00",60051,49352
"2025-09-28 19:00:00",59712,49078
"2025-09-28 20:00:00",56317,48790
"2025-09-28 21:00:00",52396,48579
"2025-09-28 22:00:00",49867,48394
"2025-09-28 23:00:00",49364,48270
"2025-09-29 00:00:00",49336,48169
"2025-09-29 01:00:00",49272,48063
"2025-09-29 02:00:00",48825,47955
"2025-09-29 03:00:00",48220,47833
"2025-09-29 04:00:00",47365,47674
"2025-09-29 05:00:00",45111,47497
"2025-09-29 06:00:00",42079,47331
"2025-09-29 07:00:00",41134,47190
"2025-09-29 08:00:00",39918,47028
"2025-09-29 09:00:00",40540,46906
"2025-09-29 10:00:00",41918,46774
"2025-09-29 11:00:00",43736,46648
"2025-09-29 12:00:00",46386,46543
"2025-09-29 13:00:00",46510,46401
"2025-09-29 14:00:00",46869,46311
"2025-09-29 15:00:00",47875,46208
"2025-09-29 16:00:00",47762,46110
"2025-09-29 17:00:00",49586,46035
"2025-09-29 18:00:00",51070,45931
"2025-09-29 19:00:00",50989,45799
"2025-09-29 20:00:00",50299,45692
"2025-09-29 21:00:00",47382,45544
"2025-09-29 22:00:00",45970,45434
"2025-09-29 23:00:00",46426,45324
"2025-09-30 00:00:00",46441,45182
"2025-09-30 01:00:00",46469,45033
"2025-09-30 02:00:00",45773,44881
"2025-09-30 03:00:00",43728,44715
"2025-09-30 04:00:00",42210,44591
"2025-09-30 05:00:00",41148,44490
"2025-09-30 06:00:00",39177,44387
"2025-09-30 07:00:00",38270,44269
"2025-09-30 08:00:00",38445,44161
"2025-09-30 09:00:00",38998,44041
"2025-09-30 10:00:00",40952,43891
"2025-09-30 11:00:00",42908,43696
"2025-09-30 12:00:00",45262,43494
"2025-09-30 13:00:00",47199,43293
"2025-09-30 14:00:00",47274,43071
"2025-09-30 15:00:00",48956,42854
"2025-09-30 16:00:00",49246,42640
"2025-09-30 17:00:00",49949,42453
"2025-09-30 18:00:00",50344,42275
"2025-09-30 19:00:00",49935,42074
"2025-09-30 20:00:00",47328,41798
"2025-09-30 21:00:00",45258,41530
"2025-09-30 22:00:00",43411,41224
"2025-09-30 23:00:00",42663,40916
"2025-10-01 00:00:00",42448,40614
"2025-10-01 01:00:00",42426,40321
"2025-10-01 02:00:00",41974,40049
"2025-10-01 03:00:00",41727,39816
"2025-10-01 04:00:00",40452,39551
"2025-10-01 05:00:00",38820,39247
"2025-10-01 06:00:00",36281,38928
"2025-10-01 07:00:00",35044,38602
"2025-10-01 08:00:00",34819,38295
"2025-10-01 09:00:00",33976,38050
"2025-10-01 10:00:00",34232,37963
"2025-10-01 11:00:00",36036,38042
"2025-10-01 12:00:00",37519,38149
"2025-10-01 13:00:00",38762,38260
"2025-10-01 14:00:00",38610,38416
"2025-10-01 15:00:00",40196,38584
"2025-10-01 16:00:00",42018,38743
"2025-10-01 17:00:00",43560,38889
"2025-10-01 18:00:00",43321,39026
"2025-10-01 19:00:00",41113,39159
"2025-10-01 20:00:00",38312,39332
"2025-10-01 21:00:00",35046,39510
"2025-10-01 22:00:00",33787,39723
"2025-10-01 23:00:00",33314,39900
"2025-10-02 00:00:00",33472,40085
"2025-10-02 01:00:00",34075,40291
"2025-10-02 02:00:00",34041,40483
"2025-10-02 03:00:00",32441,40643
"2025-10-02 04:00:00",30003,40810
"2025-10-02 05:00:00",28056,40982
"2025-10-02 06:00:00",25471,41110
"2025-10-02 07:00:00",25118,41299
"2025-10-02 08:00:00",27998,41535
"2025-10-02 09:00:00",34178,41834
"2025-10-02 10:00:00",40860,42117
"2025-10-02 11:00:00",44313,42294
"2025-10-02 12:00:00",46414,42450
"2025-10-02 13:00:00",49608,42642
"2025-10-02 14:00:00",50041,42871
"2025-10-02 15:00:00",50435,43079
"2025-10-02 16:00:00",51368,43300
"2025-10-02 17:00:00",52985,43549
"2025-10-02 18:00:00",53755,43805
"2025-10-02 19:00:00",53328,44095
"2025-10-02 20:00:00",51546,44409
"2025-10-02 21:00:00",49374,44752
"2025-10-02 22:00:00",46635,45058
"2025-10-02 23:00:00",46360,45330
"2025-10-03 00:00:00",47016,45590
"2025-10-03 01:00:00",46932,45840
"2025-10-03 02:00:00",46545,46099
"2025-10-03 03:00:00",46106,46399
"2025-10-03 04:00:00",44178,46717
"2025-10-03 05:00:00",40613,47005
"2025-10-03 06:00:00",39985,47383
"2025-10-03 07:00:00",39566,47729
"2025-10-03 08:00:00",40399,48057
"2025-10-03 09:00:00",41681,48305
"2025-10-03 10:00:00",43021,48467
"2025-10-03 11:00:00",45195,48621
"2025-10-03 12:00:00",47343,48751
"2025-10-03 13:00:00",51630,48885
"2025-10-03 14:00:00",51949,48957
"2025-10-03 15:00:00",53498,49074
"2025-10-03 16:00:00",55426,49196
"2025-10-03 17:00:00",56639,49286
"2025-10-03 18:00:00",57504,49378
"2025-10-03 19:00:00",57304,49487
"2025-10-03 20:00:00",55907,49614
"2025-10-03 21:00:00",53204,49743
"2025-10-03 22:00:00",48894,49818
"2025-10-03 23:00:00",47712,49926
"2025-10-04 00:00:00",48406,50004
"2025-10-04 01:00:00",48881,50051
"2025-10-04 02:00:00",49312,50105
"2025-10-04 03:00:00",49182,50161
"2025-10-04 04:00:00",47153,50234
"2025-10-04 05:00:00",45850,50388
"2025-10-04 06:00:00",43882,50521
"2025-10-04 07:00:00",44218,50704
"2025-10-04 08:00:00",45353,50910
"2025-10-04 09:00:00",47048,51133
"2025-10-04 10:00:00",49028,51351
"2025-10-04 11:00:00",50175,51470
"2025-10-04 12:00:00",51719,51583
"2025-10-04 13:00:00",53410,51650
"2025-10-04 14:00:00",54736,51736
"2025-10-04 15:00:00",55748,51775
"2025-10-04 16:00:00",56589,51799
"2025-10-04 17:00:00",57832,51812
"2025-10-04 18:00:00",59218,51831
"2025-10-04 19:00:00",59476,51887
"2025-10-04 20:00:00",58574,51922
"2025-10-04 21:00:00",54801,51877
"2025-10-04 22:00:00",52677,51901
"2025-10-04 23:00:00",50154,51897
"2025-10-05 00:00:00",49044,51851
"2025-10-05 01:00:00",49108,51826
"2025-10-05 02:00:00",49400,51792
"2025-10-05 03:00:00",50058,51755
"2025-10-05 04:00:00",49701,51722
"2025-10-05 05:00:00",48585,51658
"2025-10-05 06:00:00",48215,51629
"2025-10-05 07:00:00",49319,51585
"2025-10-05 08:00:00",50840,51499
"2025-10-05 09:00:00",51770,51369
"2025-10-05 10:00:00",50175,51158
"2025-10-05 11:00:00",51535,51010
"2025-10-05 12:00:00",53309,50875
"2025-10-05 13:00:00",54968,50790
"2025-10-05 14:00:00",54651,50683
"2025-10-05 15:00:00",55896,50618
"2025-10-05 16:00:00",56240,50548
"2025-10-05 17:00:00",57285,50463
"2025-10-05 18:00:00",59910,50431
"2025-10-05 19:00:00",58759,50338
"2025-10-05 20:00:00",55137,50212
"2025-10-05 21:00:00",52476,50139
"2025-10-05 22:00:00",50271,49989
"2025-10-05 23:00:00",47505,49834
"2025-10-06 00:00:00",47696,49773
"2025-10-06 01:00:00",47504,49718
"2025-10-06 02:00:00",46852,49650
"2025-10-06 03:00:00",46099,49468
"2025-10-06 04:00:00",44100,49238
"2025-10-06 05:00:00",42984,49057
"2025-10-06 06:00:00",41126,48860
"2025-10-06 07:00:00",39808,48373
"2025-10-06 08:00:00",39924,48066
"2025-10-06 09:00:00",40393,47785
"2025-10-06 10:00:00",41555,47598
"2025-10-06 11:00:00",43282,47430
"2025-10-06 12:00:00",47408,47300
"2025-10-06 13:00:00",49619,47131
"2025-10-06 14:00:00",51123,46997
"2025-10-06 15:00:00",52573,46846
"2025-10-06 16:00:00",52384,46682
"2025-10-06 17:00:00",54707,46562
"2025-10-06 18:00:00",55777,46259
"2025-10-06 19:00:00",55852,46086
"2025-10-06 20:00:00",53683,45944
"2025-10-06 21:00:00",47303,45739
"2025-10-06 22:00:00",45097,45563
"2025-10-06 23:00:00",45564,45482
"2025-10-07 00:00:00",46353,45382
"2025-10-07 01:00:00",46490,45277
"2025-10-07 02:00:00",41749,45077
"2025-10-07 03:00:00",40329,44947
"2025-10-07 04:00:00",40794,44883
"2025-10-07 05:00:00",40500,44784
"2025-10-07 06:00:00",26729,44378
"2025-10-07 07:00:00",36046,44423
"2025-10-07 08:00:00",38039,44325
"2025-10-07 09:00:00",40275,44227
"2025-10-07 10:00:00",42042,44096
"2025-10-07 11:00:00",43107,43930
"2025-10-07 12:00:00",44583,43712
"2025-10-07 13:00:00",46567,43475
"2025-10-07 14:00:00",46914,43220
"2025-10-07 15:00:00",48331,42983
"2025-10-07 16:00:00",48891,42781
"2025-10-07 17:00:00",43535,42406
"2025-10-07 18:00:00",49887,42255
"2025-10-07 19:00:00",49914,42000
"2025-10-07 20:00:00",48786,41770
"2025-10-07 21:00:00",43911,41568
"2025-10-07 22:00:00",42920,41442
"2025-10-07 23:00:00",41587,41273
"2025-10-08 00:00:00",41736,41114
"2025-10-08 01:00:00",41761,40961
"2025-10-08 02:00:00",41639,40914
"2025-10-08 03:00:00",40694,40870
"2025-10-08 04:00:00",38301,40764
"2025-10-08 05:00:00",36293,40614
"2025-10-08 06:00:00",33685,40649
"2025-10-08 07:00:00",32922,40447
"2025-10-08 08:00:00",32641,40191
"2025-10-08 09:00:00",32270,39895
"2025-10-08 10:00:00",32857,39756
"2025-10-08 11:00:00",34510,39686
"2025-10-08 12:00:00",35129,39614
"2025-10-08 13:00:00",37647,39600
"2025-10-08 14:00:00",38963,39596
"2025-10-08 15:00:00",41363,39603
"2025-10-08 16:00:00",42428,39578
"2025-10-08 17:00:00",42630,39711
"2025-10-08 18:00:00",43176,39705
"2025-10-08 19:00:00",43190,39902
"2025-10-08 20:00:00",41663,40204
"2025-10-08 21:00:00",39377,40410
"2025-10-08 22:00:00",38371,40634
"2025-10-08 23:00:00",38536,41058
"2025-10-09 00:00:00",39150,41297
"2025-10-09 01:00:00",38867,41492
"2025-10-09 02:00:00",38189,41656
"2025-10-09 03:00:00",37724,41855
"2025-10-09 04:00:00",35193,42045
"2025-10-09 05:00:00",27969,42095
"2025-10-09 06:00:00",25927,42247
"2025-10-09 07:00:00",25296,42406
"2025-10-09 08:00:00",26396,42560
"2025-10-09 09:00:00",37002,42921
"2025-10-09 10:00:00",40949,43240
"2025-10-09 11:00:00",43910,43588
"2025-10-09 12:00:00",47266,44015
"2025-10-09 13:00:00",49070,44418
"2025-10-09 14:00:00",49691,44801
"2025-10-09 15:00:00",49594,45147
"2025-10-09 16:00:00",51754,45562
"2025-10-09 17:00:00",52532,45979
"2025-10-09 18:00:00",65580,46737
"2025-10-09 19:00:00",72828,47514
"2025-10-09 20:00:00",61643,48029
"2025-10-09 21:00:00",60683,48642
"2025-10-09 22:00:00",69795,49595
"2025-10-09 23:00:00",58038,49893
"2025-10-10 00:00:00",56525,50298
"2025-10-10 01:00:00",55322,50697
"2025-10-10 02:00:00",56224,51164
"2025-10-10 03:00:00",55591,51618
"2025-10-10 04:00:00",52850,52073
"2025-10-10 05:00:00",51345,52705
"2025-10-10 06:00:00",49740,53346
"2025-10-10 07:00:00",46735,53914
"2025-10-10 08:00:00",43015,54409
"2025-10-10 09:00:00",45383,54754
"2025-10-10 10:00:00",48912,55059
"2025-10-10 11:00:00",52414,55373
"2025-10-10 12:00:00",55386,55663
"2025-10-10 13:00:00",57017,55982
"2025-10-10 14:00:00",59576,56352
"2025-10-10 15:00:00",62074,56781
"2025-10-10 16:00:00",63375,57165
"2025-10-10 17:00:00",64753,57549
"2025-10-10 18:00:00",66252,57785
"2025-10-10 19:00:00",72985,58025
"2025-10-10 20:00:00",65808,58285
"2025-10-10 21:00:00",69388,58757
"2025-10-10 22:00:00",55712,58304
"2025-10-10 23:00:00",54809,58456
"2025-10-11 00:00:00",54444,58417
"2025-10-11 01:00:00",54787,58407
"2025-10-11 02:00:00",55004,58374
"2025-10-11 03:00:00",54685,58358
"2025-10-11 04:00:00",53297,58381
"2025-10-11 05:00:00",51388,58394
"2025-10-11 06:00:00",49062,58376
"2025-10-11 07:00:00",49910,58475
"2025-10-11 08:00:00",51421,58730
"2025-10-11 09:00:00",51779,58929
"2025-10-11 10:00:00",54898,59327
"2025-10-11 11:00:00",57424,59677
"2025-10-11 12:00:00",62781,59918
"2025-10-11 13:00:00",64228,60107
"2025-10-11 14:00:00",65815,60264
"2025-10-11 15:00:00",66707,60375
"2025-10-11 16:00:00",66780,60449
"2025-10-11 17:00:00",80748,60901
"2025-10-11 18:00:00",83683,61251
"2025-10-11 19:00:00",83814,61543
"2025-10-11 20:00:00",82862,62031
"2025-10-11 21:00:00",65615,61853
"2025-10-11 22:00:00",74166,62325
"2025-10-11 23:00:00",56809,62168
"2025-10-12 00:00:00",55386,62154
"2025-10-12 01:00:00",55488,62169
"2025-10-12 02:00:00",56282,62197
"2025-10-12 03:00:00",56048,62371
"2025-10-12 04:00:00",54799,62369
"2025-10-12 05:00:00",52070,62337
"2025-10-12 06:00:00",50304,62325
"2025-10-12 07:00:00",51559,62327
"2025-10-12 08:00:00",53233,62293
"2025-10-12 09:00:00",69827,62721
"2025-10-12 10:00:00",71516,62945
"2025-10-12 11:00:00",60236,62913
"2025-10-12 12:00:00",61879,62897
"2025-10-12 13:00:00",62992,62720
"2025-10-12 14:00:00",64518,62560
"2025-10-12 15:00:00",65230,62410
"2025-10-12 16:00:00",66202,62308
"2025-10-12 17:00:00",68405,61860
"2025-10-12 18:00:00",81970,61743
"2025-10-12 19:00:00",83091,61669
"2025-10-12 20:00:00",77616,61460
"2025-10-12 21:00:00",59923,61100
"2025-10-12 22:00:00",56475,60525
"2025-10-12 23:00:00",53348,60377
"2025-10-13 00:00:00",54910,60341
"2025-10-13 01:00:00",54592,60282
"2025-10-13 02:00:00",67430,60601
"2025-10-13 03:00:00",52109,60310
"2025-10-13 04:00:00",50387,60320
"2025-10-13 05:00:00",47835,60170
"2025-10-13 06:00:00",46184,60027
"2025-10-13 07:00:00",43880,59758
"2025-10-13 08:00:00",43146,59430
"2025-10-13 09:00:00",45590,58663
"2025-10-13 10:00:00",60850,58318
"2025-10-13 11:00:00",60731,58187
"2025-10-13 12:00:00",49010,57658
"2025-10-13 13:00:00",51769,57322
"2025-10-13 14:00:00",54493,57014
"2025-10-13 15:00:00",56990,56749
"2025-10-13 16:00:00",59060,56508
"2025-10-13 17:00:00",61835,56283
"2025-10-13 18:00:00",76503,56070
"2025-10-13 19:00:00",78015,55740
"2025-10-13 20:00:00",59832,55112
"2025-10-13 21:00:00",56371,55112
"2025-10-13 22:00:00",51851,54950
"2025-10-13 23:00:00",41409,54865
"2025-10-13 23:10:00",44798,
"2025-10-13 23:20:00",46985,
"2025-10-13 23:30:00",48829,
"2025-10-13 23:40:00",50123,
"2025-10-13 23:50:00",50551,
"2025-10-14 00:00:00",50644,54710
"2025-10-14 00:10:00",50266,
"2025-10-14 00:20:00",50317,
"2025-10-14 00:30:00",50488,
"2025-10-14 00:40:00",51053,
"2025-10-14 00:50:00",51182,
"2025-10-14 01:00:00",51249,54571
"2025-10-14 01:10:00",50899,
"2025-10-14 01:20:00",50931,
"2025-10-14 01:30:00",51082,
"2025-10-14 01:40:00",50818,
"2025-10-14 01:50:00",50837,
"2025-10-14 02:00:00",50597,53996
"2025-10-14 02:10:00",50325,
"2025-10-14 02:20:00",50108,
"2025-10-14 02:30:00",50078,
"2025-10-14 02:40:00",49700,
"2025-10-14 02:50:00",49614,
"2025-10-14 03:00:00",49690,54381
"2025-10-14 03:10:00",64700,
"2025-10-14 03:20:00",65118,
"2025-10-14 03:30:00",48683,
"2025-10-14 03:40:00",48319,
"2025-10-14 03:50:00",48078,
"2025-10-14 04:00:00",47797,54112
"2025-10-14 04:10:00",46900,
"2025-10-14 04:20:00",46721,
"2025-10-14 04:30:00",46734,
"2025-10-14 04:40:00",46386,
"2025-10-14 04:50:00",46090,
"2025-10-14 05:00:00",45580,53979
"2025-10-14 05:10:00",45339,
"2025-10-14 05:20:00",45019,
"2025-10-14 05:30:00",44646,
"2025-10-14 05:40:00",44045,
"2025-10-14 05:50:00",43873,
"2025-10-14 06:00:00",42574,53796
"2025-10-14 06:10:00",42253,
"2025-10-14 06:20:00",42080,
"2025-10-14 06:30:00",41848,
"2025-10-14 06:40:00",41873,
"2025-10-14 06:50:00",41857,
"2025-10-14 07:00:00",41835,53644
"2025-10-14 07:10:00",40801,
"2025-10-14 07:20:00",40765,
"2025-10-14 07:30:00",40426,
"2025-10-14 07:40:00",40460,
"2025-10-14 07:50:00",40600,
"2025-10-14 08:00:00",40834,53504
"2025-10-14 08:10:00",41156,
"2025-10-14 08:20:00",41128,
"2025-10-14 08:30:00",41482,
"2025-10-14 08:40:00",41573,
"2025-10-14 08:50:00",41812,
"2025-10-14 09:00:00",42138,53346
"2025-10-14 09:10:00",42457,
"2025-10-14 09:20:00",42741,
"2025-10-14 09:30:00",41431,
"2025-10-14 09:40:00",43611,
"2025-10-14 09:50:00",43917,
"2025-10-14 10:00:00",44084,52736
"2025-10-14 10:10:00",44231,
"2025-10-14 10:20:00",44574,
"2025-10-14 10:30:00",45371,
"2025-10-14 10:40:00",45601,
"2025-10-14 10:50:00",45786,
"2025-10-14 11:00:00",46283,52201
"2025-10-14 11:10:00",46855,
"2025-10-14 11:20:00",47037,
"2025-10-14 11:30:00",47269,
"2025-10-14 11:40:00",47453,
"2025-10-14 11:50:00",47769,
"2025-10-14 12:00:00",48135,52127
"2025-10-14 12:10:00",48618,
"2025-10-14 12:20:00",48863,
"2025-10-14 12:30:00",48462,
"2025-10-14 12:40:00",49759,
"2025-10-14 12:50:00",50249,
"2025-10-14 13:00:00",50536,52012
"2025-10-14 13:10:00",50739,
"2025-10-14 13:20:00",50682,
"2025-10-14 13:30:00",51352,
"2025-10-14 13:40:00",51772,
"2025-10-14 13:50:00",52051,
"2025-10-14 14:00:00",51336,51859
"2025-10-14 14:10:00",52210,
"2025-10-14 14:20:00",52490,
"2025-10-14 14:30:00",52728,
"2025-10-14 14:40:00",53300,
"2025-10-14 14:50:00",53528,
"2025-10-14 15:00:00",53929,51678
"2025-10-14 15:10:00",54044,
"2025-10-14 15:20:00",53967,
"2025-10-14 15:30:00",54195,
"2025-10-14 15:40:00",54737,
"2025-10-14 15:50:00",54976,
"2025-10-14 16:00:00",55021,51495
"2025-10-14 16:10:00",54980,
"2025-10-14 16:20:00",55733,
"2025-10-14 16:30:00",56123,
"2025-10-14 16:40:00",56555,
"2025-10-14 16:50:00",56838,
"2025-10-14 17:00:00",56547,51234
"2025-10-14 17:10:00",56884,
"2025-10-14 17:20:00",56535,
"2025-10-14 17:30:00",56847,
"2025-10-14 17:40:00",57092,
"2025-10-14 17:50:00",57372,
"2025-10-14 18:00:00",57668,50535
"2025-10-14 18:10:00",58279,
"2025-10-14 18:20:00",58192,
"2025-10-14 18:30:00",58094,
"2025-10-14 18:40:00",58602,
"2025-10-14 18:50:00",58639,
"2025-10-14 19:00:00",67064,50329
"2025-10-14 19:10:00",71405,
"2025-10-14 19:20:00",61131,
"2025-10-14 19:30:00",57741,
"2025-10-14 19:40:00",57395,
"2025-10-14 19:50:00",56992,
"2025-10-14 20:00:00",56402,50488
"2025-10-14 20:10:00",71154,
"2025-10-14 20:20:00",69719,
"2025-10-14 20:30:00",55478,
"2025-10-14 20:40:00",54984,
"2025-10-14 20:50:00",54601,
"2025-10-14 21:00:00",54510,50198
"2025-10-14 21:10:00",53987,
"2025-10-14 21:20:00",53844,
"2025-10-14 21:30:00",53773,
"2025-10-14 21:40:00",53147,
"2025-10-14 21:50:00",53077,
"2025-10-14 22:00:00",51920,50077
"2025-10-14 22:10:00",25945,
"2025-10-14 22:20:00",33515,
"2025-10-14 22:30:00",36273,
"2025-10-14 22:40:00",39300,
"2025-10-14 22:50:00",39983,
"2025-10-14 23:00:00",40845,49809
"2025-10-14 23:10:00",45397,
"2025-10-14 23:20:00",45137,
"2025-10-14 23:30:00",45084,
"2025-10-14 23:40:00",45547,
"2025-10-14 23:50:00",46362,
"2025-10-15 00:00:00",46787,49592
"2025-10-15 00:10:00",46301,
"2025-10-15 00:20:00",46434,
"2025-10-15 00:30:00",46682,
"2025-10-15 00:40:00",47304,
"2025-10-15 00:50:00",47364,
"2025-10-15 01:00:00",47562,49390
"2025-10-15 01:10:00",47144,
"2025-10-15 01:20:00",46895,
"2025-10-15 01:30:00",46908,
"2025-10-15 01:40:00",46875,
"2025-10-15 01:50:00",46461,
"2025-10-15 02:00:00",46318,49167
"2025-10-15 02:10:00",45898,
"2025-10-15 02:20:00",45537,
"2025-10-15 02:30:00",45139,
"2025-10-15 02:40:00",44695,
"2025-10-15 02:50:00",44498,
"2025-10-15 03:00:00",44441,48399
"2025-10-15 03:10:00",43815,
"2025-10-15 03:20:00",42985,
"2025-10-15 03:30:00",42138,
"2025-10-15 03:40:00",41561,
"2025-10-15 03:50:00",41100,
"2025-10-15 04:00:00",40645,48101
"2025-10-15 04:10:00",39997,
"2025-10-15 04:20:00",39628,
"2025-10-15 04:30:00",39379,
"2025-10-15 04:40:00",38869,
"2025-10-15 04:50:00",38525,
"2025-10-15 05:00:00",37772,47809
"2025-10-15 05:10:00",36806,
"2025-10-15 05:20:00",36207,
"2025-10-15 05:30:00",35576,
"2025-10-15 05:40:00",34664,
"2025-10-15 05:50:00",33891,
"2025-10-15 06:00:00",32482,47459
"2025-10-15 06:10:00",31833,
"2025-10-15 06:20:00",31219,
"2025-10-15 06:30:00",30969,
"2025-10-15 06:40:00",30842,
"2025-10-15 06:50:00",30662,
"2025-10-15 07:00:00",30330,47082
"2025-10-15 07:10:00",29883,
"2025-10-15 07:20:00",29674,
"2025-10-15 07:30:00",29577,
"2025-10-15 07:40:00",29633,
"2025-10-15 07:50:00",29365,
"2025-10-15 08:00:00",29240,46677
"2025-10-15 08:10:00",28711,
"2025-10-15 08:20:00",29215,
"2025-10-15 08:30:00",29300,
"2025-10-15 08:40:00",29281,
"2025-10-15 08:50:00",29410,
"2025-10-15 09:00:00",29260,46223
"2025-10-15 09:10:00",28960,
"2025-10-15 09:20:00",29142,
"2025-10-15 09:30:00",29712,
"2025-10-15 09:40:00",29922,
"2025-10-15 09:50:00",29967,
"2025-10-15 10:00:00",30090,45818
"2025-10-15 10:10:00",30282,
"2025-10-15 10:20:00",30669,
"2025-10-15 10:30:00",30782,
"2025-10-15 10:40:00",32212,
"2025-10-15 10:50:00",32520,
"2025-10-15 11:00:00",33160,45420
"2025-10-15 11:10:00",33472,
"2025-10-15 11:20:00",33690,
"2025-10-15 11:30:00",33234,
"2025-10-15 11:40:00",31067,
"2025-10-15 11:50:00",33774,
"2025-10-15 12:00:00",33794,45011
"2025-10-15 12:10:00",34039,
"2025-10-15 12:20:00",34532,
"2025-10-15 12:30:00",34941,
"2025-10-15 12:40:00",34824,
"2025-10-15 12:50:00",34872,
"2025-10-15 13:00:00",34819,44640
"2025-10-15 13:10:00",35654,
"2025-10-15 13:20:00",36038,
"2025-10-15 13:30:00",36258,
"2025-10-15 13:40:00",36782,
"2025-10-15 13:50:00",36968,
"2025-10-15 14:00:00",36328,44292
"2025-10-15 14:10:00",37879,
"2025-10-15 14:20:00",38116,
"2025-10-15 14:30:00",38378,
"2025-10-15 14:40:00",38819,
"2025-10-15 14:50:00",39049,
"2025-10-15 15:00:00",39360,43946
"2025-10-15 15:10:00",39433,
"2025-10-15 15:20:00",39544,
"2025-10-15 15:30:00",40123,
"2025-10-15 15:40:00",40517,
"2025-10-15 15:50:00",40816,
"2025-10-15 16:00:00",39812,43575
"2025-10-15 16:10:00",40237,
"2025-10-15 16:20:00",41009,
"2025-10-15 16:30:00",41576,
"2025-10-15 16:40:00",42079,
"2025-10-15 16:50:00",42173,
"2025-10-15 17:00:00",42718,43229
"2025-10-15 17:10:00",42496,
"2025-10-15 17:20:00",42736,
"2025-10-15 17:30:00",42976,
"2025-10-15 17:40:00",43196,
"2025-10-15 17:50:00",43404,
"2025-10-15 18:00:00",43452,43378
"2025-10-15 18:10:00",54498,
"2025-10-15 18:20:00",58991,
"2025-10-15 18:30:00",49240,
"2025-10-15 18:40:00",43662,
"2025-10-15 18:50:00",43536,
"2025-10-15 19:00:00",43536,42442
"2025-10-15 19:10:00",43281,
"2025-10-15 19:20:00",43042,
"2025-10-15 19:30:00",43034,
"2025-10-15 19:40:00",42676,
"2025-10-15 19:50:00",42207,
"2025-10-15 20:00:00",41867,41549
"2025-10-15 20:10:00",41237,
"2025-10-15 20:20:00",40909,
"2025-10-15 20:30:00",38176,
"2025-10-15 20:40:00",37623,
"2025-10-15 20:50:00",34697,
"2025-10-15 21:00:00",37572,41088
"2025-10-15 21:10:00",37024,
"2025-10-15 21:20:00",36768,
"2025-10-15 21:30:00",36033,
"2025-10-15 21:40:00",35778,
"2025-10-15 21:50:00",35538,
"2025-10-15 22:00:00",34185,40606
"2025-10-15 22:10:00",33432,
"2025-10-15 22:20:00",33352,
"2025-10-15 22:30:00",33588,
"2025-10-15 22:40:00",33363,
"2025-10-15 22:50:00",33122,
"2025-10-15 23:00:00",32665,40287
"2025-10-15 23:10:00",32866,
"2025-10-15 23:20:00",32880,
"2025-10-15 23:30:00",33346,
"2025-10-15 23:40:00",32406,
"2025-10-15 23:50:00",33205,
"2025-10-16 00:00:00",33377,39975
"2025-10-16 00:10:00",33753,
"2025-10-16 00:20:00",34113,
"2025-10-16 00:30:00",34415,
"2025-10-16 00:40:00",35318,
"2025-10-16 00:50:00",35404,
"2025-10-16 01:00:00",35452,39640
"2025-10-16 01:10:00",33337,
"2025-10-16 01:20:00",33020,
"2025-10-16 01:30:00",33760,
"2025-10-16 01:40:00",34380,
"2025-10-16 01:50:00",34629,
"2025-10-16 02:00:00",34655,39330
"2025-10-16 02:10:00",34803,
"2025-10-16 02:20:00",34713,
"2025-10-16 02:30:00",34741,
"2025-10-16 02:40:00",34780,
"2025-10-16 02:50:00",35093,
"2025-10-16 03:00:00",35056,39084
"2025-10-16 03:10:00",34690,
"2025-10-16 03:20:00",34441,
"2025-10-16 03:30:00",33942,
"2025-10-16 03:40:00",34336,
"2025-10-16 03:50:00",34264,
"2025-10-16 04:00:00",34492,38960
"2025-10-16 04:10:00",34651,
"2025-10-16 04:20:00",34799,
"2025-10-16 04:30:00",34647,
"2025-10-16 04:40:00",34466,
"2025-10-16 04:50:00",34608,
"2025-10-16 05:00:00",34528,38918
"2025-10-16 05:10:00",34227,
"2025-10-16 05:20:00",33816,
"2025-10-16 05:30:00",33635,
"2025-10-16 05:40:00",33259,
"2025-10-16 05:50:00",33332,
"2025-10-16 06:00:00",32073,38955
"2025-10-16 06:10:00",31825,
"2025-10-16 06:20:00",31656,
"2025-10-16 06:30:00",31599,
"2025-10-16 06:40:00",31277,
"2025-10-16 06:50:00",30812,
"2025-10-16 07:00:00",30400,39016
"2025-10-16 07:10:00",29672,
"2025-10-16 07:20:00",30195,
"2025-10-16 07:30:00",30160,
"2025-10-16 07:40:00",30224,
"2025-10-16 07:50:00",29997,
"2025-10-16 08:00:00",29961,39108
"2025-10-16 08:10:00",29665,
"2025-10-16 08:20:00",29696,
"2025-10-16 08:30:00",29785,
"2025-10-16 08:40:00",29791,
"2025-10-16 08:50:00",30100,
"2025-10-16 09:00:00",30146,39331
"2025-10-16 09:10:00",30511,
"2025-10-16 09:20:00",31051,
"2025-10-16 09:30:00",31613,
"2025-10-16 09:40:00",33359,
"2025-10-16 09:50:00",34370,
"2025-10-16 10:00:00",35501,39683
"2025-10-16 10:10:00",37036,
"2025-10-16 10:20:00",38821,
"2025-10-16 10:30:00",40168,
"2025-10-16 10:40:00",41252,
"2025-10-16 10:50:00",41558,
"2025-10-16 11:00:00",42123,40174
"2025-10-16 11:10:00",42905,
"2025-10-16 11:20:00",44047,
"2025-10-16 11:30:00",44895,
"2025-10-16 11:40:00",46179,
"2025-10-16 11:50:00",47576,
"2025-10-16 12:00:00",48876,40817
"2025-10-16 12:10:00",50126,
"2025-10-16 12:20:00",50901,
"2025-10-16 12:30:00",51811,
"2025-10-16 12:40:00",52683,
"2025-10-16 12:50:00",53381,
"2025-10-16 13:00:00",53569,41473
"2025-10-16 13:10:00",53989,
"2025-10-16 13:20:00",54504,
"2025-10-16 13:30:00",55327,
"2025-10-16 13:40:00",55956,
"2025-10-16 13:50:00",56237,
"2025-10-16 14:00:00",55603,42104
"2025-10-16 14:10:00",55883,
"2025-10-16 14:20:00",56344,
"2025-10-16 14:30:00",56687,
"2025-10-16 14:40:00",57182,
"2025-10-16 14:50:00",57608,
"2025-10-16 15:00:00",57804,42714
"2025-10-16 15:10:00",57991,
"2025-10-16 15:20:00",58189,
"2025-10-16 15:30:00",57937,
"2025-10-16 15:40:00",58733,
"2025-10-16 15:50:00",58893,
"2025-10-16 16:00:00",59135,43350
"2025-10-16 16:10:00",59410,
"2025-10-16 16:20:00",59625,
"2025-10-16 16:30:00",60179,
"2025-10-16 16:40:00",60772,
"2025-10-16 16:50:00",60898,
"2025-10-16 17:00:00",61058,43995
"2025-10-16 17:10:00",61482,
"2025-10-16 17:20:00",61755,
"2025-10-16 17:30:00",62173,
"2025-10-16 17:40:00",62343,
"2025-10-16 17:50:00",62488,
"2025-10-16 18:00:00",62862,44107
"2025-10-16 18:10:00",63062,
"2025-10-16 18:20:00",62776,
"2025-10-16 18:30:00",62892,
"2025-10-16 18:40:00",62446,
"2025-10-16 18:50:00",61569,
"2025-10-16 19:00:00",61480,44726
"2025-10-16 19:10:00",61354,
"2025-10-16 19:20:00",61463,
"2025-10-16 19:30:00",61536,
"2025-10-16 19:40:00",61513,
"2025-10-16 19:50:00",61246,
"2025-10-16 20:00:00",60889,45395
"2025-10-16 20:10:00",60448,
"2025-10-16 20:20:00",59859,
"2025-10-16 20:30:00",59130,
"2025-10-16 20:40:00",56536,
"2025-10-16 20:50:00",58195,
"2025-10-16 21:00:00",58313,46124
"2025-10-16 21:10:00",57712,
"2025-10-16 21:20:00",57779,
"2025-10-16 21:30:00",57461,
"2025-10-16 21:40:00",57455,
"2025-10-16 21:50:00",57263,
"2025-10-16 22:00:00",55130,46865
"2025-10-16 22:10:00",55017,
"2025-10-16 22:20:00",55173,
"2025-10-16 22:30:00",55111,
"2025-10-16 22:40:00",54772,
"2025-10-16 22:50:00",54529,
"2025-10-16 23:00:00",50084,47471
"2025-10-16 23:10:00",50035,
"2025-10-16 23:20:00",50252,
"2025-10-16 23:30:00",50380,
"2025-10-16 23:40:00",50470,
"2025-10-16 23:50:00",50469,
"2025-10-17 00:00:00",50519,48022
"2025-10-17 00:10:00",49845,
"2025-10-17 00:20:00",49854,
"2025-10-17 00:30:00",48344,
"2025-10-17 00:40:00",48460,
"2025-10-17 00:50:00",48752,
"2025-10-17 01:00:00",48894,48549
"2025-10-17 01:10:00",48971,
"2025-10-17 01:20:00",49750,
"2025-10-17 01:30:00",49952,
"2025-10-17 01:40:00",49920,
"2025-10-17 01:50:00",49953,
"2025-10-17 02:00:00",49996,49107
"2025-10-17 02:10:00",50031,
"2025-10-17 02:20:00",49875,
"2025-10-17 02:30:00",49948,
"2025-10-17 02:40:00",49973,
"2025-10-17 02:50:00",49897,
"2025-10-17 03:00:00",49979,49675
"2025-10-17 03:10:00",49572,
"2025-10-17 03:20:00",49414,
"2025-10-17 03:30:00",49195,
"2025-10-17 03:40:00",49065,
"2025-10-17 03:50:00",48830,
"2025-10-17 04:00:00",48537,50201
"2025-10-17 04:10:00",47739,
"2025-10-17 04:20:00",47661,
"2025-10-17 04:30:00",47488,
"2025-10-17 04:40:00",46565,
"2025-10-17 04:50:00",45870,
"2025-10-17 05:00:00",45278,50628
"2025-10-17 05:10:00",44976,
"2025-10-17 05:20:00",45164,
"2025-10-17 05:30:00",45370,
"2025-10-17 05:40:00",45215,
"2025-10-17 05:50:00",45231,
"2025-10-17 06:00:00",44159,51106
"2025-10-17 06:10:00",44112,
"2025-10-17 06:20:00",44006,
"2025-10-17 06:30:00",43995,
"2025-10-17 06:40:00",43941,
"2025-10-17 06:50:00",43957,
"2025-10-17 07:00:00",43987,51635
"2025-10-17 07:10:00",44018,
"2025-10-17 07:20:00",44105,
"2025-10-17 07:30:00",44181,
"2025-10-17 07:40:00",44168,
"2025-10-17 07:50:00",44053,
"2025-10-17 08:00:00",43872,52170
"2025-10-17 08:10:00",43465,
"2025-10-17 08:20:00",43650,
"2025-10-17 08:30:00",43954,
"2025-10-17 08:40:00",43973,
"2025-10-17 08:50:00",41924,
"2025-10-17 09:00:00",41704,52506
"2025-10-17 09:10:00",42063,
"2025-10-17 09:20:00",42137,
"2025-10-17 09:30:00",42252,
"2025-10-17 09:40:00",42717,
"2025-10-17 09:50:00",42668,
"2025-10-17 10:00:00",43157,52663
"2025-10-17 10:10:00",43466,
"2025-10-17 10:20:00",43890,
"2025-10-17 10:30:00",44531,
"2025-10-17 10:40:00",44852,
"2025-10-17 10:50:00",43792,
"2025-10-17 11:00:00",45618,52731
"2025-10-17 11:10:00",46756,
"2025-10-17 11:20:00",47122,
"2025-10-17 11:30:00",47372,
"2025-10-17 11:40:00",47795,
"2025-10-17 11:50:00",48518,
"2025-10-17 12:00:00",49107,52683
"2025-10-17 12:10:00",49640,
"2025-10-17 12:20:00",49905,
"2025-10-17 12:30:00",50457,
"2025-10-17 12:40:00",51185,
"2025-10-17 12:50:00",51270,
"2025-10-17 13:00:00",51300,52622
"2025-10-17 13:10:00",51243,
"2025-10-17 13:20:00",51751,
"2025-10-17 13:30:00",52729,
"2025-10-17 13:40:00",53720,
"2025-10-17 13:50:00",53537,
"2025-10-17 14:00:00",52447,52533
"2025-10-17 14:10:00",52619,
"2025-10-17 14:20:00",53581,
"2025-10-17 14:30:00",54081,
"2025-10-17 14:40:00",53882,
"2025-10-17 14:50:00",54067,
"2025-10-17 15:00:00",54172,52449
"2025-10-17 15:10:00",53921,
"2025-10-17 15:20:00",52842,
"2025-10-17 15:30:00",53053,
"2025-10-17 15:40:00",54758,
"2025-10-17 15:50:00",55411,
"2025-10-17 16:00:00",55793,52323
"2025-10-17 16:10:00",55538,
"2025-10-17 16:20:00",55812,
"2025-10-17 16:30:00",56026,
"2025-10-17 16:40:00",56198,
"2025-10-17 16:50:00",56380,
"2025-10-17 17:00:00",56953,52220
"2025-10-17 17:10:00",57726,
"2025-10-17 17:20:00",58199,
"2025-10-17 17:30:00",58612,
"2025-10-17 17:40:00",58500,
"2025-10-17 17:50:00",57194,
"2025-10-17 18:00:00",58263,52131
"2025-10-17 18:10:00",59038,
"2025-10-17 18:20:00",59153,
"2025-10-17 18:30:00",60010,
"2025-10-17 18:40:00",59857,
"2025-10-17 18:50:00",59558,
"2025-10-17 19:00:00",59571,52105
"2025-10-17 19:10:00",59532,
"2025-10-17 19:20:00",60249,
"2025-10-17 19:30:00",60108,
"2025-10-17 19:40:00",59839,
"2025-10-17 19:50:00",59434,
"2025-10-17 20:00:00",58946,52055
"2025-10-17 20:10:00",58974,
"2025-10-17 20:20:00",58605,
"2025-10-17 20:30:00",58359,
"2025-10-17 20:40:00",58185,
"2025-10-17 20:50:00",55540,
"2025-10-17 21:00:00",56566,52010
"2025-10-17 21:10:00",56596,
"2025-10-17 21:20:00",55512,
"2025-10-17 21:30:00",55454,
"2025-10-17 21:40:00",55186,
"2025-10-17 21:50:00",54918,
"2025-10-17 22:00:00",53706,52038
"2025-10-17 22:10:00",52174,
"2025-10-17 22:20:00",52349,
"2025-10-17 22:30:00",52409,
"2025-10-17 22:40:00",52245,
"2025-10-17 22:50:00",51597,
"2025-10-17 23:00:00",51799,52117
"2025-10-17 23:10:00",52106,
"2025-10-17 23:20:00",51902,
"2025-10-17 23:30:00",51411,
"2025-10-17 23:40:00",51441,
"2025-10-17 23:50:00",51442,
"2025-10-18 00:00:00",51477,52168
"2025-10-18 00:10:00",51226,
"2025-10-18 00:20:00",50726,
"2025-10-18 00:30:00",51200,
"2025-10-18 00:40:00",51026,
"2025-10-18 00:50:00",51075,
"2025-10-18 01:00:00",51017,52315
"2025-10-18 01:10:00",51772,
"2025-10-18 01:20:00",52237,
"2025-10-18 01:30:00",52602,
"2025-10-18 01:40:00",53365,
"2025-10-18 01:50:00",53464,
"2025-10-18 02:00:00",54068,52523
"2025-10-18 02:10:00",54546,
"2025-10-18 02:20:00",54603,
"2025-10-18 02:30:00",54664,
"2025-10-18 02:40:00",54855,
"2025-10-18 02:50:00",55351,
"2025-10-18 03:00:00",55350,52728
"2025-10-18 03:10:00",55347,
"2025-10-18 03:20:00",54995,
"2025-10-18 03:30:00",55288,
"2025-10-18 03:40:00",55343,
"2025-10-18 03:50:00",55338,
"2025-10-18 04:00:00",55104,52978
"2025-10-18 04:10:00",54039,
"2025-10-18 04:20:00",54251,
"2025-10-18 04:30:00",54098,
"2025-10-18 04:40:00",53736,
"2025-10-18 04:50:00",53203,
"2025-10-18 05:00:00",52912,53255
"2025-10-18 05:10:00",52371,
"2025-10-18 05:20:00",52047,
"2025-10-18 05:30:00",51620,
"2025-10-18 05:40:00",51444,
"2025-10-18 05:50:00",50258,
"2025-10-18 06:00:00",49076,53440
"2025-10-18 06:10:00",49091,
"2025-10-18 06:20:00",48752,
"2025-10-18 06:30:00",49125,
"2025-10-18 06:40:00",49211,
"2025-10-18 06:50:00",49280,
"2025-10-18 07:00:00",49278,53652
"2025-10-18 07:10:00",49373,
"2025-10-18 07:20:00",49528,
"2025-10-18 07:30:00",49679,
"2025-10-18 07:40:00",49826,
"2025-10-18 07:50:00",49607,
"2025-10-18 08:00:00",50103,53878
"2025-10-18 08:10:00",49749,
"2025-10-18 08:20:00",49887,
"2025-10-18 08:30:00",49409,
"2025-10-18 08:40:00",49975,
"2025-10-18 08:50:00",50115,
"2025-10-18 09:00:00",49543,54163
"2025-10-18 09:10:00",49611,
"2025-10-18 09:20:00",49253,
"2025-10-18 09:30:00",49751,
"2025-10-18 09:40:00",50157,
"2025-10-18 09:50:00",50327,
"2025-10-18 10:00:00",50648,54443
"2025-10-18 10:10:00",51401,
"2025-10-18 10:20:00",51450,
"2025-10-18 10:30:00",51872,
"2025-10-18 10:40:00",52179,
"2025-10-18 10:50:00",52171,
"2025-10-18 11:00:00",52717,54701
"2025-10-18 11:10:00",53507,
"2025-10-18 11:20:00",54032,
"2025-10-18 11:30:00",54564,
"2025-10-18 11:40:00",54978,
"2025-10-18 11:50:00",55294,
"2025-10-18 12:00:00",55750,54986
"2025-10-18 12:10:00",56429,
"2025-10-18 12:20:00",56554,
"2025-10-18 12:30:00",57492,
"2025-10-18 12:40:00",58574,
"2025-10-18 12:50:00",58839,
"2025-10-18 13:00:00",59166,55348
"2025-10-18 13:10:00",60029,
"2025-10-18 13:20:00",62273,
"2025-10-18 13:30:00",62970,
"2025-10-18 13:40:00",63430,
"2025-10-18 13:50:00",63096,
"2025-10-18 14:00:00",62435,55735
"2025-10-18 14:10:00",63228,
"2025-10-18 14:20:00",63618,
"2025-10-18 14:30:00",63921,
"2025-10-18 14:40:00",64226,
"2025-10-18 14:50:00",64691,
"2025-10-18 15:00:00",65221,56117
"2025-10-18 15:10:00",65538,
"2025-10-18 15:20:00",64959,
"2025-10-18 15:30:00",64926,
"2025-10-18 15:40:00",65623,
"2025-10-18 15:50:00",65892,
"2025-10-18 16:00:00",66052,56501
"2025-10-18 16:10:00",65431,
"2025-10-18 16:20:00",66467,
"2025-10-18 16:30:00",66884,
"2025-10-18 16:40:00",64770,
"2025-10-18 16:50:00",64311,
"2025-10-18 17:00:00",64771,56763
"2025-10-18 17:10:00",65123,
"2025-10-18 17:20:00",65164,
"2025-10-18 17:30:00",65148,
"2025-10-18 17:40:00",65224,
"2025-10-18 17:50:00",65820,
"2025-10-18 18:00:00",66535,57012
"2025-10-18 18:10:00",66662,
"2025-10-18 18:20:00",64636,
"2025-10-18 18:30:00",65193,
"2025-10-18 18:40:00",66128,
"2025-10-18 18:50:00",66213,
"2025-10-18 19:00:00",66404,57263
"2025-10-18 19:10:00",66457,
"2025-10-18 19:20:00",66789,
"2025-10-18 19:30:00",66811,
"2025-10-18 19:40:00",66931,
"2025-10-18 19:50:00",65573,
"2025-10-18 20:00:00",65359,57502
"2025-10-18 20:10:00",65299,
"2025-10-18 20:20:00",65171,
"2025-10-18 20:30:00",64798,
"2025-10-18 20:40:00",63460,
"2025-10-18 20:50:00",63273,
"2025-10-18 21:00:00",78696,58350
"2025-10-18 21:10:00",78614,
"2025-10-18 21:20:00",61919,
"2025-10-18 21:30:00",62049,
"2025-10-18 21:40:00",61925,
"2025-10-18 21:50:00",61692,
"2025-10-18 22:00:00",60250,58557
"2025-10-18 22:10:00",59423,
"2025-10-18 22:20:00",59550,
"2025-10-18 22:30:00",59411,
"2025-10-18 22:40:00",59167,
"2025-10-18 22:50:00",58232,
"2025-10-18 23:00:00",58187,58784
"2025-10-18 23:10:00",58037,
"2025-10-18 23:20:00",57888,
"2025-10-18 23:30:00",57653,
"2025-10-18 23:40:00",57041,
"2025-10-18 23:50:00",57211,
"2025-10-19 00:00:00",57175,59015
"2025-10-19 00:10:00",56810,
"2025-10-19 00:20:00",56305,
"2025-10-19 00:30:00",56942,
"2025-10-19 00:40:00",57642,
"2025-10-19 00:50:00",57365,
"2025-10-19 01:00:00",57283,59184
"2025-10-19 01:10:00",57166,
"2025-10-19 01:20:00",57783,
"2025-10-19 01:30:00",57925,
"2025-10-19 01:40:00",57931,
"2025-10-19 01:50:00",57404,
"2025-10-19 02:00:00",57551,59294
"2025-10-19 02:10:00",58083,
"2025-10-19 02:20:00",58202,
"2025-10-19 02:30:00",58311,
"2025-10-19 02:40:00",57637,
"2025-10-19 02:50:00",58166,
"2025-10-19 03:00:00",58355,59408
"2025-10-19 03:10:00",58485,
"2025-10-19 03:20:00",57677,
"2025-10-19 03:30:00",57936,
"2025-10-19 03:40:00",55762,
"2025-10-19 03:50:00",55628,
"2025-10-19 04:00:00",55128,59394
"2025-10-19 04:10:00",54340,
"2025-10-19 04:20:00",54418,
"2025-10-19 04:30:00",54312,
"2025-10-19 04:40:00",53601,
"2025-10-19 04:50:00",52767,
"2025-10-19 05:00:00",52927,59383
"2025-10-19 05:10:00",52803,
"2025-10-19 05:20:00",52906,
"2025-10-19 05:30:00",52758,
"2025-10-19 05:40:00",52201,
"2025-10-19 05:50:00",52291,
"2025-10-19 06:00:00",51120,59445
"2025-10-19 06:10:00",51128,
"2025-10-19 06:20:00",50431,
"2025-10-19 06:30:00",50823,
"2025-10-19 06:40:00",50556,
"2025-10-19 06:50:00",50097,
"2025-10-19 07:00:00",49647,59436
"2025-10-19 07:10:00",49181,
"2025-10-19 07:20:00",49503,
"2025-10-19 07:30:00",49628,
"2025-10-19 07:40:00",49892,
"2025-10-19 07:50:00",49305,
"2025-10-19 08:00:00",49934,59473
"2025-10-19 08:10:00",49842,
"2025-10-19 08:20:00",50116,
"2025-10-19 08:30:00",50328,
"2025-10-19 08:40:00",50658,
"2025-10-19 08:50:00",51222,
"2025-10-19 09:00:00",51355,59558
"2025-10-19 09:10:00",51787,
"2025-10-19 09:20:00",51225,
"2025-10-19 09:30:00",51541,
"2025-10-19 09:40:00",52256,
"2025-10-19 09:50:00",52520,
"2025-10-19 10:00:00",52786,59629
"2025-10-19 10:10:00",52923,
"2025-10-19 10:20:00",53544,
"2025-10-19 10:30:00",53871,
"2025-10-19 10:40:00",54108,
"2025-10-19 10:50:00",53895,
"2025-10-19 11:00:00",54486,59656
"2025-10-19 11:10:00",55042,
"2025-10-19 11:20:00",55086,
"2025-10-19 11:30:00",55216,
"2025-10-19 11:40:00",55419,
"2025-10-19 11:50:00",56136,
"2025-10-19 12:00:00",56386,59608
"2025-10-19 12:10:00",56530,
"2025-10-19 12:20:00",55975,
"2025-10-19 12:30:00",56575,
"2025-10-19 12:40:00",57536,
"2025-10-19 12:50:00",57770,
"2025-10-19 13:00:00",57900,59430
"2025-10-19 13:10:00",57881,
"2025-10-19 13:20:00",58671,
"2025-10-19 13:30:00",58809,
"2025-10-19 13:40:00",59072,
"2025-10-19 13:50:00",58963,
"2025-10-19 14:00:00",58493,59237
"2025-10-19 14:10:00",58865,
"2025-10-19 14:20:00",58982,
"2025-10-19 14:30:00",58939,
"2025-10-19 14:40:00",59272,
"2025-10-19 14:50:00",59927,
"2025-10-19 15:00:00",59874,59031
"2025-10-19 15:10:00",59955,
"2025-10-19 15:20:00",59072,
"2025-10-19 15:30:00",59609,
"2025-10-19 15:40:00",60707,
"2025-10-19 15:50:00",60793,
"2025-10-19 16:00:00",61354,58872
"2025-10-19 16:10:00",60482,
"2025-10-19 16:20:00",60985,
"2025-10-19 16:30:00",61120,
"2025-10-19 16:40:00",62965,
"2025-10-19 16:50:00",62515,
"2025-10-19 17:00:00",62293,58802
"2025-10-19 17:10:00",63168,
"2025-10-19 17:20:00",63636,
"2025-10-19 17:30:00",63652,
"2025-10-19 17:40:00",63471,
"2025-10-19 17:50:00",64135,
"2025-10-19 18:00:00",64123,58745
"2025-10-19 18:10:00",64161,
"2025-10-19 18:20:00",63693,
"2025-10-19 18:30:00",64244,
"2025-10-19 18:40:00",64987,
"2025-10-19 18:50:00",65264,
"2025-10-19 19:00:00",64860,58662
"2025-10-19 19:10:00",64111,
"2025-10-19 19:20:00",64433,
"2025-10-19 19:30:00",64306,
"2025-10-19 19:40:00",64230,
"2025-10-19 19:50:00",62812,
"2025-10-19 20:00:00",62730,58558
"2025-10-19 20:10:00",62751,
"2025-10-19 20:20:00",62508,
"2025-10-19 20:30:00",62318,
"2025-10-19 20:40:00",61962,
"2025-10-19 20:50:00",62044,
"2025-10-19 21:00:00",61764,57877
"2025-10-19 21:10:00",60702,
"2025-10-19 21:20:00",59862,
"2025-10-19 21:30:00",59723,
"2025-10-19 21:40:00",58463,
"2025-10-19 21:50:00",58050,
"2025-10-19 22:00:00",56438,57721
"2025-10-19 22:10:00",55021,
"2025-10-19 22:20:00",54834,
"2025-10-19 22:30:00",54737,
"2025-10-19 22:40:00",54583,
"2025-10-19 22:50:00",53895,
"2025-10-19 23:00:00",54154,57565
"2025-10-19 23:10:00",54141,
"2025-10-19 23:20:00",54110,
"2025-10-19 23:30:00",54107,
"2025-10-19 23:40:00",53893,
"2025-10-19 23:50:00",54307,
"2025-10-20 00:00:00",54262,57460
"2025-10-20 00:10:00",54294,
"2025-10-20 00:20:00",53841,
"2025-10-20 00:30:00",54087,
"2025-10-20 00:40:00",54963,
"2025-10-20 00:50:00",54891,
"2025-10-20 01:00:00",54671,57332
"2025-10-20 01:10:00",54004,
"2025-10-20 01:20:00",54206,
"2025-10-20 01:30:00",54256,
"2025-10-20 01:40:00",54086,
"2025-10-20 01:50:00",53124,
"2025-10-20 02:00:00",53274,57158
"2025-10-20 02:10:00",53580,
"2025-10-20 02:20:00",53918,
"2025-10-20 02:30:00",53521,
"2025-10-20 02:40:00",51367,
"2025-10-20 02:50:00",51360,
"2025-10-20 03:00:00",51186,56867
"2025-10-20 03:10:00",50842,
"2025-10-20 03:20:00",49849,
"2025-10-20 03:30:00",49761,
"2025-10-20 03:40:00",49677,
"2025-10-20 03:50:00",49402,
"2025-10-20 04:00:00",49075,56629
"2025-10-20 04:10:00",48292,
"2025-10-20 04:20:00",48654,
"2025-10-20 04:30:00",48625,
"2025-10-20 04:40:00",47714,
"2025-10-20 04:50:00",46923,
"2025-10-20 05:00:00",46875,56394
"2025-10-20 05:10:00",46389,
"2025-10-20 05:20:00",46048,
"2025-10-20 05:30:00",45872,
"2025-10-20 05:40:00",45116,
"2025-10-20 05:50:00",45147,
"2025-10-20 06:00:00",44049,56119
"2025-10-20 06:10:00",43915,
"2025-10-20 06:20:00",43148,
"2025-10-20 06:30:00",43400,
"2025-10-20 06:40:00",43578,
"2025-10-20 06:50:00",43408,
"2025-10-20 07:00:00",43416,55934
"2025-10-20 07:10:00",43184,
"2025-10-20 07:20:00",44039,
"2025-10-20 07:30:00",44076,
"2025-10-20 07:40:00",44945,
"2025-10-20 07:50:00",44921,
"2025-10-20 08:00:00",45867,55816
"2025-10-20 08:10:00",46477,
"2025-10-20 08:20:00",47097,
"2025-10-20 08:30:00",47351,
"2025-10-20 08:40:00",47384,
"2025-10-20 08:50:00",47975,
"2025-10-20 09:00:00",47956,55641
"2025-10-20 09:10:00",47958,
"2025-10-20 09:20:00",46990,
"2025-10-20 09:30:00",46954,
"2025-10-20 09:40:00",47466,
"2025-10-20 09:50:00",47416,
"2025-10-20 10:00:00",47337,55408
"2025-10-20 10:10:00",47136,
"2025-10-20 10:20:00",47607,
"2025-10-20 10:30:00",47856,
"2025-10-20 10:40:00",48172,
"2025-10-20 10:50:00",47754,
"2025-10-20 11:00:00",48538,55175
"2025-10-20 11:10:00",49036,
"2025-10-20 11:20:00",49291,
"2025-10-20 11:30:00",49350,
"2025-10-20 11:40:00",49544,
"2025-10-20 11:50:00",50202,
"2025-10-20 12:00:00",50788,54952
"2025-10-20 12:10:00",51444,
"2025-10-20 12:20:00",50794,
"2025-10-20 12:30:00",51061,
"2025-10-20 12:40:00",51827,
"2025-10-20 12:50:00",52167,
"2025-10-20 13:00:00",52409,54751
"2025-10-20 13:10:00",52687,
"2025-10-20 13:20:00",53311,
"2025-10-20 13:30:00",53709,
"2025-10-20 13:40:00",54076,
"2025-10-20 13:50:00",53637,
"2025-10-20 14:00:00",53030,54537
"2025-10-20 14:10:00",53599,
"2025-10-20 14:20:00",53657,
"2025-10-20 14:30:00",53834,
"2025-10-20 14:40:00",53971,
"2025-10-20 14:50:00",54717,
"2025-10-20 15:00:00",54790,54324
"2025-10-20 15:10:00",55081,
"2025-10-20 15:20:00",54500,
"2025-10-20 15:30:00",54480,
"2025-10-20 15:40:00",55351,
"2025-10-20 15:50:00",55625,
"2025-10-20 16:00:00",55699,54111
"2025-10-20 16:10:00",55387,
"2025-10-20 16:20:00",56121,
"2025-10-20 16:30:00",57064,
"2025-10-20 16:40:00",57831,
"2025-10-20 16:50:00",56940,
"2025-10-20 17:00:00",57957,53924
"2025-10-20 17:10:00",59288,
"2025-10-20 17:20:00",59519,
"2025-10-20 17:30:00",59715,
"2025-10-20 17:40:00",59488,
"2025-10-20 17:50:00",59675,
"2025-10-20 18:00:00",59938,53734
"2025-10-20 18:10:00",60126,
"2025-10-20 18:20:00",59709,
"2025-10-20 18:30:00",60090,
"2025-10-20 18:40:00",60764,
"2025-10-20 18:50:00",60855,
"2025-10-20 19:00:00",60889,53560
"2025-10-20 19:10:00",60142,
"2025-10-20 19:20:00",59708,
"2025-10-20 19:30:00",59469,
"2025-10-20 19:40:00",59000,
"2025-10-20 19:50:00",58214,
"2025-10-20 20:00:00",57441,53330
"2025-10-20 20:10:00",57171,
"2025-10-20 20:20:00",56663,
"2025-10-20 20:30:00",56392,
"2025-10-20 20:40:00",55687,
"2025-10-20 20:50:00",55577,
"2025-10-20 21:00:00",55247,53054
"2025-10-20 21:10:00",54331,
"2025-10-20 21:20:00",53517,
"2025-10-20 21:30:00",53632,
"2025-10-20 21:40:00",53745,
"2025-10-20 21:50:00",53491,
"2025-10-20 22:00:00",51952,52864
"2025-10-20 22:10:00",51364,
"2025-10-20 22:20:00",51501,
"2025-10-20 22:30:00",51563,
"2025-10-20 22:40:00",51737,
"2025-10-20 22:50:00",50988,
"2025-10-20 23:00:00",51412,52757
"2025-10-20 23:10:00",51613,
"2025-10-20 23:20:00",51703,
"2025-10-20 23:30:00",51679,
"2025-10-20 23:40:00",51402,
"2025-10-20 23:50:00",52077,